transaction_id,account_id,instrument_id,transaction_type,trade_date,quantity,price,amount,status
T0000001,A00001,I0008,BUY,2026-03-03,35.845,172.72,6191.15,SETTLED
T0000002,A00001,I0031,BUY,2025-10-17,43.153,1470.91,63474.18,SETTLED
T0000003,A00001,I0029,BUY,2026-02-05,49.197,205.19,10094.73,SETTLED
T0000004,A00001,I0011,BUY,2026-08-12,69.403,2324.08,161298.12,SETTLED
T0000005,A00001,I0047,BUY,2026-02-06,1.176,81.58,95.94,REVERSED
T0000006,A00001,I0055,BUY,2026-09-10,19.031,53.8,1023.87,SETTLED
T0000007,A00001,I0071,DIVIDEND,2025-11-04,0,0,3196.49,SETTLED
T0000008,A00001,I0040,FEE,2025-08-08,0,0,51.97,SETTLED
T0000009,A00001,I0037,BUY,2026-06-17,64.004,256.12,16392.7,SETTLED
T0000010,A00001,I0071,BUY,2025-05-13,51.041,863.9,44094.32,SETTLED
T0000011,A00001,I0078,DIVIDEND,2025-06-28,0,0,3669.76,SETTLED
T0000012,A00001,I0075,DIVIDEND,2025-03-01,0,0,1053.84,SETTLED
T0000013,A00001,I0015,BUY,2025-11-18,32.298,2855.47,92225.97,SETTLED
T0000014,A00001,I0064,SELL,2025-11-29,52.564,1032.15,54253.93,SETTLED
T0000015,A00001,I0077,SELL,2025-02-18,3.186,110.56,352.24,SETTLED
T0000016,A00001,I0059,BUY,2026-03-22,29.699,173.41,5150.1,SETTLED
T0000017,A00001,I0042,BUY,2025-10-09,13.685,285.04,3900.77,SETTLED
T0000018,A00001,I0057,BUY,2025-02-03,16.122,221.27,3567.31,SETTLED
T0000019,A00001,I0073,BUY,2026-07-19,22.361,129.23,2889.71,SETTLED
T0000020,A00001,I0024,SELL,2025-07-02,12.15,175.76,2135.48,SETTLED
T0000021,A00001,I0071,BUY,2026-02-12,20.809,726.47,15117.11,SETTLED
T0000022,A00001,I0077,BUY,2025-08-14,15.508,119.73,1856.77,SETTLED
T0000023,A00001,I0030,FEE,2025-04-17,0,0,402.89,SETTLED
T0000024,A00001,I0005,SELL,2026-04-10,70.162,380.89,26724.0,SETTLED
T0000025,A00001,I0016,FEE,2026-05-26,0,0,374.81,SETTLED
T0000026,A00001,I0037,SELL,2025-10-18,59.148,282.12,16686.83,SETTLED
T0000027,A00001,I0037,BUY,2025-07-24,62.282,296.9,18491.53,SETTLED
T0000028,A00001,I0043,BUY,2025-12-28,64.963,40.86,2654.39,SETTLED
T0000029,A00001,I0080,BUY,2026-07-27,14.601,85.64,1250.43,SETTLED
T0000030,A00001,I0030,SELL,2026-05-25,45.828,1445.24,66232.46,SETTLED
T0000031,A00001,I0020,DIVIDEND,2025-01-28,0,0,2299.36,SETTLED
T0000032,A00001,I0043,SELL,2026-01-17,40.796,26.72,1090.07,SETTLED
T0000033,A00001,I0035,BUY,2025-09-21,71.684,751.67,53882.71,SETTLED
T0000034,A00001,I0012,BUY,2025-06-17,41.173,605.1,24913.78,SETTLED
T0000035,A00001,I0050,SELL,2025-03-15,12.03,87.89,1057.32,SETTLED
T0000036,A00001,I0047,BUY,2025-02-12,27.225,87.84,2391.44,SETTLED
T0000037,A00001,I0036,FEE,2026-07-25,0,0,484.69,SETTLED
T0000038,A00001,I0078,DIVIDEND,2026-03-28,0,0,3237.12,SETTLED
T0000039,A00001,I0008,DIVIDEND,2026-06-23,0,0,4097.97,SETTLED
T0000040,A00001,I0059,BUY,2025-12-16,11.031,120.61,1330.45,SETTLED
T0000041,A00002,I0006,SELL,2025-06-28,8.626,1642.39,14167.26,SETTLED
T0000042,A00002,I0021,DIVIDEND,2026-05-27,0,0,2899.85,SETTLED
T0000043,A00002,I0022,BUY,2025-02-05,12.609,193.63,2441.48,SETTLED
T0000044,A00002,I0074,BUY,2025-08-10,33.845,100.03,3385.52,SETTLED
T0000045,A00002,I0013,SELL,2025-04-17,52.127,2263.19,117973.31,SETTLED
T0000046,A00002,I0025,SELL,2025-06-07,11.279,833.72,9403.53,SETTLED
T0000047,A00002,I0063,SELL,2025-10-09,8.01,934.22,7483.1,SETTLED
T0000048,A00002,I0022,BUY,2025-01-15,21.009,187.92,3948.01,SETTLED
T0000049,A00002,I0011,SELL,2026-05-19,17.45,1471.81,25683.08,SETTLED
T0000050,A00002,I0032,DIVIDEND,2026-07-16,0,0,3184.58,SETTLED
T0000051,A00002,I0041,BUY,2025-04-25,57.117,533.6,30477.63,SETTLED
T0000052,A00002,I0051,BUY,2025-07-05,12.576,134.21,1687.82,SETTLED
T0000053,A00002,I0058,BUY,2025-10-28,10.698,16.3,174.38,SETTLED
T0000054,A00002,I0051,SELL,2025-03-08,70.841,122.85,8702.82,SETTLED
T0000055,A00002,I0062,BUY,2025-12-08,44.111,1038.95,45829.12,SETTLED
T0000056,A00003,I0068,BUY,2025-06-05,55.388,1250.43,69258.82,SETTLED
T0000057,A00003,I0057,DIVIDEND,2025-04-27,0,0,1797.14,SETTLED
T0000058,A00003,I0029,DIVIDEND,2026-07-26,0,0,3808.31,SETTLED
T0000059,A00003,I0009,SELL,2025-07-21,36.622,836.26,30625.51,SETTLED
T0000060,A00003,I0002,FEE,2026-02-23,0,0,451.56,SETTLED
T0000061,A00003,I0015,FEE,2025-05-23,0,0,20.15,SETTLED
T0000062,A00003,I0004,BUY,2025-11-05,26.487,1302.14,34489.78,SETTLED
T0000063,A00003,I0079,BUY,2026-05-29,56.847,104.31,5929.71,SETTLED
T0000064,A00003,I0010,SELL,2025-05-28,58.905,1758.39,103577.96,SETTLED
T0000065,A00003,I0042,SELL,2025-07-19,30.29,170.19,5155.06,SETTLED
T0000066,A00003,I0037,DIVIDEND,2026-08-07,0,0,3398.83,SETTLED
T0000067,A00003,I0069,BUY,2025-01-31,27.753,769.52,21356.49,SETTLED
T0000068,A00003,I0005,BUY,2025-05-10,1.809,443.33,801.98,SETTLED
T0000069,A00003,I0039,BUY,2026-01-24,34.835,78.32,2728.28,SETTLED
T0000070,A00003,I0047,BUY,2025-02-02,21.202,89.91,1906.27,SETTLED
T0000071,A00003,I0067,FEE,2025-12-08,0,0,149.62,REVERSED
T0000072,A00003,I0078,SELL,2026-03-07,46.539,130.94,6093.82,SETTLED
T0000073,A00003,I0027,BUY,2025-12-19,35.618,1414.29,50374.18,SETTLED
T0000074,A00003,I0032,BUY,2026-05-26,44.59,1988.17,88652.5,SETTLED
T0000075,A00003,I0012,BUY,2026-06-09,33.331,638.17,21270.84,SETTLED
T0000076,A00003,I0051,BUY,2025-07-20,59.12,156.6,9258.19,SETTLED
T0000077,A00003,I0061,BUY,2025-05-13,40.188,1014.49,40770.32,SETTLED
T0000078,A00004,I0010,BUY,2025-01-17,64.813,1431.65,92789.53,SETTLED
T0000079,A00004,I0049,DIVIDEND,2025-05-21,0,0,1432.17,SETTLED
T0000080,A00004,I0064,BUY,2025-09-11,32.431,1053.8,34175.79,PENDING
T0000081,A00004,I0010,BUY,2025-01-21,70.744,1858.39,131469.94,SETTLED
T0000082,A00004,I0039,SELL,2025-03-11,69.862,84.84,5927.09,SETTLED
T0000083,A00004,I0040,BUY,2026-03-15,43.735,646.2,28261.56,REVERSED
T0000084,A00004,I0061,BUY,2025-05-30,11.369,814.25,9257.21,REVERSED
T0000085,A00004,I0061,BUY,2026-01-17,61.016,1272.37,77634.93,REVERSED
T0000086,A00004,I0044,SELL,2026-01-17,9.779,59.71,583.9,SETTLED
T0000087,A00004,I0016,BUY,2025-03-08,2.064,1622.6,3349.05,SETTLED
T0000088,A00004,I0046,FEE,2025-07-17,0,0,191.26,SETTLED
T0000089,A00004,I0022,SELL,2026-09-02,73.107,321.19,23481.24,SETTLED
T0000090,A00004,I0025,BUY,2025-10-26,72.733,650.48,47311.36,SETTLED
T0000091,A00004,I0036,SELL,2025-12-18,55.954,308.38,17255.09,SETTLED
T0000092,A00004,I0014,SELL,2026-06-27,41.498,2348.14,97443.11,SETTLED
T0000093,A00004,I0073,SELL,2026-09-17,2.361,196.33,463.54,SETTLED
T0000094,A00004,I0066,DIVIDEND,2025-12-09,0,0,891.23,SETTLED
T0000095,A00004,I0027,BUY,2026-02-07,6.404,1196.01,7659.25,SETTLED
T0000096,A00004,I0059,DIVIDEND,2025-01-24,0,0,3957.48,SETTLED
T0000097,A00004,I0066,SELL,2025-04-13,4.341,1139.96,4948.57,SETTLED
T0000098,A00005,I0075,BUY,2025-07-08,4.099,257.44,1055.25,SETTLED
T0000099,A00005,I0069,BUY,2025-01-31,5.441,876.26,4767.73,SETTLED
T0000100,A00005,I0007,FEE,2025-05-30,0,0,115.43,SETTLED
T0000101,A00005,I0069,FEE,2025-07-24,0,0,463.29,SETTLED
T0000102,A00005,I0015,BUY,2026-05-31,74.394,2468.86,183668.37,SETTLED
T0000103,A00005,I0005,DIVIDEND,2026-04-15,0,0,3536.7,SETTLED
T0000104,A00005,I0064,BUY,2025-04-22,42.024,1069.35,44938.36,SETTLED
T0000105,A00005,I0012,DIVIDEND,2025-01-27,0,0,940.04,SETTLED
T0000106,A00005,I0012,SELL,2025-10-31,24.05,646.2,15541.11,SETTLED
T0000107,A00005,I0046,BUY,2025-04-21,39.479,121.42,4793.54,SETTLED
T0000108,A00005,I0061,SELL,2026-05-23,53.864,1159.15,62436.46,SETTLED
T0000109,A00005,I0037,BUY,2025-04-06,30.012,172.32,5171.67,SETTLED
T0000110,A00005,I0038,FEE,2026-07-27,0,0,484.49,SETTLED
T0000111,A00005,I0015,BUY,2026-07-15,74.04,2003.55,148342.84,SETTLED
T0000112,A00005,I0071,BUY,2025-08-07,66.148,1010.28,66828.0,SETTLED
T0000113,A00005,I0044,SELL,2025-09-21,61.981,34.65,2147.64,SETTLED
T0000114,A00005,I0062,SELL,2025-01-03,34.212,823.32,28167.42,SETTLED
T0000115,A00005,I0050,FEE,2025-10-20,0,0,178.99,SETTLED
T0000116,A00005,I0029,FEE,2025-09-28,0,0,240.23,SETTLED
T0000117,A00005,I0040,DIVIDEND,2025-02-18,0,0,310.55,SETTLED
T0000118,A00005,I0005,BUY,2026-08-09,57.512,605.2,34806.26,SETTLED
T0000119,A00005,I0010,BUY,2026-08-04,12.758,1831.98,23372.4,SETTLED
T0000120,A00005,I0066,BUY,2026-02-17,5.628,1254.04,7057.74,SETTLED
T0000121,A00005,I0004,BUY,2026-07-31,27.565,1210.11,33356.68,SETTLED
T0000122,A00005,I0008,BUY,2025-02-22,68.688,103.28,7094.1,SETTLED
T0000123,A00005,I0026,FEE,2025-04-28,0,0,54.64,SETTLED
T0000124,A00005,I0036,BUY,2025-05-17,31.657,368.82,11675.73,SETTLED
T0000125,A00005,I0043,BUY,2026-01-03,62.712,34.34,2153.53,SETTLED
T0000126,A00005,I0013,BUY,2026-07-24,16.001,2142.46,34281.5,SETTLED
T0000127,A00005,I0036,SELL,2025-06-21,50.178,418.08,20978.42,SETTLED
T0000128,A00005,I0002,DIVIDEND,2025-02-09,0,0,507.11,SETTLED
T0000129,A00005,I0065,DIVIDEND,2025-10-05,0,0,3043.43,SETTLED
T0000130,A00005,I0043,BUY,2025-12-22,44.397,34.96,1552.12,SETTLED
T0000131,A00006,I0059,FEE,2026-07-05,0,0,218.97,SETTLED
T0000132,A00006,I0047,SELL,2026-01-31,66.898,76.53,5119.7,SETTLED
T0000133,A00006,I0017,BUY,2025-12-04,71.113,2448.5,174120.18,SETTLED
T0000134,A00006,I0019,BUY,2025-10-01,3.202,2167.51,6940.37,SETTLED
T0000135,A00006,I0012,FEE,2025-01-22,0,0,128.15,SETTLED
T0000136,A00006,I0006,BUY,2026-09-14,28.362,1234.87,35023.38,SETTLED
T0000137,A00006,I0007,BUY,2025-11-12,57.331,428.09,24542.83,SETTLED
T0000138,A00006,I0077,FEE,2026-09-09,0,0,488.28,SETTLED
T0000139,A00006,I0019,BUY,2026-08-12,18.441,1924.48,35489.34,SETTLED
T0000140,A00006,I0068,SELL,2026-06-02,27.307,1382.05,37739.64,SETTLED
T0000141,A00006,I0077,BUY,2025-05-12,31.462,69.19,2176.86,SETTLED
T0000142,A00006,I0055,DIVIDEND,2026-01-23,0,0,3390.98,SETTLED
T0000143,A00006,I0001,BUY,2025-01-04,69.642,1045.85,72835.09,SETTLED
T0000144,A00006,I0026,SELL,2026-04-19,28.86,82.5,2380.95,SETTLED
T0000145,A00006,I0057,DIVIDEND,2025-05-15,0,0,1296.24,SETTLED
T0000146,A00006,I0065,SELL,2025-08-26,35.009,1119.02,39175.77,SETTLED
T0000147,A00006,I0045,BUY,2026-08-09,34.643,71.37,2472.47,SETTLED
T0000148,A00006,I0016,DIVIDEND,2026-02-28,0,0,1918.5,SETTLED
T0000149,A00006,I0023,BUY,2025-09-05,5.35,594.35,3179.77,SETTLED
T0000150,A00006,I0012,BUY,2026-05-15,59.428,604.06,35898.08,SETTLED
T0000151,A00006,I0026,SELL,2025-03-20,1.343,69.4,93.2,SETTLED
T0000152,A00006,I0025,BUY,2025-04-06,25.546,759.0,19389.41,SETTLED
T0000153,A00006,I0008,FEE,2025-11-06,0,0,279.77,SETTLED
T0000154,A00006,I0041,BUY,2025-09-18,73.798,473.41,34936.71,SETTLED
T0000155,A00006,I0053,SELL,2025-02-01,54.161,14.78,800.5,SETTLED
T0000156,A00006,I0015,BUY,2025-07-04,31.305,1993.06,62392.74,REVERSED
T0000157,A00006,I0001,DIVIDEND,2026-06-10,0,0,2972.01,SETTLED
T0000158,A00006,I0053,BUY,2026-07-12,68.269,10.63,725.7,SETTLED
T0000159,A00006,I0070,FEE,2025-12-30,0,0,284.09,SETTLED
T0000160,A00006,I0065,BUY,2026-05-04,62.429,954.27,59574.12,SETTLED
T0000161,A00006,I0052,SELL,2026-09-02,62.889,162.41,10213.8,SETTLED
T0000162,A00006,I0072,BUY,2026-08-21,30.816,622.54,19184.19,SETTLED
T0000163,A00006,I0012,BUY,2025-03-12,18.206,934.45,17012.6,SETTLED
T0000164,A00006,I0004,SELL,2026-08-15,65.158,1192.33,77689.84,SETTLED
T0000165,A00006,I0042,BUY,2025-02-10,37.097,195.09,7237.25,SETTLED
T0000166,A00007,I0064,SELL,2025-01-29,3.077,1098.71,3380.73,SETTLED
T0000167,A00007,I0043,SELL,2026-04-21,73.486,33.91,2491.91,SETTLED
T0000168,A00007,I0079,SELL,2026-09-08,46.159,116.34,5370.14,SETTLED
T0000169,A00007,I0044,BUY,2025-11-16,66.202,55.44,3670.24,SETTLED
T0000170,A00007,I0078,BUY,2025-09-20,62.08,84.96,5274.32,SETTLED
T0000171,A00007,I0070,BUY,2026-09-09,66.629,951.01,63364.85,SETTLED
T0000172,A00007,I0062,SELL,2026-08-23,74.251,1141.76,84776.82,SETTLED
T0000173,A00007,I0024,BUY,2025-09-09,38.301,171.17,6555.98,SETTLED
T0000174,A00007,I0036,BUY,2025-11-20,68.019,538.87,36653.4,SETTLED
T0000175,A00007,I0079,BUY,2025-08-15,66.024,84.22,5560.54,SETTLED
T0000176,A00007,I0062,SELL,2025-01-01,66.439,762.38,50651.76,SETTLED
T0000177,A00007,I0026,SELL,2025-11-19,35.235,126.34,4451.59,SETTLED
T0000178,A00007,I0075,SELL,2025-02-22,33.051,265.06,8760.5,SETTLED
T0000179,A00007,I0024,BUY,2026-09-07,48.955,258.07,12633.82,SETTLED
T0000180,A00007,I0001,SELL,2026-07-20,32.88,659.21,21674.82,SETTLED
T0000181,A00007,I0076,SELL,2026-01-01,26.183,356.23,9327.17,SETTLED
T0000182,A00007,I0026,FEE,2026-03-02,0,0,64.54,SETTLED
T0000183,A00007,I0022,DIVIDEND,2026-03-24,0,0,2416.97,SETTLED
T0000184,A00007,I0058,SELL,2025-01-06,28.118,18.88,530.87,SETTLED
T0000185,A00008,I0060,BUY,2026-03-18,44.961,93.89,4221.39,SETTLED
T0000186,A00008,I0015,BUY,2025-02-02,58.889,2783.41,163912.23,PENDING
T0000187,A00008,I0003,BUY,2025-02-20,61.668,167.93,10355.91,SETTLED
T0000188,A00008,I0054,DIVIDEND,2026-02-08,0,0,2730.56,SETTLED
T0000189,A00008,I0044,FEE,2026-03-12,0,0,320.86,SETTLED
T0000190,A00008,I0047,SELL,2025-08-28,31.917,91.67,2925.83,SETTLED
T0000191,A00008,I0033,DIVIDEND,2026-03-13,0,0,977.04,SETTLED
T0000192,A00008,I0029,FEE,2025-05-16,0,0,335.39,SETTLED
T0000193,A00008,I0036,FEE,2026-05-28,0,0,356.57,SETTLED
T0000194,A00008,I0058,BUY,2025-03-15,39.644,23.75,941.54,SETTLED
T0000195,A00008,I0053,BUY,2025-05-26,62.769,14.09,884.42,SETTLED
T0000196,A00008,I0015,BUY,2025-11-08,69.406,2658.72,184531.12,SETTLED
T0000197,A00008,I0014,SELL,2025-03-16,49.276,2885.48,142184.91,SETTLED
T0000198,A00008,I0037,SELL,2026-03-16,73.087,307.4,22466.94,SETTLED
T0000199,A00008,I0052,SELL,2026-01-21,22.204,154.92,3439.84,SETTLED
T0000200,A00008,I0033,BUY,2025-03-26,69.889,292.41,20436.24,PENDING
T0000201,A00008,I0005,BUY,2025-06-05,1.296,415.47,538.45,SETTLED
T0000202,A00008,I0071,BUY,2026-09-09,1.862,729.18,1357.73,SETTLED
T0000203,A00008,I0057,SELL,2025-06-14,65.451,118.24,7738.93,SETTLED
T0000204,A00008,I0018,SELL,2025-12-27,41.218,1438.51,59292.51,SETTLED
T0000205,A00008,I0032,BUY,2025-06-24,19.422,1866.81,36257.18,SETTLED
T0000206,A00008,I0036,BUY,2026-04-12,73.003,534.31,39006.23,SETTLED
T0000207,A00008,I0032,BUY,2025-07-17,43.558,2546.18,110906.51,SETTLED
T0000208,A00008,I0021,SELL,2025-06-26,26.775,233.05,6239.91,SETTLED
T0000209,A00008,I0051,BUY,2026-04-08,36.977,133.34,4930.51,SETTLED
T0000210,A00008,I0063,BUY,2026-02-26,46.268,997.51,46152.79,SETTLED
T0000211,A00008,I0030,BUY,2026-09-01,71.792,2208.49,158551.91,SETTLED
T0000212,A00008,I0003,FEE,2026-02-17,0,0,168.89,SETTLED
T0000213,A00008,I0066,DIVIDEND,2026-02-27,0,0,1429.69,SETTLED
T0000214,A00009,I0041,BUY,2025-09-20,56.102,412.06,23117.39,SETTLED
T0000215,A00009,I0013,BUY,2025-10-17,47.161,2065.38,97405.39,SETTLED
T0000216,A00009,I0002,SELL,2025-11-09,48.217,1795.47,86572.18,SETTLED
T0000217,A00009,I0014,BUY,2025-04-21,28.4,1803.21,51211.16,SETTLED
T0000218,A00009,I0033,BUY,2025-12-23,58.558,203.69,11927.68,SETTLED
T0000219,A00009,I0041,BUY,2026-05-31,41.628,584.47,24330.32,SETTLED
T0000220,A00009,I0021,BUY,2025-02-20,73.91,209.42,15478.23,SETTLED
T0000221,A00009,I0025,BUY,2026-03-18,43.349,576.18,24976.83,SETTLED
T0000222,A00009,I0026,BUY,2025-03-24,45.274,126.42,5723.54,SETTLED
T0000223,A00009,I0046,BUY,2025-09-22,40.084,121.97,4889.05,SETTLED
T0000224,A00009,I0068,BUY,2025-10-31,39.771,896.15,35640.78,SETTLED
T0000225,A00009,I0029,SELL,2026-01-24,45.098,215.15,9702.83,SETTLED
T0000226,A00009,I0058,BUY,2026-05-31,12.082,18.15,219.29,SETTLED
T0000227,A00009,I0066,BUY,2025-08-18,64.515,979.41,63186.64,SETTLED
T0000228,A00009,I0019,BUY,2025-01-26,61.811,1635.19,101072.73,SETTLED
T0000229,A00009,I0079,SELL,2025-10-05,5.165,113.22,584.78,SETTLED
T0000230,A00009,I0058,BUY,2026-02-07,29.741,22.98,683.45,SETTLED
T0000231,A00009,I0039,DIVIDEND,2026-04-22,0,0,1041.93,SETTLED
T0000232,A00010,I0024,SELL,2025-04-16,41.692,270.46,11276.02,SETTLED
T0000233,A00010,I0007,BUY,2025-03-17,26.627,339.48,9039.33,SETTLED
T0000234,A00010,I0071,FEE,2025-02-11,0,0,347.2,SETTLED
T0000235,A00010,I0033,BUY,2025-06-16,11.696,271.3,3173.12,SETTLED
T0000236,A00010,I0031,SELL,2025-10-30,36.826,1505.66,55447.44,SETTLED
T0000237,A00010,I0063,DIVIDEND,2026-06-11,0,0,127.76,SETTLED
T0000238,A00010,I0061,DIVIDEND,2026-07-08,0,0,2937.43,SETTLED
T0000239,A00010,I0006,SELL,2026-01-10,17.046,1197.71,20416.16,SETTLED
T0000240,A00010,I0021,BUY,2026-01-09,13.357,276.13,3688.27,SETTLED
T0000241,A00010,I0070,SELL,2025-12-30,63.311,786.54,49796.63,SETTLED
T0000242,A00010,I0051,BUY,2026-08-11,70.168,148.59,10426.26,SETTLED
T0000243,A00010,I0048,DIVIDEND,2026-06-07,0,0,1789.63,SETTLED
T0000244,A00010,I0044,BUY,2026-03-17,58.144,40.37,2347.27,SETTLED
T0000245,A00010,I0037,SELL,2026-04-19,40.225,288.21,11593.25,SETTLED
T0000246,A00010,I0022,BUY,2025-08-15,74.569,186.18,13883.26,SETTLED
T0000247,A00010,I0004,SELL,2025-05-04,10.844,1273.2,13806.58,SETTLED
T0000248,A00010,I0026,BUY,2025-10-05,7.659,95.84,734.04,SETTLED
T0000249,A00010,I0016,DIVIDEND,2025-03-16,0,0,4310.82,SETTLED
T0000250,A00010,I0067,SELL,2025-07-05,21.363,1005.47,21479.86,SETTLED
T0000251,A00010,I0014,FEE,2025-08-04,0,0,26.14,PENDING
T0000252,A00010,I0042,BUY,2025-03-27,57.974,197.72,11462.62,SETTLED
T0000253,A00010,I0034,SELL,2025-05-25,70.785,108.76,7698.58,SETTLED
T0000254,A00010,I0051,SELL,2025-09-21,63.875,89.19,5697.01,SETTLED
T0000255,A00010,I0050,SELL,2025-11-22,46.067,98.71,4547.27,SETTLED
T0000256,A00010,I0036,SELL,2025-08-22,32.458,332.21,10782.87,SETTLED
T0000257,A00010,I0059,SELL,2025-10-07,54.791,116.74,6396.3,SETTLED
T0000258,A00010,I0050,SELL,2026-02-03,58.697,95.96,5632.56,SETTLED
T0000259,A00010,I0026,BUY,2025-01-08,6.752,97.75,660.01,SETTLED
T0000260,A00010,I0028,FEE,2026-03-18,0,0,102.16,SETTLED
T0000261,A00010,I0073,BUY,2025-10-02,13.932,185.31,2581.74,SETTLED
T0000262,A00010,I0073,SELL,2026-02-19,59.615,125.29,7469.16,SETTLED
T0000263,A00010,I0002,BUY,2025-06-08,27.527,2015.82,55489.48,SETTLED
T0000264,A00010,I0063,SELL,2026-03-24,43.13,817.12,35242.39,SETTLED
T0000265,A00010,I0042,SELL,2026-01-21,68.699,216.4,14866.46,SETTLED
T0000266,A00010,I0047,FEE,2025-05-02,0,0,196.87,SETTLED
T0000267,A00010,I0056,BUY,2025-01-02,21.115,93.73,1979.11,SETTLED
T0000268,A00011,I0003,SELL,2025-04-03,74.816,124.65,9325.81,SETTLED
T0000269,A00011,I0027,SELL,2025-11-24,60.646,1367.31,82921.88,SETTLED
T0000270,A00011,I0078,BUY,2026-01-24,13.413,112.45,1508.29,SETTLED
T0000271,A00011,I0042,SELL,2026-07-15,44.362,298.57,13245.16,SETTLED
T0000272,A00011,I0038,BUY,2025-10-22,41.098,163.16,6705.55,SETTLED
T0000273,A00011,I0070,SELL,2025-02-21,7.359,891.66,6561.73,SETTLED
T0000274,A00011,I0052,SELL,2026-05-25,50.679,157.29,7971.3,SETTLED
T0000275,A00011,I0050,DIVIDEND,2025-12-27,0,0,2943.55,SETTLED
T0000276,A00011,I0025,BUY,2026-02-14,68.693,964.23,66235.85,SETTLED
T0000277,A00011,I0004,SELL,2026-02-15,69.223,1020.03,70609.54,SETTLED
T0000278,A00011,I0017,SELL,2026-03-22,24.676,2299.52,56742.96,SETTLED
T0000279,A00011,I0066,BUY,2026-05-15,62.166,1086.91,67568.85,SETTLED
T0000280,A00011,I0072,SELL,2026-06-16,69.389,636.16,44142.51,SETTLED
T0000281,A00011,I0075,SELL,2026-02-09,64.418,196.36,12649.12,SETTLED
T0000282,A00011,I0008,BUY,2025-02-07,66.004,130.91,8640.58,SETTLED
T0000283,A00011,I0057,BUY,2026-03-28,51.323,134.97,6927.07,SETTLED
T0000284,A00011,I0026,BUY,2025-07-25,27.516,67.41,1854.85,SETTLED
T0000285,A00011,I0036,BUY,2026-04-25,73.636,551.16,40585.22,SETTLED
T0000286,A00011,I0033,SELL,2025-05-20,58.754,308.68,18136.18,REVERSED
T0000287,A00011,I0035,BUY,2025-04-29,4.006,644.88,2583.39,SETTLED
T0000288,A00011,I0049,BUY,2025-07-13,41.285,17.97,741.89,SETTLED
T0000289,A00011,I0079,BUY,2026-07-31,56.681,105.55,5982.68,SETTLED
T0000290,A00011,I0008,DIVIDEND,2025-01-10,0,0,739.93,SETTLED
T0000291,A00011,I0070,DIVIDEND,2026-01-28,0,0,851.24,SETTLED
T0000292,A00011,I0035,BUY,2025-10-11,30.571,575.94,17607.06,SETTLED
T0000293,A00011,I0003,BUY,2025-01-29,33.142,96.29,3191.24,SETTLED
T0000294,A00012,I0039,BUY,2026-08-22,31.07,60.94,1893.41,SETTLED
T0000295,A00012,I0035,BUY,2025-11-30,68.972,739.33,50993.07,SETTLED
T0000296,A00012,I0058,SELL,2025-03-28,38.367,19.86,761.97,SETTLED
T0000297,A00012,I0047,BUY,2025-07-30,12.271,60.2,738.71,SETTLED
T0000298,A00012,I0051,SELL,2026-03-25,55.738,158.52,8835.59,SETTLED
T0000299,A00012,I0077,BUY,2025-08-20,13.356,75.29,1005.57,SETTLED
T0000300,A00012,I0057,BUY,2025-09-13,61.317,218.09,13372.62,SETTLED
T0000301,A00012,I0054,BUY,2025-11-08,23.073,77.3,1783.54,SETTLED
T0000302,A00012,I0065,BUY,2026-04-09,22.995,1024.22,23551.94,SETTLED
T0000303,A00012,I0001,SELL,2025-10-13,71.127,961.23,68369.41,SETTLED
T0000304,A00012,I0011,SELL,2025-09-24,40.1,2589.14,103824.51,SETTLED
T0000305,A00012,I0019,BUY,2026-02-15,34.844,2022.89,70485.58,SETTLED
T0000306,A00012,I0001,SELL,2025-07-20,23.964,728.56,17459.21,SETTLED
T0000307,A00012,I0037,BUY,2026-02-20,11.243,224.79,2527.31,SETTLED
T0000308,A00012,I0002,BUY,2026-08-08,4.686,2701.26,12658.1,SETTLED
T0000309,A00012,I0071,SELL,2025-05-12,49.857,754.21,37602.65,SETTLED
T0000310,A00012,I0025,BUY,2025-01-08,56.523,728.46,41174.74,SETTLED
T0000311,A00012,I0048,BUY,2025-06-13,69.623,148.62,10347.37,SETTLED
T0000312,A00012,I0022,DIVIDEND,2025-02-18,0,0,241.33,SETTLED
T0000313,A00012,I0060,SELL,2025-11-17,18.214,64.91,1182.27,REVERSED
T0000314,A00013,I0023,BUY,2025-09-09,2.453,428.34,1050.72,SETTLED
T0000315,A00013,I0059,BUY,2026-04-21,42.108,206.15,8680.56,SETTLED
T0000316,A00013,I0001,BUY,2025-08-15,29.296,1225.89,35913.67,SETTLED
T0000317,A00013,I0065,BUY,2025-03-16,2.336,1267.66,2961.25,SETTLED
T0000318,A00013,I0073,BUY,2026-02-12,6.762,121.9,824.29,SETTLED
T0000319,A00013,I0040,DIVIDEND,2026-07-08,0,0,3295.12,SETTLED
T0000320,A00013,I0061,SELL,2025-02-12,47.99,1235.77,59304.6,SETTLED
T0000321,A00013,I0002,BUY,2025-01-16,71.362,1930.9,137792.89,SETTLED
T0000322,A00013,I0019,BUY,2025-06-27,68.655,1720.96,118152.51,SETTLED
T0000323,A00013,I0030,BUY,2025-04-06,27.682,1377.49,38131.68,SETTLED
T0000324,A00013,I0047,SELL,2026-03-14,42.489,54.14,2300.35,SETTLED
T0000325,A00013,I0036,SELL,2026-01-01,37.204,347.81,12939.92,SETTLED
T0000326,A00013,I0050,BUY,2025-05-15,60.622,66.51,4031.97,SETTLED
T0000327,A00013,I0021,SELL,2026-01-06,74.088,193.98,14371.59,SETTLED
T0000328,A00013,I0069,BUY,2026-04-07,70.703,1061.7,75065.38,SETTLED
T0000329,A00013,I0051,SELL,2025-03-24,44.163,120.71,5330.92,SETTLED
T0000330,A00013,I0006,DIVIDEND,2025-06-15,0,0,4027.32,SETTLED
T0000331,A00013,I0059,BUY,2026-08-17,31.481,155.8,4904.74,SETTLED
T0000332,A00013,I0006,BUY,2025-01-22,70.29,936.79,65846.97,SETTLED
T0000333,A00013,I0052,BUY,2025-01-07,16.615,111.57,1853.74,REVERSED
T0000334,A00013,I0060,BUY,2025-04-04,71.175,104.05,7405.76,SETTLED
T0000335,A00013,I0062,BUY,2025-01-12,31.556,1110.73,35050.2,SETTLED
T0000336,A00013,I0025,BUY,2025-02-26,74.977,858.18,64343.76,SETTLED
T0000337,A00013,I0050,BUY,2025-07-08,22.164,94.63,2097.38,SETTLED
T0000338,A00013,I0058,BUY,2025-10-01,63.882,14.88,950.56,SETTLED
T0000339,A00013,I0038,FEE,2025-01-18,0,0,274.79,SETTLED
T0000340,A00013,I0053,SELL,2025-02-09,24.661,14.79,364.74,SETTLED
T0000341,A00013,I0027,SELL,2025-09-17,30.539,1326.21,40501.13,SETTLED
T0000342,A00013,I0042,BUY,2025-01-25,11.794,232.31,2739.86,SETTLED
T0000343,A00013,I0077,BUY,2025-08-19,21.833,90.23,1969.99,SETTLED
T0000344,A00013,I0067,BUY,2026-02-23,61.582,716.72,44137.05,SETTLED
T0000345,A00013,I0077,BUY,2025-01-05,35.391,68.99,2441.63,SETTLED
T0000346,A00013,I0025,SELL,2025-05-21,12.722,681.78,8673.61,SETTLED
T0000347,A00013,I0038,SELL,2025-12-09,33.965,182.46,6197.25,SETTLED
T0000348,A00013,I0066,BUY,2025-07-06,4.984,920.79,4589.22,SETTLED
T0000349,A00013,I0030,BUY,2026-04-13,41.872,1762.33,73792.28,SETTLED
T0000350,A00013,I0065,FEE,2025-02-03,0,0,484.4,SETTLED
T0000351,A00013,I0071,BUY,2025-07-31,41.948,1002.25,42042.38,SETTLED
T0000352,A00013,I0021,SELL,2025-11-15,59.148,239.43,14161.81,SETTLED
T0000353,A00013,I0045,SELL,2026-05-18,55.676,59.99,3340.0,SETTLED
T0000354,A00014,I0032,SELL,2026-02-13,23.37,2287.97,53469.86,SETTLED
T0000355,A00014,I0054,SELL,2026-06-30,19.966,59.47,1187.38,SETTLED
T0000356,A00014,I0032,BUY,2025-12-11,7.022,1951.92,13706.38,SETTLED
T0000357,A00014,I0060,BUY,2025-04-29,35.396,69.93,2475.24,SETTLED
T0000358,A00014,I0047,BUY,2025-09-01,44.086,57.21,2522.16,SETTLED
T0000359,A00014,I0034,BUY,2026-07-15,74.3,97.33,7231.62,SETTLED
T0000360,A00014,I0002,FEE,2025-10-08,0,0,417.4,SETTLED
T0000361,A00014,I0022,SELL,2026-03-28,22.857,312.3,7138.24,SETTLED
T0000362,A00014,I0035,BUY,2026-08-12,13.762,701.26,9650.74,SETTLED
T0000363,A00014,I0007,BUY,2026-03-05,2.377,401.04,953.27,SETTLED
T0000364,A00014,I0053,SELL,2026-08-25,27.701,15.17,420.22,SETTLED
T0000365,A00014,I0063,DIVIDEND,2025-12-08,0,0,1610.14,SETTLED
T0000366,A00014,I0044,SELL,2025-01-06,53.044,46.29,2455.41,SETTLED
T0000367,A00014,I0041,SELL,2025-11-20,53.85,441.17,23757.0,SETTLED
T0000368,A00014,I0033,BUY,2026-05-23,62.633,240.29,15050.08,SETTLED
T0000369,A00014,I0074,SELL,2025-03-19,69.595,111.46,7757.06,SETTLED
T0000370,A00014,I0074,FEE,2025-03-06,0,0,481.46,SETTLED
T0000371,A00014,I0069,SELL,2025-08-20,54.201,679.22,36814.4,SETTLED
T0000372,A00014,I0011,FEE,2025-12-26,0,0,184.4,SETTLED
T0000373,A00014,I0038,BUY,2026-02-18,27.878,214.47,5978.99,SETTLED
T0000374,A00014,I0044,BUY,2026-04-12,28.061,37.34,1047.8,SETTLED
T0000375,A00014,I0039,BUY,2025-01-14,42.8,65.69,2811.53,SETTLED
T0000376,A00014,I0035,FEE,2025-10-23,0,0,258.46,PENDING
T0000377,A00014,I0020,SELL,2025-08-04,39.344,764.87,30093.05,SETTLED
T0000378,A00014,I0046,BUY,2025-10-31,48.437,106.01,5134.81,SETTLED
T0000379,A00014,I0066,SELL,2025-03-06,64.971,963.99,62631.39,SETTLED
T0000380,A00014,I0025,FEE,2025-02-05,0,0,17.14,SETTLED
T0000381,A00014,I0064,BUY,2025-07-22,48.0,636.99,30575.52,PENDING
T0000382,A00014,I0068,DIVIDEND,2025-01-10,0,0,1047.93,SETTLED
T0000383,A00014,I0012,BUY,2026-08-01,53.694,853.88,45848.23,SETTLED
T0000384,A00014,I0021,SELL,2025-11-06,22.437,251.74,5648.29,SETTLED
T0000385,A00014,I0067,SELL,2026-04-25,25.836,822.17,21241.58,SETTLED
T0000386,A00014,I0021,SELL,2025-10-08,68.746,242.63,16679.84,SETTLED
T0000387,A00014,I0025,BUY,2026-08-26,27.093,783.11,21216.8,SETTLED
T0000388,A00015,I0022,SELL,2025-07-30,11.218,287.5,3225.18,SETTLED
T0000389,A00015,I0045,BUY,2025-01-12,18.132,61.87,1121.83,SETTLED
T0000390,A00015,I0009,BUY,2025-02-12,63.543,968.58,61546.48,SETTLED
T0000391,A00015,I0025,BUY,2025-11-01,73.336,644.27,47248.18,SETTLED
T0000392,A00015,I0045,BUY,2026-04-23,55.934,89.83,5024.55,SETTLED
T0000393,A00015,I0024,BUY,2025-01-25,67.06,189.48,12706.53,SETTLED
T0000394,A00015,I0039,FEE,2025-03-24,0,0,496.82,SETTLED
T0000395,A00015,I0076,SELL,2026-08-05,21.806,308.16,6719.74,SETTLED
T0000396,A00015,I0015,BUY,2025-06-13,2.202,2354.73,5185.12,SETTLED
T0000397,A00015,I0055,BUY,2025-10-17,53.313,60.43,3221.7,SETTLED
T0000398,A00015,I0022,BUY,2026-08-10,61.265,256.61,15721.21,SETTLED
T0000399,A00015,I0011,SELL,2026-01-21,69.819,2700.25,188528.75,SETTLED
T0000400,A00015,I0071,BUY,2026-06-27,69.188,941.89,65167.49,SETTLED
T0000401,A00015,I0047,SELL,2025-12-31,8.595,59.21,508.91,REVERSED
T0000402,A00015,I0052,BUY,2025-11-08,24.684,114.64,2829.77,SETTLED
T0000403,A00015,I0078,BUY,2026-06-10,9.848,79.39,781.83,PENDING
T0000404,A00015,I0063,SELL,2026-06-07,55.593,842.44,46833.77,SETTLED
T0000405,A00016,I0012,BUY,2026-08-25,44.524,697.35,31048.81,SETTLED
T0000406,A00016,I0017,DIVIDEND,2025-01-25,0,0,2523.64,SETTLED
T0000407,A00016,I0074,SELL,2025-02-03,49.173,107.73,5297.41,SETTLED
T0000408,A00016,I0005,BUY,2025-05-19,59.784,383.04,22899.66,SETTLED
T0000409,A00016,I0001,BUY,2025-12-04,49.545,1016.42,50358.53,SETTLED
T0000410,A00016,I0033,BUY,2025-04-01,65.551,198.86,13035.47,SETTLED
T0000411,A00016,I0032,SELL,2025-03-01,70.371,1887.24,132806.97,SETTLED
T0000412,A00016,I0014,DIVIDEND,2026-08-04,0,0,596.54,SETTLED
T0000413,A00016,I0028,DIVIDEND,2025-07-21,0,0,3345.81,SETTLED
T0000414,A00016,I0077,BUY,2025-12-02,26.542,73.38,1947.65,SETTLED
T0000415,A00016,I0037,FEE,2026-03-24,0,0,140.25,SETTLED
T0000416,A00016,I0008,BUY,2025-04-18,1.284,151.95,195.1,SETTLED
T0000417,A00016,I0069,FEE,2025-12-24,0,0,264.92,SETTLED
T0000418,A00016,I0023,BUY,2025-03-14,71.307,688.57,49099.86,SETTLED
T0000419,A00016,I0051,BUY,2025-01-14,72.897,114.4,8339.42,SETTLED
T0000420,A00016,I0014,SELL,2025-07-05,39.354,1721.25,67738.07,SETTLED
T0000421,A00016,I0016,BUY,2025-07-22,67.378,1803.46,121513.53,SETTLED
T0000422,A00016,I0029,BUY,2025-05-02,59.643,162.49,9691.39,SETTLED
T0000423,A00016,I0038,BUY,2025-04-05,60.24,198.63,11965.47,SETTLED
T0000424,A00016,I0042,BUY,2025-01-26,21.446,199.11,4270.11,SETTLED
T0000425,A00016,I0078,BUY,2026-08-27,11.206,101.68,1139.43,SETTLED
T0000426,A00016,I0011,BUY,2026-08-09,24.195,1943.26,47017.18,SETTLED
T0000427,A00016,I0055,SELL,2025-07-26,41.406,53.88,2230.96,SETTLED
T0000428,A00016,I0043,SELL,2025-12-25,45.92,44.9,2061.81,REVERSED
T0000429,A00016,I0043,SELL,2026-02-12,23.757,37.88,899.92,SETTLED
T0000430,A00017,I0033,SELL,2026-02-22,28.837,323.7,9334.54,SETTLED
T0000431,A00017,I0058,BUY,2025-07-16,60.314,20.27,1222.56,SETTLED
T0000432,A00017,I0035,BUY,2025-04-22,3.958,748.32,2961.85,SETTLED
T0000433,A00017,I0080,BUY,2025-07-18,4.444,117.06,520.21,SETTLED
T0000434,A00017,I0010,DIVIDEND,2025-09-06,0,0,3874.55,REVERSED
T0000435,A00017,I0049,BUY,2026-06-01,59.318,28.38,1683.44,SETTLED
T0000436,A00017,I0058,SELL,2025-04-24,53.308,21.31,1135.99,SETTLED
T0000437,A00017,I0078,BUY,2026-07-09,1.6,71.69,114.7,SETTLED
T0000438,A00017,I0031,BUY,2025-05-22,21.093,1299.17,27403.39,PENDING
T0000439,A00017,I0040,BUY,2025-11-05,21.475,616.67,13242.99,SETTLED
T0000440,A00017,I0025,SELL,2025-03-20,61.852,781.95,48365.17,SETTLED
T0000441,A00017,I0041,SELL,2026-07-08,25.171,576.92,14521.65,SETTLED
T0000442,A00017,I0026,SELL,2026-08-29,8.528,109.53,934.07,SETTLED
T0000443,A00017,I0040,BUY,2025-08-04,49.629,557.56,27671.15,SETTLED
T0000444,A00017,I0031,BUY,2025-01-04,66.675,1425.4,95038.54,SETTLED
T0000445,A00017,I0033,SELL,2026-01-03,43.597,234.75,10234.4,SETTLED
T0000446,A00017,I0054,BUY,2025-08-11,69.846,80.34,5611.43,SETTLED
T0000447,A00017,I0011,BUY,2026-07-30,17.797,2001.83,35626.57,SETTLED
T0000448,A00017,I0038,SELL,2025-04-12,61.467,212.71,13074.65,SETTLED
T0000449,A00017,I0031,BUY,2025-05-10,74.007,1490.01,110271.17,SETTLED
T0000450,A00017,I0002,SELL,2025-08-22,2.57,1610.22,4138.27,SETTLED
T0000451,A00017,I0062,FEE,2026-08-02,0,0,161.08,SETTLED
T0000452,A00017,I0080,SELL,2026-04-02,23.897,110.75,2646.59,SETTLED
T0000453,A00018,I0042,SELL,2025-11-14,38.418,232.51,8932.57,SETTLED
T0000454,A00018,I0006,SELL,2025-05-15,35.548,1043.83,37106.07,SETTLED
T0000455,A00018,I0033,SELL,2025-10-01,51.494,340.57,17537.31,SETTLED
T0000456,A00018,I0055,SELL,2025-02-04,28.816,67.61,1948.25,SETTLED
T0000457,A00018,I0022,BUY,2025-09-04,65.457,253.19,16573.06,SETTLED
T0000458,A00018,I0022,BUY,2026-08-09,11.242,331.49,3726.61,SETTLED
T0000459,A00018,I0074,DIVIDEND,2026-01-25,0,0,1460.08,SETTLED
T0000460,A00018,I0005,SELL,2025-09-08,31.294,395.53,12377.72,SETTLED
T0000461,A00018,I0055,SELL,2025-02-21,34.321,76.1,2611.83,SETTLED
T0000462,A00018,I0014,BUY,2025-02-14,7.628,2016.29,15380.26,SETTLED
T0000463,A00018,I0021,SELL,2026-01-11,67.504,327.75,22124.44,SETTLED
T0000464,A00018,I0050,BUY,2025-11-15,29.746,65.48,1947.77,SETTLED
T0000465,A00018,I0009,BUY,2026-03-17,18.406,812.31,14951.38,SETTLED
T0000466,A00018,I0048,SELL,2025-08-06,48.762,203.54,9925.02,SETTLED
T0000467,A00018,I0049,BUY,2025-05-06,66.672,23.73,1582.13,SETTLED
T0000468,A00018,I0039,BUY,2025-04-04,16.807,87.24,1466.24,SETTLED
T0000469,A00018,I0008,BUY,2026-01-26,67.654,114.19,7725.41,SETTLED
T0000470,A00018,I0069,SELL,2025-09-07,3.979,788.97,3139.31,SETTLED
T0000471,A00018,I0076,BUY,2025-05-17,37.603,352.65,13260.7,SETTLED
T0000472,A00018,I0044,SELL,2025-12-26,11.122,51.25,570.0,SETTLED
T0000473,A00018,I0058,BUY,2025-10-15,20.316,16.26,330.34,SETTLED
T0000474,A00018,I0006,BUY,2025-11-20,61.723,1331.74,82198.99,SETTLED
T0000475,A00018,I0052,BUY,2025-01-21,28.403,115.67,3285.38,SETTLED
T0000476,A00018,I0009,SELL,2025-03-16,66.107,963.22,63675.58,REVERSED
T0000477,A00018,I0013,SELL,2025-07-09,13.499,2385.23,32198.22,SETTLED
T0000478,A00018,I0071,BUY,2025-08-13,12.972,718.71,9323.11,SETTLED
T0000479,A00018,I0009,BUY,2025-05-12,43.964,1063.09,46737.69,SETTLED
T0000480,A00018,I0074,BUY,2025-08-10,74.118,81.69,6054.7,SETTLED
T0000481,A00018,I0048,BUY,2025-03-17,39.456,126.7,4999.08,SETTLED
T0000482,A00018,I0074,BUY,2025-08-13,7.156,95.2,681.25,SETTLED
T0000483,A00018,I0007,BUY,2025-08-02,68.526,396.95,27201.4,SETTLED
T0000484,A00018,I0002,BUY,2025-01-01,23.261,2072.6,48210.75,SETTLED
T0000485,A00018,I0021,BUY,2025-05-25,37.14,237.47,8819.64,SETTLED
T0000486,A00018,I0055,SELL,2025-08-05,22.096,67.74,1496.78,SETTLED
T0000487,A00018,I0051,SELL,2025-10-08,62.623,160.08,10024.69,SETTLED
T0000488,A00018,I0045,BUY,2026-04-09,71.717,70.24,5037.4,SETTLED
T0000489,A00018,I0033,SELL,2025-07-26,8.683,191.34,1661.41,SETTLED
T0000490,A00019,I0060,DIVIDEND,2025-07-17,0,0,3303.08,SETTLED
T0000491,A00019,I0007,BUY,2025-12-01,42.283,395.88,16738.99,SETTLED
T0000492,A00019,I0048,BUY,2025-06-13,74.208,170.76,12671.76,SETTLED
T0000493,A00019,I0080,SELL,2025-05-02,68.208,120.3,8205.42,SETTLED
T0000494,A00019,I0017,BUY,2026-08-27,64.478,2476.98,159710.72,PENDING
T0000495,A00019,I0019,BUY,2025-12-04,2.275,2724.1,6197.33,SETTLED
T0000496,A00019,I0057,BUY,2025-03-28,29.498,190.12,5608.16,SETTLED
T0000497,A00019,I0039,BUY,2025-04-03,64.036,52.69,3374.06,SETTLED
T0000498,A00019,I0053,BUY,2025-10-25,14.873,11.2,166.58,SETTLED
T0000499,A00019,I0021,SELL,2025-10-26,36.388,332.57,12101.56,SETTLED
T0000500,A00019,I0060,SELL,2026-02-02,44.837,93.56,4194.95,SETTLED
T0000501,A00019,I0064,BUY,2025-01-23,56.851,896.41,50961.8,SETTLED
T0000502,A00019,I0001,SELL,2025-12-28,3.184,813.55,2590.34,SETTLED
T0000503,A00019,I0057,SELL,2026-05-01,48.621,199.6,9704.75,SETTLED
T0000504,A00019,I0039,DIVIDEND,2026-03-30,0,0,800.44,SETTLED
T0000505,A00019,I0055,BUY,2025-04-29,54.978,72.42,3981.51,SETTLED
T0000506,A00019,I0053,BUY,2025-12-19,42.849,14.2,608.46,SETTLED
T0000507,A00019,I0027,DIVIDEND,2025-09-14,0,0,1835.24,SETTLED
T0000508,A00019,I0048,BUY,2025-08-01,16.188,124.11,2009.09,SETTLED
T0000509,A00019,I0004,SELL,2026-07-19,10.739,1011.05,10857.67,SETTLED
T0000510,A00019,I0062,SELL,2026-07-11,50.694,702.69,35622.17,SETTLED
T0000511,A00019,I0014,BUY,2026-03-23,73.795,2176.47,160612.6,SETTLED
T0000512,A00019,I0027,BUY,2026-04-26,40.299,1056.68,42583.15,SETTLED
T0000513,A00019,I0027,SELL,2025-11-03,58.09,1728.33,100398.69,PENDING
T0000514,A00019,I0053,BUY,2026-09-04,29.304,15.34,449.52,SETTLED
T0000515,A00019,I0048,BUY,2026-01-29,23.617,163.53,3862.09,SETTLED
T0000516,A00019,I0060,BUY,2025-10-14,19.267,66.01,1271.81,SETTLED
T0000517,A00019,I0024,BUY,2025-06-07,1.691,173.71,293.74,SETTLED
T0000518,A00019,I0074,BUY,2026-07-26,67.412,115.59,7792.15,SETTLED
T0000519,A00019,I0037,BUY,2025-05-30,24.407,282.16,6886.68,SETTLED
T0000520,A00019,I0060,DIVIDEND,2025-06-13,0,0,3866.63,SETTLED
T0000521,A00019,I0042,BUY,2026-05-27,13.104,242.43,3176.8,SETTLED
T0000522,A00019,I0041,BUY,2026-06-14,27.053,608.19,16453.36,SETTLED
T0000523,A00019,I0031,BUY,2025-11-23,38.63,1087.36,42004.72,SETTLED
T0000524,A00019,I0006,BUY,2026-06-03,39.525,990.86,39163.74,SETTLED
T0000525,A00020,I0027,BUY,2025-11-16,66.36,1556.06,103260.14,SETTLED
T0000526,A00020,I0069,BUY,2025-04-10,26.829,1090.53,29257.83,SETTLED
T0000527,A00020,I0060,SELL,2026-08-28,20.721,76.76,1590.54,SETTLED
T0000528,A00020,I0024,BUY,2025-02-01,14.873,258.76,3848.54,SETTLED
T0000529,A00020,I0057,FEE,2025-09-11,0,0,101.14,SETTLED
T0000530,A00020,I0079,DIVIDEND,2025-07-01,0,0,3337.44,SETTLED
T0000531,A00020,I0004,BUY,2026-03-19,63.255,791.78,50084.04,SETTLED
T0000532,A00020,I0026,SELL,2026-02-24,64.786,80.24,5198.43,SETTLED
T0000533,A00020,I0066,BUY,2025-08-29,62.896,986.8,62065.77,SETTLED
T0000534,A00020,I0050,BUY,2026-01-23,1.321,97.18,128.37,SETTLED
T0000535,A00020,I0044,SELL,2026-07-19,36.417,37.02,1348.16,SETTLED
T0000536,A00020,I0056,BUY,2026-08-01,32.302,136.07,4395.33,SETTLED
T0000537,A00020,I0032,BUY,2026-03-08,33.373,2708.57,90393.11,SETTLED
T0000538,A00020,I0035,FEE,2025-09-15,0,0,287.26,SETTLED
T0000539,A00020,I0060,BUY,2025-09-14,21.383,71.36,1525.89,SETTLED
T0000540,A00020,I0068,BUY,2026-08-08,24.408,1369.65,33430.42,SETTLED
T0000541,A00020,I0064,FEE,2026-03-19,0,0,205.14,SETTLED
T0000542,A00020,I0069,FEE,2025-04-04,0,0,341.82,SETTLED
T0000543,A00020,I0019,FEE,2026-03-04,0,0,402.45,SETTLED
T0000544,A00020,I0003,SELL,2025-05-17,17.794,142.67,2538.67,SETTLED
T0000545,A00020,I0038,DIVIDEND,2026-03-03,0,0,4477.57,SETTLED
T0000546,A00021,I0044,DIVIDEND,2026-04-17,0,0,2470.45,SETTLED
T0000547,A00021,I0062,BUY,2026-04-16,42.88,878.98,37690.66,SETTLED
T0000548,A00021,I0008,BUY,2026-08-31,15.595,147.44,2299.33,SETTLED
T0000549,A00021,I0068,FEE,2026-03-20,0,0,66.66,SETTLED
T0000550,A00021,I0014,BUY,2026-06-26,38.905,2124.31,82646.28,SETTLED
T0000551,A00021,I0026,SELL,2025-05-23,61.022,70.87,4324.63,SETTLED
T0000552,A00021,I0017,BUY,2026-09-11,48.369,1914.5,92602.45,SETTLED
T0000553,A00021,I0043,SELL,2026-04-23,2.344,29.71,69.64,SETTLED
T0000554,A00021,I0078,BUY,2025-03-10,42.507,90.95,3866.01,SETTLED
T0000555,A00021,I0012,BUY,2026-01-12,45.969,1041.51,47877.17,SETTLED
T0000556,A00021,I0072,BUY,2026-02-26,71.868,1146.43,82391.63,SETTLED
T0000557,A00021,I0035,BUY,2026-07-21,2.277,499.37,1137.07,SETTLED
T0000558,A00021,I0028,BUY,2025-02-18,14.643,604.78,8855.79,SETTLED
T0000559,A00021,I0016,BUY,2025-11-07,44.262,1434.04,63473.48,SETTLED
T0000560,A00021,I0014,BUY,2025-03-19,27.834,1529.27,42565.7,SETTLED
T0000561,A00021,I0020,BUY,2025-05-09,10.237,883.39,9043.26,SETTLED
T0000562,A00021,I0005,BUY,2025-12-06,47.635,438.24,20875.56,SETTLED
T0000563,A00021,I0045,SELL,2025-09-01,44.24,90.32,3995.76,SETTLED
T0000564,A00021,I0027,BUY,2026-01-01,41.149,1163.78,47888.38,SETTLED
T0000565,A00021,I0075,BUY,2026-02-14,55.42,228.26,12650.17,SETTLED
T0000566,A00021,I0036,SELL,2025-11-08,18.096,525.68,9512.71,SETTLED
T0000567,A00021,I0019,BUY,2025-07-20,39.976,1529.75,61153.29,SETTLED
T0000568,A00021,I0038,SELL,2025-07-20,36.581,130.22,4763.58,SETTLED
T0000569,A00021,I0056,BUY,2025-09-15,7.838,99.72,781.61,SETTLED
T0000570,A00021,I0078,BUY,2025-08-03,53.492,103.93,5559.42,SETTLED
T0000571,A00022,I0005,SELL,2025-07-25,62.372,550.0,34304.6,SETTLED
T0000572,A00022,I0073,BUY,2025-09-08,2.194,113.86,249.81,REVERSED
T0000573,A00022,I0050,BUY,2025-11-09,69.828,76.54,5344.64,SETTLED
T0000574,A00022,I0055,DIVIDEND,2025-08-15,0,0,3307.83,SETTLED
T0000575,A00022,I0039,BUY,2026-03-05,72.781,71.58,5209.66,SETTLED
T0000576,A00022,I0008,BUY,2026-07-31,54.159,143.84,7790.23,SETTLED
T0000577,A00022,I0068,SELL,2026-09-06,54.274,888.03,48196.94,SETTLED
T0000578,A00022,I0027,SELL,2025-02-07,54.897,1278.73,70198.44,SETTLED
T0000579,A00022,I0037,SELL,2025-10-24,65.039,237.78,15464.97,SETTLED
T0000580,A00022,I0029,BUY,2025-01-21,53.324,176.33,9402.62,SETTLED
T0000581,A00022,I0004,SELL,2026-05-27,47.029,1280.04,60199.0,SETTLED
T0000582,A00022,I0016,DIVIDEND,2025-01-21,0,0,2017.35,SETTLED
T0000583,A00022,I0007,SELL,2026-08-20,6.977,428.0,2986.16,SETTLED
T0000584,A00022,I0016,BUY,2025-10-15,17.035,1350.61,23007.64,SETTLED
T0000585,A00022,I0059,BUY,2025-12-19,10.651,136.72,1456.2,SETTLED
T0000586,A00022,I0075,DIVIDEND,2025-06-04,0,0,1614.75,SETTLED
T0000587,A00022,I0042,BUY,2025-03-19,28.36,275.58,7815.45,SETTLED
T0000588,A00022,I0004,SELL,2025-05-31,40.526,797.4,32315.43,SETTLED
T0000589,A00023,I0022,BUY,2025-10-10,54.42,330.48,17984.72,SETTLED
T0000590,A00023,I0042,BUY,2026-01-24,25.241,270.72,6833.24,SETTLED
T0000591,A00023,I0011,BUY,2025-09-01,21.229,2084.56,44253.12,SETTLED
T0000592,A00023,I0080,DIVIDEND,2025-07-23,0,0,1924.74,SETTLED
T0000593,A00023,I0039,DIVIDEND,2026-04-01,0,0,1873.58,SETTLED
T0000594,A00023,I0057,DIVIDEND,2026-03-09,0,0,3269.13,SETTLED
T0000595,A00023,I0017,SELL,2025-08-07,74.626,2053.45,153240.76,SETTLED
T0000596,A00023,I0008,SELL,2025-11-02,42.995,181.92,7821.65,SETTLED
T0000597,A00023,I0066,SELL,2025-10-13,36.437,1217.26,44353.3,SETTLED
T0000598,A00023,I0060,BUY,2026-03-27,66.707,78.86,5260.51,SETTLED
T0000599,A00023,I0049,SELL,2025-06-19,2.63,25.78,67.8,SETTLED
T0000600,A00023,I0020,BUY,2026-03-20,5.998,839.68,5036.4,SETTLED
T0000601,A00023,I0005,BUY,2025-10-20,54.387,678.82,36918.98,SETTLED
T0000602,A00023,I0019,FEE,2026-06-26,0,0,331.6,PENDING
T0000603,A00023,I0015,BUY,2026-02-23,23.492,2550.08,59906.48,SETTLED
T0000604,A00023,I0076,BUY,2025-09-10,70.278,520.14,36554.4,SETTLED
T0000605,A00023,I0057,BUY,2025-10-12,48.86,207.41,10134.05,SETTLED
T0000606,A00023,I0058,SELL,2026-05-09,64.098,20.02,1283.24,SETTLED
T0000607,A00023,I0058,FEE,2026-05-03,0,0,95.98,SETTLED
T0000608,A00023,I0012,DIVIDEND,2025-10-01,0,0,2743.01,SETTLED
T0000609,A00023,I0001,SELL,2025-01-18,1.753,801.73,1405.43,SETTLED
T0000610,A00023,I0009,BUY,2025-06-13,51.044,1058.93,54052.02,SETTLED
T0000611,A00023,I0049,DIVIDEND,2026-04-22,0,0,3983.66,SETTLED
T0000612,A00023,I0029,SELL,2026-09-14,4.556,212.41,967.74,SETTLED
T0000613,A00023,I0064,BUY,2026-04-06,28.531,859.46,24521.25,SETTLED
T0000614,A00023,I0007,BUY,2026-03-14,42.878,485.13,20801.4,SETTLED
T0000615,A00023,I0076,SELL,2025-10-18,12.404,430.86,5344.39,PENDING
T0000616,A00023,I0057,DIVIDEND,2026-01-23,0,0,1060.85,SETTLED
T0000617,A00024,I0044,BUY,2026-04-07,54.133,47.67,2580.52,SETTLED
T0000618,A00024,I0076,SELL,2025-01-26,51.117,478.69,24469.2,SETTLED
T0000619,A00024,I0009,BUY,2026-01-05,48.953,912.04,44647.09,SETTLED
T0000620,A00024,I0002,SELL,2025-10-12,38.068,1748.56,66564.18,SETTLED
T0000621,A00024,I0009,SELL,2026-07-03,29.57,1030.61,30475.14,SETTLED
T0000622,A00024,I0050,SELL,2026-08-24,53.822,101.96,5487.69,SETTLED
T0000623,A00024,I0004,SELL,2025-05-17,25.608,1188.89,30445.1,SETTLED
T0000624,A00024,I0001,BUY,2025-04-26,57.513,1241.93,71427.12,SETTLED
T0000625,A00024,I0037,FEE,2025-09-14,0,0,489.68,SETTLED
T0000626,A00024,I0023,BUY,2026-07-23,70.0,607.44,42520.8,SETTLED
T0000627,A00024,I0006,SELL,2026-09-01,34.477,1724.85,59467.65,SETTLED
T0000628,A00024,I0033,BUY,2026-09-09,47.936,210.86,10107.78,SETTLED
T0000629,A00025,I0041,FEE,2025-06-23,0,0,39.9,SETTLED
T0000630,A00025,I0021,SELL,2025-04-09,74.056,301.04,22293.82,SETTLED
T0000631,A00025,I0030,BUY,2025-02-17,15.103,1319.84,19933.54,SETTLED
T0000632,A00025,I0078,BUY,2025-10-07,21.001,132.52,2783.05,SETTLED
T0000633,A00025,I0021,BUY,2026-02-10,14.503,189.23,2744.4,SETTLED
T0000634,A00025,I0080,BUY,2025-08-07,20.304,80.46,1633.66,SETTLED
T0000635,A00025,I0078,SELL,2025-03-23,48.377,129.04,6242.57,SETTLED
T0000636,A00025,I0071,SELL,2025-10-15,52.802,806.52,42585.87,REVERSED
T0000637,A00025,I0040,SELL,2025-10-18,55.072,467.51,25746.71,SETTLED
T0000638,A00025,I0036,FEE,2025-02-17,0,0,318.31,SETTLED
T0000639,A00025,I0029,BUY,2025-02-04,64.524,122.74,7919.68,SETTLED
T0000640,A00025,I0027,BUY,2026-08-15,40.578,1515.15,61481.76,PENDING
T0000641,A00025,I0067,BUY,2025-03-20,66.09,856.03,56575.02,SETTLED
T0000642,A00025,I0024,SELL,2025-10-07,21.567,229.94,4959.12,SETTLED
T0000643,A00025,I0024,SELL,2025-05-27,34.259,231.9,7944.66,SETTLED
T0000644,A00025,I0035,BUY,2025-09-10,70.366,618.03,43488.3,SETTLED
T0000645,A00025,I0063,BUY,2025-02-27,7.004,777.74,5447.29,SETTLED
T0000646,A00025,I0021,BUY,2025-06-13,41.259,344.52,14214.55,SETTLED
T0000647,A00026,I0020,DIVIDEND,2026-01-06,0,0,2067.58,SETTLED
T0000648,A00026,I0043,FEE,2025-02-11,0,0,190.37,SETTLED
T0000649,A00026,I0009,BUY,2025-04-18,30.781,986.68,30371.0,SETTLED
T0000650,A00026,I0065,BUY,2026-05-31,39.402,703.74,27728.76,SETTLED
T0000651,A00026,I0042,SELL,2025-04-06,50.951,221.58,11289.72,SETTLED
T0000652,A00026,I0034,BUY,2025-09-29,42.665,101.87,4346.28,SETTLED
T0000653,A00026,I0064,SELL,2025-12-06,37.773,1156.62,43689.01,SETTLED
T0000654,A00026,I0065,SELL,2026-04-20,14.789,850.63,12579.97,SETTLED
T0000655,A00026,I0004,SELL,2026-06-29,7.439,1248.84,9290.12,SETTLED
T0000656,A00026,I0023,SELL,2025-10-23,9.203,421.33,3877.5,PENDING
T0000657,A00026,I0001,BUY,2025-04-25,37.21,1154.95,42975.69,SETTLED
T0000658,A00026,I0042,BUY,2025-01-21,2.444,219.57,536.63,SETTLED
T0000659,A00026,I0033,SELL,2026-08-31,38.297,236.26,9048.05,SETTLED
T0000660,A00026,I0062,BUY,2026-03-15,51.797,1105.05,57238.27,SETTLED
T0000661,A00026,I0026,SELL,2025-07-29,24.778,99.43,2463.68,SETTLED
T0000662,A00026,I0049,SELL,2025-12-31,23.964,28.92,693.04,SETTLED
T0000663,A00026,I0009,BUY,2026-03-03,32.08,957.24,30708.26,SETTLED
T0000664,A00026,I0043,FEE,2025-09-29,0,0,419.87,SETTLED
T0000665,A00026,I0080,BUY,2026-07-20,31.811,88.49,2814.96,SETTLED
T0000666,A00026,I0028,SELL,2025-01-04,23.565,462.73,10904.23,SETTLED
T0000667,A00026,I0013,SELL,2025-03-22,53.941,1430.42,77158.29,SETTLED
T0000668,A00026,I0062,DIVIDEND,2025-01-01,0,0,3359.96,SETTLED
T0000669,A00026,I0014,BUY,2025-08-24,4.298,1887.67,8113.21,SETTLED
T0000670,A00026,I0016,BUY,2026-07-29,14.806,1782.51,26391.84,SETTLED
T0000671,A00026,I0025,BUY,2025-12-14,67.785,678.69,46005.0,SETTLED
T0000672,A00026,I0043,DIVIDEND,2026-04-09,0,0,2091.2,SETTLED
T0000673,A00026,I0036,SELL,2025-06-20,64.212,570.42,36627.81,SETTLED
T0000674,A00026,I0002,BUY,2025-11-28,29.395,1652.53,48576.12,SETTLED
T0000675,A00026,I0015,DIVIDEND,2025-07-31,0,0,3056.68,SETTLED
T0000676,A00026,I0053,DIVIDEND,2026-07-25,0,0,340.14,SETTLED
T0000677,A00026,I0036,BUY,2025-07-26,14.135,423.73,5989.42,SETTLED
T0000678,A00026,I0074,FEE,2025-08-24,0,0,330.13,REVERSED
T0000679,A00026,I0023,DIVIDEND,2025-06-07,0,0,2251.44,SETTLED
T0000680,A00027,I0066,BUY,2025-11-18,34.889,789.09,27530.56,SETTLED
T0000681,A00027,I0080,BUY,2026-03-05,25.053,86.38,2164.08,SETTLED
T0000682,A00027,I0023,BUY,2025-12-24,62.478,727.85,45474.61,PENDING
T0000683,A00027,I0002,BUY,2026-08-03,21.513,2334.18,50215.21,SETTLED
T0000684,A00027,I0053,BUY,2025-02-01,1.856,9.28,17.22,SETTLED
T0000685,A00027,I0041,SELL,2025-06-13,62.029,450.14,27921.73,SETTLED
T0000686,A00027,I0053,SELL,2026-07-05,71.32,16.48,1175.35,SETTLED
T0000687,A00027,I0024,FEE,2025-03-25,0,0,399.47,SETTLED
T0000688,A00027,I0030,SELL,2026-05-31,6.914,2107.78,14573.19,SETTLED
T0000689,A00027,I0012,BUY,2026-03-13,50.124,874.43,43829.93,SETTLED
T0000690,A00027,I0045,SELL,2026-07-31,48.463,72.73,3524.71,SETTLED
T0000691,A00027,I0077,BUY,2026-01-28,19.244,106.66,2052.57,SETTLED
T0000692,A00027,I0022,SELL,2025-04-01,71.9,335.27,24105.91,PENDING
T0000693,A00027,I0072,FEE,2026-08-04,0,0,438.13,SETTLED
T0000694,A00027,I0067,BUY,2026-09-18,62.934,717.63,45163.33,SETTLED
T0000695,A00027,I0027,BUY,2025-09-13,40.762,1656.79,67534.07,SETTLED
T0000696,A00027,I0070,BUY,2026-06-17,73.593,676.26,49768.0,SETTLED
T0000697,A00027,I0041,SELL,2025-06-01,54.4,394.35,21452.64,SETTLED
T0000698,A00027,I0001,SELL,2025-08-31,30.468,1134.57,34568.08,SETTLED
T0000699,A00027,I0076,FEE,2026-03-11,0,0,12.75,SETTLED
T0000700,A00027,I0014,SELL,2025-03-16,52.38,2896.46,151716.57,SETTLED
T0000701,A00027,I0070,BUY,2025-09-13,2.445,628.97,1537.83,SETTLED
T0000702,A00027,I0057,BUY,2025-08-14,54.029,178.87,9664.17,SETTLED
T0000703,A00027,I0028,SELL,2025-12-25,64.744,337.21,21832.32,SETTLED
T0000704,A00027,I0071,BUY,2025-11-13,53.953,973.45,52520.55,SETTLED
T0000705,A00027,I0056,BUY,2025-12-11,37.055,77.32,2865.09,SETTLED
T0000706,A00027,I0067,BUY,2025-07-08,22.505,913.78,20564.62,SETTLED
T0000707,A00027,I0066,SELL,2026-01-15,64.947,1225.03,79562.02,SETTLED
T0000708,A00027,I0052,DIVIDEND,2026-01-23,0,0,4418.02,SETTLED
T0000709,A00027,I0041,SELL,2025-08-13,62.127,608.05,37776.32,SETTLED
T0000710,A00027,I0027,SELL,2026-07-09,10.9,1011.29,11023.06,SETTLED
T0000711,A00027,I0013,SELL,2026-06-08,17.601,1806.75,31800.61,SETTLED
T0000712,A00028,I0026,BUY,2025-03-04,70.916,95.97,6805.81,SETTLED
T0000713,A00028,I0050,BUY,2026-03-28,45.459,94.35,4289.06,SETTLED
T0000714,A00028,I0067,BUY,2026-09-03,40.183,933.13,37495.96,SETTLED
T0000715,A00028,I0032,FEE,2025-03-07,0,0,76.11,SETTLED
T0000716,A00028,I0043,BUY,2026-07-27,7.675,33.38,256.19,SETTLED
T0000717,A00028,I0055,FEE,2025-09-25,0,0,218.19,SETTLED
T0000718,A00028,I0048,SELL,2026-02-08,4.784,140.55,672.39,SETTLED
T0000719,A00028,I0044,BUY,2026-09-12,12.81,40.57,519.7,SETTLED
T0000720,A00028,I0017,BUY,2026-07-09,35.353,2630.15,92983.69,SETTLED
T0000721,A00028,I0007,BUY,2025-05-08,37.661,447.93,16869.49,SETTLED
T0000722,A00028,I0035,SELL,2025-01-31,43.577,755.88,32938.98,SETTLED
T0000723,A00028,I0029,SELL,2026-06-05,36.037,166.45,5998.36,SETTLED
T0000724,A00028,I0054,SELL,2025-11-04,19.172,100.39,1924.68,SETTLED
T0000725,A00028,I0008,FEE,2025-10-04,0,0,491.95,SETTLED
T0000726,A00028,I0028,BUY,2026-08-11,4.725,574.09,2712.58,SETTLED
T0000727,A00028,I0051,BUY,2025-11-08,51.419,94.86,4877.61,SETTLED
T0000728,A00028,I0003,SELL,2026-07-11,14.971,119.52,1789.33,SETTLED
T0000729,A00028,I0018,SELL,2025-07-20,22.757,968.82,22047.44,SETTLED
T0000730,A00028,I0002,BUY,2026-08-29,37.959,1744.28,66211.12,SETTLED
T0000731,A00028,I0062,BUY,2026-08-09,51.2,1104.81,56566.27,SETTLED
T0000732,A00028,I0053,SELL,2025-09-23,44.526,9.98,444.37,PENDING
T0000733,A00028,I0026,SELL,2025-11-20,16.087,78.64,1265.08,SETTLED
T0000734,A00028,I0003,BUY,2026-01-27,46.815,172.38,8069.97,SETTLED
T0000735,A00028,I0040,BUY,2026-09-07,50.482,427.39,21575.5,SETTLED
T0000736,A00028,I0046,BUY,2025-09-18,20.176,134.28,2709.23,SETTLED
T0000737,A00028,I0023,SELL,2025-11-25,32.204,601.07,19356.86,SETTLED
T0000738,A00028,I0056,BUY,2025-12-02,53.998,107.03,5779.41,SETTLED
T0000739,A00028,I0033,BUY,2026-05-21,8.838,206.81,1827.79,SETTLED
T0000740,A00029,I0009,BUY,2025-07-05,40.602,692.49,28116.48,SETTLED
T0000741,A00029,I0048,BUY,2025-02-16,4.905,176.82,867.3,SETTLED
T0000742,A00029,I0054,SELL,2026-06-18,68.136,113.23,7715.04,SETTLED
T0000743,A00029,I0046,SELL,2026-04-06,60.398,76.63,4628.3,SETTLED
T0000744,A00029,I0010,SELL,2026-05-20,3.426,1517.92,5200.39,SETTLED
T0000745,A00029,I0066,SELL,2026-01-09,63.709,923.18,58814.87,SETTLED
T0000746,A00029,I0024,BUY,2025-08-13,69.139,286.89,19835.29,SETTLED
T0000747,A00029,I0018,BUY,2025-10-29,2.635,1397.62,3682.73,SETTLED
T0000748,A00029,I0002,SELL,2026-04-07,16.006,2298.08,36783.07,SETTLED
T0000749,A00029,I0056,FEE,2025-01-26,0,0,218.3,SETTLED
T0000750,A00029,I0060,BUY,2026-08-18,52.661,105.2,5539.94,SETTLED
T0000751,A00029,I0060,DIVIDEND,2026-03-28,0,0,1732.67,SETTLED
T0000752,A00029,I0062,BUY,2026-08-15,44.87,1052.86,47241.83,PENDING
T0000753,A00029,I0027,DIVIDEND,2026-05-22,0,0,874.23,SETTLED
T0000754,A00029,I0046,SELL,2026-07-07,6.747,134.65,908.48,SETTLED
T0000755,A00029,I0042,SELL,2026-05-30,41.052,202.41,8309.34,SETTLED
T0000756,A00029,I0012,DIVIDEND,2026-07-19,0,0,775.01,SETTLED
T0000757,A00029,I0001,BUY,2025-05-16,29.941,892.41,26719.65,SETTLED
T0000758,A00029,I0051,BUY,2026-04-23,6.718,153.59,1031.82,REVERSED
T0000759,A00029,I0036,SELL,2026-02-13,54.129,495.96,26845.82,SETTLED
T0000760,A00029,I0026,SELL,2026-04-30,12.355,76.93,950.47,SETTLED
T0000761,A00029,I0079,BUY,2025-11-14,62.204,109.65,6820.67,SETTLED
T0000762,A00029,I0019,SELL,2026-03-18,35.498,2175.78,77235.84,SETTLED
T0000763,A00030,I0005,BUY,2026-04-07,30.366,453.24,13763.09,SETTLED
T0000764,A00030,I0070,BUY,2026-03-29,23.625,797.37,18837.87,SETTLED
T0000765,A00030,I0033,SELL,2025-03-06,17.693,320.21,5665.48,SETTLED
T0000766,A00030,I0067,BUY,2026-07-20,52.336,646.53,33836.79,SETTLED
T0000767,A00030,I0008,BUY,2026-09-10,6.281,106.04,666.04,SETTLED
T0000768,A00030,I0016,BUY,2025-03-12,58.47,1308.04,76481.1,SETTLED
T0000769,A00030,I0059,BUY,2025-08-20,9.884,176.82,1747.69,SETTLED
T0000770,A00030,I0010,FEE,2025-08-14,0,0,255.35,SETTLED
T0000771,A00030,I0019,FEE,2025-12-25,0,0,286.3,SETTLED
T0000772,A00030,I0048,BUY,2026-01-08,67.545,149.03,10066.23,SETTLED
T0000773,A00030,I0058,DIVIDEND,2025-03-17,0,0,3048.52,SETTLED
T0000774,A00030,I0039,FEE,2026-04-27,0,0,345.78,SETTLED
T0000775,A00030,I0004,FEE,2025-02-14,0,0,139.85,SETTLED
T0000776,A00030,I0073,DIVIDEND,2025-10-11,0,0,2332.75,SETTLED
T0000777,A00030,I0048,SELL,2025-09-05,54.593,111.39,6081.11,SETTLED
T0000778,A00030,I0020,BUY,2026-07-05,22.664,591.85,13413.69,SETTLED
T0000779,A00030,I0043,BUY,2025-08-12,23.515,44.14,1037.95,SETTLED
T0000780,A00030,I0029,BUY,2026-06-12,11.919,202.55,2414.19,SETTLED
T0000781,A00030,I0001,SELL,2025-01-07,74.365,933.34,69407.83,SETTLED
T0000782,A00030,I0023,BUY,2025-08-21,58.493,543.9,31814.34,SETTLED
T0000783,A00030,I0041,FEE,2026-02-01,0,0,414.84,SETTLED
T0000784,A00030,I0073,BUY,2026-02-19,31.239,148.46,4637.74,SETTLED
T0000785,A00030,I0050,FEE,2025-08-23,0,0,385.61,SETTLED
T0000786,A00031,I0079,SELL,2025-03-13,3.262,120.61,393.43,SETTLED
T0000787,A00031,I0074,SELL,2025-11-05,54.752,108.15,5921.43,SETTLED
T0000788,A00031,I0037,BUY,2025-02-03,19.789,171.31,3390.05,SETTLED
T0000789,A00031,I0059,BUY,2025-10-30,58.303,157.18,9164.07,SETTLED
T0000790,A00031,I0059,BUY,2025-03-24,32.827,167.42,5495.9,REVERSED
T0000791,A00031,I0041,SELL,2026-04-27,20.999,535.53,11245.59,SETTLED
T0000792,A00031,I0016,SELL,2025-02-17,14.069,1713.91,24113.0,SETTLED
T0000793,A00031,I0079,FEE,2026-03-05,0,0,71.18,SETTLED
T0000794,A00031,I0015,BUY,2025-06-15,6.516,2212.88,14419.13,SETTLED
T0000795,A00031,I0017,BUY,2026-09-03,31.86,2579.32,82177.14,SETTLED
T0000796,A00031,I0035,BUY,2026-03-30,53.77,765.19,41144.27,SETTLED
T0000797,A00031,I0073,FEE,2026-06-16,0,0,38.42,SETTLED
T0000798,A00031,I0007,BUY,2025-05-11,61.094,354.21,21640.11,SETTLED
T0000799,A00031,I0010,BUY,2025-11-19,2.847,1358.23,3866.88,SETTLED
T0000800,A00031,I0028,BUY,2025-01-08,44.595,614.77,27415.67,SETTLED
T0000801,A00031,I0071,SELL,2026-04-10,24.911,603.69,15038.52,SETTLED
T0000802,A00031,I0001,BUY,2026-03-23,66.968,680.52,45573.06,SETTLED
T0000803,A00031,I0042,BUY,2025-07-28,28.75,272.25,7827.19,SETTLED
T0000804,A00031,I0070,BUY,2025-05-24,64.124,876.01,56173.27,SETTLED
T0000805,A00031,I0034,SELL,2025-10-17,65.384,97.99,6406.98,SETTLED
T0000806,A00031,I0011,SELL,2026-03-07,41.274,2662.49,109891.61,SETTLED
T0000807,A00031,I0062,BUY,2026-02-25,16.345,1071.84,17519.22,SETTLED
T0000808,A00031,I0071,SELL,2025-03-28,59.574,953.25,56788.92,PENDING
T0000809,A00031,I0007,SELL,2026-05-05,49.344,403.19,19895.01,SETTLED
T0000810,A00032,I0005,SELL,2026-09-08,20.849,553.12,11532.0,SETTLED
T0000811,A00032,I0013,SELL,2026-05-28,48.278,2270.05,109593.47,SETTLED
T0000812,A00032,I0080,SELL,2025-04-19,21.153,119.81,2534.34,SETTLED
T0000813,A00032,I0042,BUY,2025-11-17,26.646,200.4,5339.86,SETTLED
T0000814,A00032,I0058,SELL,2026-03-31,40.102,23.74,952.02,SETTLED
T0000815,A00032,I0054,SELL,2025-06-29,69.657,73.57,5124.67,SETTLED
T0000816,A00032,I0012,SELL,2025-09-12,11.69,589.74,6894.06,REVERSED
T0000817,A00032,I0043,BUY,2025-09-08,35.408,33.7,1193.25,SETTLED
T0000818,A00032,I0055,BUY,2025-09-17,34.121,53.69,1831.96,SETTLED
T0000819,A00032,I0052,BUY,2026-02-19,37.235,180.08,6705.28,SETTLED
T0000820,A00032,I0079,BUY,2026-07-24,15.941,79.38,1265.4,SETTLED
T0000821,A00032,I0044,DIVIDEND,2025-11-08,0,0,877.08,SETTLED
T0000822,A00033,I0074,BUY,2026-01-05,18.16,115.89,2104.56,SETTLED
T0000823,A00033,I0073,BUY,2026-03-14,9.745,178.56,1740.07,SETTLED
T0000824,A00033,I0015,BUY,2026-05-02,24.844,1978.79,49161.06,SETTLED
T0000825,A00033,I0034,SELL,2026-03-17,42.718,106.48,4548.61,SETTLED
T0000826,A00033,I0045,DIVIDEND,2025-12-25,0,0,4162.34,SETTLED
T0000827,A00033,I0064,DIVIDEND,2026-08-17,0,0,1854.63,SETTLED
T0000828,A00033,I0041,SELL,2025-09-05,74.884,410.69,30754.11,SETTLED
T0000829,A00033,I0069,SELL,2025-09-29,34.131,1225.91,41841.53,SETTLED
T0000830,A00033,I0061,SELL,2025-11-08,68.716,792.1,54429.94,SETTLED
T0000831,A00033,I0055,SELL,2026-03-22,71.937,54.65,3931.36,SETTLED
T0000832,A00033,I0018,BUY,2025-10-01,49.607,1421.76,70529.25,SETTLED
T0000833,A00033,I0018,SELL,2026-09-11,17.355,1291.67,22416.93,SETTLED
T0000834,A00033,I0044,SELL,2025-12-01,1.28,37.95,48.58,SETTLED
T0000835,A00033,I0048,SELL,2025-03-02,35.754,155.92,5574.76,SETTLED
T0000836,A00033,I0022,BUY,2025-09-06,48.644,252.92,12303.04,SETTLED
T0000837,A00033,I0073,BUY,2025-07-14,49.22,197.91,9741.13,SETTLED
T0000838,A00033,I0078,FEE,2025-02-10,0,0,63.83,SETTLED
T0000839,A00033,I0036,BUY,2025-06-08,5.249,369.19,1937.88,SETTLED
T0000840,A00033,I0051,SELL,2026-08-10,68.977,97.69,6738.36,SETTLED
T0000841,A00033,I0034,SELL,2026-05-18,17.264,150.05,2590.46,SETTLED
T0000842,A00033,I0036,FEE,2025-04-25,0,0,132.54,SETTLED
T0000843,A00033,I0067,SELL,2026-09-09,9.174,661.58,6069.33,SETTLED
T0000844,A00033,I0068,SELL,2026-03-11,12.211,1009.55,12327.62,SETTLED
T0000845,A00033,I0077,SELL,2025-11-03,46.77,65.63,3069.52,SETTLED
T0000846,A00033,I0068,BUY,2026-01-11,71.856,1267.88,91104.79,SETTLED
T0000847,A00033,I0021,FEE,2025-11-04,0,0,239.84,SETTLED
T0000848,A00033,I0037,SELL,2025-12-09,11.767,187.67,2208.31,SETTLED
T0000849,A00033,I0060,BUY,2026-02-23,38.195,117.51,4488.29,SETTLED
T0000850,A00033,I0033,BUY,2026-02-20,51.134,217.94,11144.14,SETTLED
T0000851,A00033,I0004,BUY,2026-04-03,71.869,1336.15,96027.76,SETTLED
T0000852,A00033,I0063,SELL,2025-09-11,62.776,689.79,43302.26,SETTLED
T0000853,A00033,I0010,SELL,2025-06-24,23.353,1959.54,45761.14,SETTLED
T0000854,A00033,I0059,FEE,2025-03-17,0,0,412.38,SETTLED
T0000855,A00034,I0027,SELL,2026-06-13,71.397,1587.71,113357.73,SETTLED
T0000856,A00034,I0072,BUY,2026-08-24,52.935,1109.91,58753.09,SETTLED
T0000857,A00034,I0053,SELL,2026-02-23,24.671,10.76,265.46,SETTLED
T0000858,A00034,I0058,BUY,2026-05-26,38.347,15.0,575.21,SETTLED
T0000859,A00034,I0078,SELL,2026-03-19,58.184,117.44,6833.13,SETTLED
T0000860,A00034,I0042,BUY,2025-06-09,66.116,168.25,11124.02,SETTLED
T0000861,A00034,I0002,BUY,2025-02-25,9.973,2566.94,25600.09,SETTLED
T0000862,A00034,I0019,SELL,2026-06-25,63.071,1560.63,98430.49,SETTLED
T0000863,A00034,I0002,BUY,2025-05-03,2.452,1710.2,4193.41,SETTLED
T0000864,A00034,I0013,BUY,2026-04-23,23.987,2120.54,50865.39,SETTLED
T0000865,A00034,I0003,SELL,2025-04-06,56.719,157.87,8954.23,SETTLED
T0000866,A00034,I0005,SELL,2026-05-03,55.54,502.39,27902.74,SETTLED
T0000867,A00034,I0013,SELL,2025-05-18,28.326,2278.7,64546.46,SETTLED
T0000868,A00034,I0027,BUY,2025-09-09,58.492,1046.72,61224.75,SETTLED
T0000869,A00034,I0040,DIVIDEND,2025-10-15,0,0,1175.36,SETTLED
T0000870,A00034,I0032,SELL,2025-11-12,4.193,1717.0,7199.38,SETTLED
T0000871,A00034,I0075,BUY,2026-02-21,3.728,193.73,722.23,SETTLED
T0000872,A00034,I0063,SELL,2025-03-16,73.97,802.93,59392.73,SETTLED
T0000873,A00034,I0021,DIVIDEND,2025-09-12,0,0,3670.88,PENDING
T0000874,A00034,I0028,BUY,2026-03-21,9.151,455.66,4169.74,SETTLED
T0000875,A00034,I0001,BUY,2026-09-12,68.321,934.09,63817.96,SETTLED
T0000876,A00035,I0049,SELL,2026-07-26,64.858,19.49,1264.08,SETTLED
T0000877,A00035,I0010,BUY,2025-06-04,60.475,1613.07,97550.41,SETTLED
T0000878,A00035,I0052,SELL,2026-08-24,39.417,203.92,8037.91,SETTLED
T0000879,A00035,I0043,SELL,2025-08-24,53.187,42.2,2244.49,REVERSED
T0000880,A00035,I0010,BUY,2026-01-08,58.372,1618.56,94478.58,SETTLED
T0000881,A00035,I0012,BUY,2025-02-27,70.378,672.31,47315.83,SETTLED
T0000882,A00035,I0034,BUY,2026-07-18,47.618,129.63,6172.72,SETTLED
T0000883,A00035,I0029,BUY,2026-01-12,28.291,139.52,3947.16,SETTLED
T0000884,A00035,I0012,BUY,2025-01-17,58.646,786.22,46108.66,SETTLED
T0000885,A00035,I0072,FEE,2026-07-09,0,0,319.81,SETTLED
T0000886,A00035,I0019,FEE,2026-09-02,0,0,122.9,SETTLED
T0000887,A00035,I0027,SELL,2026-08-18,67.296,1551.63,104418.49,SETTLED
T0000888,A00035,I0003,BUY,2025-03-04,17.383,180.12,3131.03,SETTLED
T0000889,A00035,I0053,SELL,2026-09-13,51.359,16.82,863.86,SETTLED
T0000890,A00035,I0010,DIVIDEND,2026-08-02,0,0,1943.35,SETTLED
T0000891,A00036,I0046,SELL,2025-08-21,21.602,120.77,2608.87,SETTLED
T0000892,A00036,I0010,DIVIDEND,2025-03-01,0,0,2338.66,SETTLED
T0000893,A00036,I0002,BUY,2025-08-09,8.461,2733.11,23124.84,PENDING
T0000894,A00036,I0050,FEE,2025-11-01,0,0,62.87,SETTLED
T0000895,A00036,I0050,BUY,2025-08-16,38.481,109.87,4227.91,SETTLED
T0000896,A00036,I0037,BUY,2026-04-23,4.931,307.18,1514.7,SETTLED
T0000897,A00036,I0066,SELL,2025-05-23,31.822,1286.85,40950.14,SETTLED
T0000898,A00036,I0009,BUY,2025-11-01,15.846,1019.93,16161.81,SETTLED
T0000899,A00036,I0074,SELL,2025-08-02,17.265,96.64,1668.49,SETTLED
T0000900,A00036,I0021,DIVIDEND,2025-01-18,0,0,1137.08,SETTLED
T0000901,A00036,I0027,SELL,2026-02-23,26.83,1069.89,28705.15,SETTLED
T0000902,A00036,I0060,BUY,2025-05-05,45.967,68.4,3144.14,SETTLED
T0000903,A00036,I0001,DIVIDEND,2026-08-17,0,0,1668.87,SETTLED
T0000904,A00036,I0076,SELL,2025-07-25,8.469,513.85,4351.8,SETTLED
T0000905,A00036,I0052,BUY,2026-05-25,39.555,130.99,5181.31,REVERSED
T0000906,A00036,I0045,SELL,2026-08-09,46.367,71.74,3326.37,SETTLED
T0000907,A00036,I0041,BUY,2026-05-23,73.712,326.01,24030.85,SETTLED
T0000908,A00036,I0041,BUY,2025-03-04,7.922,353.96,2804.07,SETTLED
T0000909,A00036,I0031,BUY,2025-06-03,66.733,1746.49,116548.52,SETTLED
T0000910,A00036,I0018,BUY,2026-08-29,63.336,917.93,58138.01,SETTLED
T0000911,A00036,I0026,BUY,2026-08-16,58.108,93.96,5459.83,SETTLED
T0000912,A00036,I0023,BUY,2026-05-28,72.63,670.94,48730.37,SETTLED
T0000913,A00036,I0074,SELL,2025-09-06,3.619,105.09,380.32,SETTLED
T0000914,A00036,I0006,SELL,2025-09-24,58.55,1395.59,81711.79,SETTLED
T0000915,A00036,I0006,BUY,2025-03-23,26.036,1574.34,40989.52,SETTLED
T0000916,A00036,I0020,BUY,2025-05-12,59.433,598.97,35598.58,SETTLED
T0000917,A00036,I0045,FEE,2026-06-03,0,0,413.84,SETTLED
T0000918,A00036,I0063,SELL,2026-01-27,42.74,647.5,27674.15,SETTLED
T0000919,A00036,I0010,SELL,2026-04-14,73.788,1935.71,142832.17,SETTLED
T0000920,A00036,I0066,BUY,2025-02-19,23.869,1230.92,29380.83,SETTLED
T0000921,A00036,I0080,BUY,2025-11-27,41.421,75.26,3117.34,SETTLED
T0000922,A00036,I0012,SELL,2025-07-20,64.322,1009.02,64902.18,SETTLED
T0000923,A00036,I0070,SELL,2025-10-18,51.085,893.13,45625.55,SETTLED
T0000924,A00036,I0016,BUY,2025-01-29,18.321,963.76,17657.05,PENDING
T0000925,A00036,I0043,BUY,2025-07-24,60.892,30.05,1829.8,SETTLED
T0000926,A00037,I0032,FEE,2025-05-03,0,0,15.43,SETTLED
T0000927,A00037,I0014,BUY,2025-08-28,37.592,1811.04,68080.62,SETTLED
T0000928,A00037,I0015,SELL,2026-07-20,51.381,1982.41,101858.21,SETTLED
T0000929,A00037,I0046,BUY,2025-08-07,72.823,83.69,6094.56,SETTLED
T0000930,A00037,I0063,FEE,2026-05-04,0,0,104.9,SETTLED
T0000931,A00037,I0074,BUY,2025-07-05,10.157,95.57,970.7,SETTLED
T0000932,A00037,I0064,BUY,2025-08-06,22.558,973.44,21958.86,SETTLED
T0000933,A00037,I0071,SELL,2026-08-16,41.138,912.25,37528.14,SETTLED
T0000934,A00037,I0029,BUY,2026-06-08,46.804,209.21,9791.86,SETTLED
T0000935,A00037,I0030,BUY,2026-06-17,52.704,1985.25,104630.62,SETTLED
T0000936,A00037,I0043,SELL,2025-04-05,9.759,36.69,358.06,SETTLED
T0000937,A00037,I0037,SELL,2026-02-23,51.765,303.14,15692.04,SETTLED
T0000938,A00037,I0029,BUY,2025-04-30,46.668,193.08,9010.66,SETTLED
T0000939,A00037,I0077,BUY,2025-10-08,47.235,71.0,3353.68,SETTLED
T0000940,A00037,I0004,SELL,2026-08-26,31.273,1094.08,34215.16,SETTLED
T0000941,A00037,I0047,BUY,2026-08-08,14.672,83.61,1226.73,SETTLED
T0000942,A00037,I0005,BUY,2026-02-07,54.82,677.46,37138.36,SETTLED
T0000943,A00037,I0079,SELL,2026-05-29,52.406,129.04,6762.47,SETTLED
T0000944,A00037,I0057,SELL,2026-07-10,50.695,176.61,8953.24,SETTLED
T0000945,A00037,I0015,BUY,2026-02-18,61.672,2671.73,164770.93,SETTLED
T0000946,A00037,I0030,SELL,2025-10-12,22.764,1196.76,27243.04,SETTLED
T0000947,A00038,I0056,BUY,2025-05-26,14.419,72.29,1042.35,SETTLED
T0000948,A00038,I0072,BUY,2025-09-18,49.814,737.1,36717.9,SETTLED
T0000949,A00038,I0011,BUY,2025-11-17,24.626,1886.27,46451.29,SETTLED
T0000950,A00038,I0067,BUY,2025-04-27,13.566,799.52,10846.29,SETTLED
T0000951,A00038,I0061,BUY,2025-09-28,30.563,1229.53,37578.13,SETTLED
T0000952,A00038,I0015,BUY,2026-01-06,48.217,2650.24,127786.62,SETTLED
T0000953,A00038,I0075,SELL,2025-06-05,37.452,143.86,5387.84,SETTLED
T0000954,A00038,I0078,BUY,2025-10-10,62.671,99.37,6227.62,SETTLED
T0000955,A00038,I0067,FEE,2026-07-18,0,0,229.94,SETTLED
T0000956,A00038,I0070,SELL,2025-11-22,2.398,693.3,1662.53,SETTLED
T0000957,A00038,I0040,BUY,2025-07-05,12.293,535.85,6587.2,SETTLED
T0000958,A00038,I0010,BUY,2026-02-03,60.296,1766.0,106482.74,SETTLED
T0000959,A00038,I0028,BUY,2025-11-07,51.33,437.17,22439.94,SETTLED
T0000960,A00038,I0027,FEE,2025-10-30,0,0,107.01,SETTLED
T0000961,A00038,I0005,SELL,2025-01-12,71.901,624.47,44900.02,SETTLED
T0000962,A00038,I0032,BUY,2025-06-25,7.352,2125.1,15623.74,SETTLED
T0000963,A00038,I0059,BUY,2025-07-08,3.465,162.87,564.34,SETTLED
T0000964,A00038,I0013,SELL,2025-10-25,27.957,2216.82,61975.64,SETTLED
T0000965,A00038,I0062,BUY,2025-08-30,25.91,931.23,24128.17,SETTLED
T0000966,A00038,I0028,BUY,2025-07-17,44.445,498.95,22175.83,SETTLED
T0000967,A00038,I0023,SELL,2025-09-11,34.283,484.12,16597.09,SETTLED
T0000968,A00038,I0033,DIVIDEND,2026-04-29,0,0,792.85,SETTLED
T0000969,A00038,I0007,SELL,2025-06-09,72.996,427.31,31191.92,SETTLED
T0000970,A00038,I0005,FEE,2026-01-17,0,0,349.33,SETTLED
T0000971,A00038,I0069,BUY,2025-11-28,19.64,927.34,18212.96,SETTLED
T0000972,A00038,I0060,DIVIDEND,2026-05-10,0,0,727.11,SETTLED
T0000973,A00038,I0059,BUY,2025-10-06,25.857,186.47,4821.55,SETTLED
T0000974,A00038,I0077,BUY,2026-03-23,36.75,91.38,3358.21,SETTLED
T0000975,A00038,I0021,BUY,2025-05-08,41.428,200.05,8287.67,SETTLED
T0000976,A00038,I0080,BUY,2025-11-26,12.867,90.88,1169.35,SETTLED
T0000977,A00038,I0044,DIVIDEND,2026-07-17,0,0,3062.53,SETTLED
T0000978,A00038,I0075,BUY,2025-01-22,33.597,222.14,7463.24,SETTLED
T0000979,A00038,I0060,FEE,2025-10-20,0,0,216.88,SETTLED
T0000980,A00038,I0041,BUY,2026-02-01,9.513,385.53,3667.55,SETTLED
T0000981,A00038,I0072,BUY,2026-07-20,13.277,949.42,12605.45,SETTLED
T0000982,A00038,I0044,BUY,2026-08-30,45.028,42.5,1913.69,SETTLED
T0000983,A00038,I0033,SELL,2025-02-08,30.858,205.45,6339.78,SETTLED
T0000984,A00038,I0037,BUY,2026-04-05,54.692,202.15,11055.99,SETTLED
T0000985,A00038,I0018,BUY,2025-05-09,70.686,1181.58,83521.16,SETTLED
T0000986,A00038,I0063,DIVIDEND,2026-06-02,0,0,584.86,SETTLED
T0000987,A00039,I0067,SELL,2026-01-30,68.693,659.93,45332.57,SETTLED
T0000988,A00039,I0029,BUY,2025-09-18,41.879,147.01,6156.63,SETTLED
T0000989,A00039,I0061,BUY,2025-06-20,11.745,987.75,11601.12,SETTLED
T0000990,A00039,I0054,BUY,2026-08-23,36.161,77.3,2795.25,SETTLED
T0000991,A00039,I0024,BUY,2026-06-27,10.449,303.44,3170.64,SETTLED
T0000992,A00039,I0007,SELL,2026-06-09,28.901,521.88,15082.85,SETTLED
T0000993,A00039,I0063,DIVIDEND,2026-01-06,0,0,587.13,SETTLED
T0000994,A00039,I0003,SELL,2026-03-10,2.959,159.63,472.35,SETTLED
T0000995,A00039,I0076,BUY,2026-04-04,31.173,502.68,15670.04,SETTLED
T0000996,A00039,I0041,BUY,2026-03-30,17.97,579.03,10405.17,SETTLED
T0000997,A00039,I0012,SELL,2025-03-26,47.252,893.88,42237.62,SETTLED
T0000998,A00039,I0076,SELL,2025-06-22,32.577,489.19,15936.34,SETTLED
T0000999,A00039,I0008,BUY,2025-09-25,20.208,145.88,2947.94,SETTLED
T0001000,A00039,I0044,SELL,2025-10-27,51.357,37.87,1944.89,SETTLED
T0001001,A00039,I0058,BUY,2025-09-19,19.497,17.16,334.57,SETTLED
T0001002,A00040,I0071,BUY,2025-11-03,20.391,712.02,14518.8,SETTLED
T0001003,A00040,I0050,SELL,2026-09-07,32.021,95.16,3047.12,SETTLED
T0001004,A00040,I0058,SELL,2026-02-18,50.962,14.42,734.87,SETTLED
T0001005,A00040,I0032,BUY,2025-08-01,42.293,2304.19,97451.11,SETTLED
T0001006,A00040,I0025,BUY,2026-03-13,30.291,616.46,18673.19,SETTLED
T0001007,A00040,I0066,FEE,2025-06-07,0,0,270.61,SETTLED
T0001008,A00040,I0055,SELL,2026-08-14,3.955,52.53,207.76,SETTLED
T0001009,A00040,I0021,BUY,2025-11-07,37.738,203.06,7663.08,SETTLED
T0001010,A00040,I0053,SELL,2025-07-28,37.398,11.95,446.91,SETTLED
T0001011,A00040,I0032,SELL,2025-05-18,34.697,1877.14,65131.13,SETTLED
T0001012,A00040,I0018,SELL,2025-08-26,18.006,1121.99,20202.55,SETTLED
T0001013,A00040,I0076,SELL,2026-03-03,54.015,319.56,17261.03,SETTLED
T0001014,A00040,I0027,SELL,2025-02-25,53.018,1390.95,73745.39,SETTLED
T0001015,A00040,I0050,BUY,2026-08-06,20.174,115.05,2321.02,SETTLED
T0001016,A00040,I0017,SELL,2025-05-21,42.738,2294.18,98048.66,SETTLED
T0001017,A00040,I0029,BUY,2025-01-28,6.864,125.55,861.78,SETTLED
T0001018,A00040,I0046,BUY,2026-03-25,43.183,89.93,3883.45,SETTLED
T0001019,A00040,I0079,FEE,2025-09-07,0,0,167.86,SETTLED
T0001020,A00040,I0063,DIVIDEND,2025-03-06,0,0,3159.73,SETTLED
T0001021,A00040,I0020,SELL,2025-05-22,6.748,713.28,4813.21,SETTLED
T0001022,A00040,I0058,SELL,2025-07-21,54.715,19.09,1044.51,SETTLED
T0001023,A00040,I0067,FEE,2026-03-02,0,0,95.22,SETTLED
T0001024,A00041,I0063,BUY,2025-05-11,67.345,876.91,59055.5,SETTLED
T0001025,A00041,I0053,SELL,2025-07-25,50.42,16.65,839.49,SETTLED
T0001026,A00041,I0049,BUY,2026-02-26,7.687,23.6,181.41,SETTLED
T0001027,A00041,I0067,BUY,2025-12-12,16.109,1020.53,16439.72,SETTLED
T0001028,A00041,I0049,BUY,2025-01-22,25.154,25.28,635.89,SETTLED
T0001029,A00041,I0019,FEE,2025-11-04,0,0,206.04,SETTLED
T0001030,A00041,I0076,SELL,2025-03-04,61.168,376.48,23028.53,SETTLED
T0001031,A00041,I0047,BUY,2025-12-12,45.005,48.91,2201.19,SETTLED
T0001032,A00041,I0069,SELL,2025-09-06,1.44,1139.12,1640.33,SETTLED
T0001033,A00041,I0070,FEE,2025-01-12,0,0,278.29,SETTLED
T0001034,A00041,I0057,BUY,2025-12-02,21.044,175.4,3691.12,SETTLED
T0001035,A00041,I0012,BUY,2025-07-10,59.919,707.35,42383.7,SETTLED
T0001036,A00041,I0080,SELL,2025-09-18,74.341,89.53,6655.75,SETTLED
T0001037,A00041,I0049,DIVIDEND,2025-10-15,0,0,2578.66,REVERSED
T0001038,A00041,I0062,FEE,2025-05-02,0,0,151.82,SETTLED
T0001039,A00041,I0078,BUY,2025-08-04,4.187,98.7,413.26,SETTLED
T0001040,A00041,I0071,SELL,2026-05-10,27.408,1031.32,28266.42,SETTLED
T0001041,A00041,I0006,BUY,2026-06-28,1.365,1487.3,2030.16,SETTLED
T0001042,A00042,I0070,BUY,2026-09-03,41.937,944.29,39600.69,SETTLED
T0001043,A00042,I0072,FEE,2025-05-29,0,0,365.79,SETTLED
T0001044,A00042,I0004,SELL,2025-11-11,24.67,1117.11,27559.1,SETTLED
T0001045,A00042,I0071,BUY,2026-05-26,40.321,741.44,29895.6,SETTLED
T0001046,A00042,I0033,BUY,2025-03-18,33.715,215.73,7273.34,SETTLED
T0001047,A00042,I0080,BUY,2026-06-08,63.243,77.4,4895.01,SETTLED
T0001048,A00042,I0018,BUY,2026-07-06,58.856,1000.62,58892.49,SETTLED
T0001049,A00042,I0054,BUY,2025-04-30,57.833,84.01,4858.55,SETTLED
T0001050,A00042,I0007,BUY,2026-06-02,53.588,404.7,21687.06,SETTLED
T0001051,A00042,I0017,BUY,2026-06-21,66.022,2694.47,177894.3,SETTLED
T0001052,A00042,I0003,BUY,2025-09-16,27.255,96.93,2641.83,SETTLED
T0001053,A00042,I0013,DIVIDEND,2026-09-04,0,0,1085.23,SETTLED
T0001054,A00042,I0022,BUY,2026-01-25,2.134,322.21,687.6,SETTLED
T0001055,A00042,I0040,BUY,2025-01-11,41.495,407.88,16924.98,SETTLED
T0001056,A00042,I0005,SELL,2026-01-28,39.645,532.61,21115.32,SETTLED
T0001057,A00042,I0074,BUY,2026-05-21,72.824,116.73,8500.75,SETTLED
T0001058,A00043,I0030,BUY,2026-05-18,55.265,2216.86,122514.77,SETTLED
T0001059,A00043,I0022,BUY,2025-07-17,28.776,273.83,7879.73,REVERSED
T0001060,A00043,I0061,BUY,2026-03-20,58.419,951.31,55574.58,SETTLED
T0001061,A00043,I0036,BUY,2025-09-01,15.792,417.03,6585.74,SETTLED
T0001062,A00043,I0060,SELL,2025-12-01,46.264,112.64,5211.18,SETTLED
T0001063,A00043,I0051,BUY,2025-02-07,36.801,122.96,4525.05,SETTLED
T0001064,A00043,I0039,SELL,2026-08-20,60.692,92.3,5601.87,SETTLED
T0001065,A00043,I0079,SELL,2026-08-13,22.922,108.32,2482.91,SETTLED
T0001066,A00043,I0074,SELL,2025-01-17,34.055,109.81,3739.58,SETTLED
T0001067,A00043,I0050,BUY,2026-03-25,38.696,104.5,4043.73,SETTLED
T0001068,A00043,I0043,DIVIDEND,2025-07-15,0,0,190.33,SETTLED
T0001069,A00043,I0057,BUY,2025-06-08,73.596,133.1,9795.63,SETTLED
T0001070,A00043,I0009,SELL,2026-04-22,72.661,777.71,56509.19,SETTLED
T0001071,A00043,I0022,DIVIDEND,2025-01-20,0,0,3255.66,SETTLED
T0001072,A00043,I0080,SELL,2025-04-17,69.011,122.26,8437.28,SETTLED
T0001073,A00043,I0042,SELL,2025-02-10,57.321,211.84,12142.88,SETTLED
T0001074,A00043,I0055,DIVIDEND,2025-12-18,0,0,3607.05,SETTLED
T0001075,A00043,I0066,BUY,2025-09-01,48.1,1106.44,53219.76,SETTLED
T0001076,A00043,I0051,BUY,2025-09-18,50.254,143.07,7189.84,SETTLED
T0001077,A00043,I0017,BUY,2025-09-06,13.51,1957.55,26446.5,SETTLED
T0001078,A00043,I0031,BUY,2025-03-22,13.212,1493.06,19726.31,SETTLED
T0001079,A00043,I0002,SELL,2025-01-18,31.327,2745.81,86017.99,SETTLED
T0001080,A00043,I0025,SELL,2025-11-27,10.471,767.84,8040.05,SETTLED
T0001081,A00043,I0019,BUY,2025-10-04,48.239,2737.94,132075.49,SETTLED
T0001082,A00043,I0028,BUY,2026-08-05,55.685,374.61,20860.16,SETTLED
T0001083,A00043,I0016,DIVIDEND,2025-04-06,0,0,1985.92,SETTLED
T0001084,A00043,I0050,BUY,2025-07-25,5.242,122.66,642.98,SETTLED
T0001085,A00043,I0069,SELL,2025-08-17,42.727,1049.7,44850.53,SETTLED
T0001086,A00043,I0061,SELL,2026-03-02,28.501,884.95,25221.96,SETTLED
T0001087,A00043,I0011,FEE,2025-06-13,0,0,12.26,SETTLED
T0001088,A00043,I0064,BUY,2026-02-10,18.625,736.05,13708.93,SETTLED
T0001089,A00043,I0036,SELL,2026-07-05,36.669,417.33,15303.07,SETTLED
T0001090,A00043,I0051,SELL,2025-09-01,70.773,88.83,6286.77,SETTLED
T0001091,A00043,I0066,BUY,2025-08-15,65.136,1273.25,82934.41,REVERSED
T0001092,A00043,I0067,DIVIDEND,2026-08-01,0,0,2399.67,SETTLED
T0001093,A00043,I0063,SELL,2025-06-30,48.505,842.68,40874.19,SETTLED
T0001094,A00043,I0037,BUY,2025-07-28,29.018,206.4,5989.32,SETTLED
T0001095,A00043,I0074,SELL,2026-07-14,29.648,119.31,3537.3,SETTLED
T0001096,A00043,I0005,BUY,2026-06-13,57.395,484.64,27815.91,SETTLED
T0001097,A00043,I0041,DIVIDEND,2025-10-05,0,0,2674.1,SETTLED
T0001098,A00043,I0043,BUY,2026-08-17,39.749,29.86,1186.91,SETTLED
T0001099,A00043,I0006,FEE,2025-11-01,0,0,218.69,SETTLED
T0001100,A00044,I0070,BUY,2025-05-05,74.597,1094.22,81625.53,SETTLED
T0001101,A00044,I0077,SELL,2025-04-30,40.063,99.25,3976.25,SETTLED
T0001102,A00044,I0023,BUY,2026-05-14,58.275,432.6,25209.76,SETTLED
T0001103,A00044,I0076,BUY,2025-02-27,57.48,549.47,31583.54,SETTLED
T0001104,A00044,I0043,BUY,2026-02-22,58.546,42.9,2511.62,SETTLED
T0001105,A00044,I0056,BUY,2025-03-07,7.895,105.64,834.03,SETTLED
T0001106,A00044,I0067,SELL,2025-11-02,56.325,724.98,40834.5,SETTLED
T0001107,A00044,I0065,DIVIDEND,2026-01-02,0,0,892.25,SETTLED
T0001108,A00044,I0042,SELL,2025-07-04,43.648,186.62,8145.59,SETTLED
T0001109,A00044,I0016,BUY,2026-09-14,33.864,1600.98,54215.59,SETTLED
T0001110,A00044,I0080,SELL,2025-05-28,18.701,104.39,1952.2,SETTLED
T0001111,A00044,I0033,BUY,2025-08-17,62.176,312.92,19456.11,SETTLED
T0001112,A00044,I0022,BUY,2026-05-11,11.893,339.12,4033.15,SETTLED
T0001113,A00044,I0013,BUY,2025-03-10,46.815,1502.95,70360.6,SETTLED
T0001114,A00044,I0047,BUY,2025-12-09,58.597,83.71,4905.15,SETTLED
T0001115,A00044,I0054,BUY,2026-06-09,72.674,82.82,6018.86,SETTLED
T0001116,A00044,I0047,BUY,2026-04-26,42.923,50.55,2169.76,SETTLED
T0001117,A00044,I0047,BUY,2025-11-10,48.272,71.77,3464.48,SETTLED
T0001118,A00044,I0069,SELL,2025-05-05,41.049,843.11,34608.82,SETTLED
T0001119,A00044,I0005,BUY,2026-01-12,30.275,458.17,13871.1,SETTLED
T0001120,A00044,I0078,SELL,2025-12-12,23.245,129.97,3021.15,SETTLED
T0001121,A00044,I0062,BUY,2026-01-08,39.013,865.45,33763.8,SETTLED
T0001122,A00044,I0064,SELL,2025-09-18,41.668,960.24,40011.28,SETTLED
T0001123,A00044,I0039,BUY,2026-07-26,21.809,94.87,2069.02,SETTLED
T0001124,A00044,I0020,BUY,2025-01-21,69.063,594.01,41024.11,SETTLED
T0001125,A00044,I0058,BUY,2025-04-20,7.491,23.98,179.63,SETTLED
T0001126,A00044,I0019,SELL,2026-05-11,11.339,2094.07,23744.66,SETTLED
T0001127,A00044,I0005,BUY,2025-07-26,19.758,499.72,9873.47,SETTLED
T0001128,A00044,I0049,DIVIDEND,2025-05-14,0,0,187.03,SETTLED
T0001129,A00044,I0006,BUY,2026-06-06,55.641,1164.25,64780.03,SETTLED
T0001130,A00044,I0076,DIVIDEND,2026-09-05,0,0,3193.26,SETTLED
T0001131,A00044,I0046,BUY,2025-04-06,69.345,97.12,6734.79,SETTLED
T0001132,A00044,I0057,BUY,2025-08-07,5.0,223.8,1119.0,SETTLED
T0001133,A00044,I0011,SELL,2025-11-26,33.376,1900.04,63415.74,SETTLED
T0001134,A00044,I0034,BUY,2026-02-28,32.511,127.72,4152.3,SETTLED
T0001135,A00044,I0021,SELL,2026-02-21,67.212,195.86,13164.14,SETTLED
T0001136,A00044,I0032,BUY,2026-08-16,27.501,1614.14,44390.46,SETTLED
T0001137,A00044,I0025,BUY,2026-06-03,56.996,686.13,39106.67,SETTLED
T0001138,A00044,I0066,SELL,2026-01-25,52.379,1203.71,63049.13,SETTLED
T0001139,A00044,I0047,BUY,2025-06-23,54.343,59.75,3246.99,SETTLED
T0001140,A00044,I0031,FEE,2025-01-25,0,0,40.66,SETTLED
T0001141,A00044,I0034,BUY,2025-02-20,26.366,137.21,3617.68,SETTLED
T0001142,A00045,I0060,SELL,2025-08-16,45.129,86.86,3919.9,SETTLED
T0001143,A00045,I0071,BUY,2026-04-12,44.7,566.68,25330.6,SETTLED
T0001144,A00045,I0068,FEE,2026-06-07,0,0,311.04,SETTLED
T0001145,A00045,I0070,SELL,2026-06-30,55.69,947.75,52780.2,SETTLED
T0001146,A00045,I0002,SELL,2025-11-28,33.944,1723.46,58501.13,SETTLED
T0001147,A00045,I0055,BUY,2025-08-18,2.488,69.74,173.51,SETTLED
T0001148,A00045,I0038,BUY,2025-09-10,61.367,200.6,12310.22,SETTLED
T0001149,A00045,I0037,SELL,2026-05-07,26.508,280.67,7440.0,SETTLED
T0001150,A00045,I0028,SELL,2025-09-13,62.671,559.35,35055.02,SETTLED
T0001151,A00045,I0072,BUY,2025-08-22,16.813,659.77,11092.71,SETTLED
T0001152,A00045,I0062,SELL,2026-02-06,54.213,961.34,52117.13,SETTLED
T0001153,A00045,I0033,SELL,2025-04-12,22.501,298.64,6719.7,SETTLED
T0001154,A00045,I0073,BUY,2025-01-11,4.171,117.33,489.38,SETTLED
T0001155,A00045,I0004,BUY,2026-07-19,39.299,741.36,29134.71,SETTLED
T0001156,A00045,I0074,BUY,2025-04-24,25.079,122.63,3075.44,SETTLED
T0001157,A00045,I0047,SELL,2026-07-13,19.782,56.32,1114.12,SETTLED
T0001158,A00045,I0068,FEE,2025-02-05,0,0,389.17,SETTLED
T0001159,A00045,I0040,SELL,2025-02-26,30.224,374.59,11321.61,SETTLED
T0001160,A00045,I0078,SELL,2025-11-28,3.304,92.88,306.88,SETTLED
T0001161,A00046,I0019,SELL,2026-02-25,29.659,1541.61,45722.61,SETTLED
T0001162,A00046,I0059,BUY,2025-11-27,40.079,190.06,7617.41,SETTLED
T0001163,A00046,I0013,SELL,2025-10-26,67.081,1723.64,115623.49,SETTLED
T0001164,A00046,I0027,BUY,2026-01-15,23.429,943.87,22113.93,SETTLED
T0001165,A00046,I0036,BUY,2026-04-13,19.864,475.76,9450.5,SETTLED
T0001166,A00046,I0080,BUY,2025-06-15,44.551,109.82,4892.59,SETTLED
T0001167,A00046,I0074,FEE,2025-04-17,0,0,389.18,SETTLED
T0001168,A00046,I0033,BUY,2025-07-20,53.722,193.19,10378.55,SETTLED
T0001169,A00046,I0010,SELL,2026-08-31,12.046,1571.31,18928.0,SETTLED
T0001170,A00046,I0009,DIVIDEND,2025-12-21,0,0,2017.4,SETTLED
T0001171,A00046,I0044,SELL,2025-09-11,65.28,38.55,2516.54,SETTLED
T0001172,A00046,I0052,DIVIDEND,2025-10-13,0,0,1560.9,SETTLED
T0001173,A00046,I0017,BUY,2026-05-20,4.193,1987.35,8332.96,SETTLED
T0001174,A00046,I0042,BUY,2025-10-08,49.917,292.69,14610.21,SETTLED
T0001175,A00046,I0065,BUY,2025-09-08,55.415,1025.14,56808.13,SETTLED
T0001176,A00046,I0033,SELL,2025-03-02,33.597,309.38,10394.24,SETTLED
T0001177,A00046,I0037,SELL,2026-09-09,37.594,213.57,8028.95,SETTLED
T0001178,A00046,I0044,BUY,2026-08-04,38.863,59.56,2314.68,SETTLED
T0001179,A00046,I0070,BUY,2026-07-09,38.88,861.77,33505.62,SETTLED
T0001180,A00046,I0049,FEE,2026-09-18,0,0,469.16,SETTLED
T0001181,A00046,I0075,DIVIDEND,2025-12-08,0,0,1385.9,SETTLED
T0001182,A00046,I0017,BUY,2026-02-06,23.384,2089.39,48858.3,SETTLED
T0001183,A00046,I0067,FEE,2025-06-02,0,0,37.75,SETTLED
T0001184,A00047,I0004,SELL,2025-10-22,28.083,823.65,23130.56,SETTLED
T0001185,A00047,I0030,BUY,2026-07-20,32.94,2105.33,69349.57,SETTLED
T0001186,A00047,I0071,BUY,2025-12-11,35.221,932.2,32833.02,SETTLED
T0001187,A00047,I0057,FEE,2026-04-26,0,0,220.08,SETTLED
T0001188,A00047,I0069,BUY,2026-04-21,41.865,1048.67,43902.57,SETTLED
T0001189,A00047,I0070,SELL,2026-03-19,58.124,890.05,51733.27,SETTLED
T0001190,A00047,I0027,SELL,2025-08-12,53.397,1067.22,56986.35,SETTLED
T0001191,A00047,I0080,BUY,2025-03-15,28.33,98.31,2785.12,PENDING
T0001192,A00047,I0025,DIVIDEND,2025-10-27,0,0,301.95,SETTLED
T0001193,A00047,I0057,BUY,2025-09-18,19.784,173.44,3431.34,SETTLED
T0001194,A00047,I0020,FEE,2025-11-27,0,0,216.87,SETTLED
T0001195,A00047,I0008,SELL,2026-04-30,40.358,116.01,4681.93,SETTLED
T0001196,A00047,I0056,FEE,2025-02-25,0,0,101.97,SETTLED
T0001197,A00047,I0019,BUY,2025-06-16,16.957,1779.39,30173.12,SETTLED
T0001198,A00047,I0058,BUY,2025-06-01,5.098,22.85,116.49,SETTLED
T0001199,A00047,I0077,BUY,2026-02-28,27.48,88.38,2428.68,SETTLED
T0001200,A00047,I0022,BUY,2026-03-06,2.853,299.93,855.7,SETTLED
T0001201,A00047,I0032,SELL,2026-05-08,34.461,2426.48,83618.93,SETTLED
T0001202,A00047,I0019,SELL,2026-04-28,57.18,2553.53,146010.85,SETTLED
T0001203,A00047,I0051,BUY,2025-03-01,21.232,138.21,2934.47,SETTLED
T0001204,A00048,I0014,SELL,2025-03-08,61.379,2688.98,165046.9,SETTLED
T0001205,A00048,I0055,BUY,2026-01-30,54.742,70.96,3884.49,SETTLED
T0001206,A00048,I0036,BUY,2025-01-25,40.227,496.21,19961.04,SETTLED
T0001207,A00048,I0040,DIVIDEND,2025-09-12,0,0,794.43,PENDING
T0001208,A00048,I0036,BUY,2026-08-03,22.193,532.52,11818.22,SETTLED
T0001209,A00048,I0049,BUY,2025-03-17,9.089,25.77,234.22,SETTLED
T0001210,A00048,I0008,BUY,2025-03-19,66.436,172.61,11467.52,SETTLED
T0001211,A00048,I0020,BUY,2025-12-01,32.506,519.8,16896.62,SETTLED
T0001212,A00048,I0070,BUY,2025-05-01,47.261,874.15,41313.2,SETTLED
T0001213,A00048,I0022,BUY,2026-03-12,62.56,258.94,16199.29,SETTLED
T0001214,A00048,I0020,SELL,2025-02-02,53.88,555.96,29955.12,SETTLED
T0001215,A00048,I0028,SELL,2026-02-25,8.218,579.97,4766.19,SETTLED
T0001216,A00048,I0028,BUY,2026-02-24,25.648,341.67,8763.15,SETTLED
T0001217,A00048,I0077,BUY,2026-07-09,4.994,112.4,561.33,SETTLED
T0001218,A00048,I0027,SELL,2025-04-24,9.151,1502.61,13750.38,SETTLED
T0001219,A00048,I0035,SELL,2026-08-03,27.035,573.3,15499.17,SETTLED
T0001220,A00048,I0011,BUY,2025-06-30,50.101,2370.13,118745.88,SETTLED
T0001221,A00048,I0008,SELL,2025-07-25,65.671,167.71,11013.68,SETTLED
T0001222,A00048,I0060,BUY,2025-05-25,56.085,63.01,3533.92,SETTLED
T0001223,A00048,I0045,BUY,2025-10-23,47.328,50.2,2375.87,SETTLED
T0001224,A00048,I0066,BUY,2025-03-23,14.251,942.38,13429.86,SETTLED
T0001225,A00048,I0061,BUY,2026-06-13,32.464,819.27,26596.78,SETTLED
T0001226,A00048,I0071,BUY,2025-06-23,53.019,675.66,35822.82,SETTLED
T0001227,A00048,I0030,SELL,2025-03-11,72.746,1979.99,144036.35,SETTLED
T0001228,A00048,I0016,DIVIDEND,2025-02-27,0,0,3667.86,SETTLED
T0001229,A00048,I0002,BUY,2026-09-08,20.164,2050.44,41345.07,SETTLED
T0001230,A00048,I0058,BUY,2025-04-20,8.538,19.23,164.19,SETTLED
T0001231,A00048,I0007,SELL,2025-09-17,31.176,507.83,15832.11,SETTLED
T0001232,A00048,I0071,BUY,2025-07-01,22.255,919.55,20464.59,SETTLED
T0001233,A00048,I0010,FEE,2026-04-17,0,0,274.64,SETTLED
T0001234,A00048,I0034,SELL,2026-08-08,74.757,161.53,12075.5,SETTLED
T0001235,A00048,I0047,BUY,2025-01-18,74.399,64.72,4815.1,SETTLED
T0001236,A00048,I0056,BUY,2026-07-29,55.725,135.84,7569.68,SETTLED
T0001237,A00048,I0041,BUY,2025-01-23,49.303,390.04,19230.14,SETTLED
T0001238,A00048,I0009,DIVIDEND,2025-08-06,0,0,115.06,SETTLED
T0001239,A00048,I0012,SELL,2025-09-26,71.662,1107.27,79349.18,SETTLED
T0001240,A00048,I0058,BUY,2026-07-26,22.017,24.07,529.95,SETTLED
T0001241,A00048,I0073,BUY,2025-09-01,55.038,163.34,8989.91,SETTLED
T0001242,A00048,I0001,FEE,2025-06-30,0,0,310.8,SETTLED
T0001243,A00048,I0068,BUY,2025-12-27,70.771,947.87,67081.71,SETTLED
T0001244,A00049,I0004,SELL,2025-10-17,28.67,1137.6,32614.99,SETTLED
T0001245,A00049,I0076,BUY,2025-01-08,1.717,322.65,553.99,SETTLED
T0001246,A00049,I0037,BUY,2026-05-02,63.898,261.07,16681.85,SETTLED
T0001247,A00049,I0020,DIVIDEND,2025-06-01,0,0,3666.04,SETTLED
T0001248,A00049,I0038,BUY,2025-09-01,73.185,158.85,11625.44,REVERSED
T0001249,A00049,I0074,SELL,2025-11-01,8.82,97.08,856.25,SETTLED
T0001250,A00049,I0056,FEE,2026-08-20,0,0,422.29,SETTLED
T0001251,A00049,I0035,BUY,2026-08-23,24.277,714.27,17340.33,SETTLED
T0001252,A00049,I0042,SELL,2026-06-17,60.332,174.4,10521.9,SETTLED
T0001253,A00049,I0036,BUY,2026-08-13,41.483,434.85,18038.88,SETTLED
T0001254,A00049,I0066,BUY,2025-05-05,2.304,1200.59,2766.16,SETTLED
T0001255,A00049,I0052,DIVIDEND,2026-05-11,0,0,3586.15,SETTLED
T0001256,A00049,I0035,SELL,2025-11-21,67.371,752.43,50691.96,SETTLED
T0001257,A00049,I0006,BUY,2025-04-05,71.061,1634.3,116134.99,SETTLED
T0001258,A00049,I0021,DIVIDEND,2026-03-17,0,0,75.5,SETTLED
T0001259,A00049,I0013,BUY,2026-04-08,46.885,1931.71,90568.22,SETTLED
T0001260,A00049,I0078,BUY,2026-08-17,71.422,131.85,9416.99,SETTLED
T0001261,A00049,I0074,BUY,2026-08-14,13.398,132.57,1776.17,SETTLED
T0001262,A00049,I0058,SELL,2025-05-14,54.2,22.81,1236.3,SETTLED
T0001263,A00049,I0025,BUY,2026-06-30,7.737,641.41,4962.59,SETTLED
T0001264,A00049,I0072,DIVIDEND,2025-01-26,0,0,1114.33,SETTLED
T0001265,A00049,I0037,SELL,2025-09-07,74.276,241.68,17951.02,SETTLED
T0001266,A00049,I0064,BUY,2025-11-20,21.192,863.31,18295.27,SETTLED
T0001267,A00049,I0076,FEE,2026-01-17,0,0,61.46,SETTLED
T0001268,A00049,I0032,BUY,2025-12-22,30.872,2065.29,63759.63,SETTLED
T0001269,A00049,I0014,BUY,2025-07-12,21.609,1644.46,35535.14,SETTLED
T0001270,A00049,I0072,BUY,2025-11-28,56.651,670.87,38005.46,SETTLED
T0001271,A00049,I0051,SELL,2025-10-04,16.57,152.33,2524.11,SETTLED
T0001272,A00049,I0043,BUY,2026-02-07,66.317,32.06,2126.12,SETTLED
T0001273,A00049,I0022,BUY,2025-12-13,8.856,335.86,2974.38,SETTLED
T0001274,A00049,I0042,DIVIDEND,2026-04-17,0,0,1865.41,SETTLED
T0001275,A00049,I0002,BUY,2025-06-05,32.509,1886.23,61319.45,SETTLED
T0001276,A00049,I0072,FEE,2025-06-04,0,0,433.21,SETTLED
T0001277,A00050,I0001,DIVIDEND,2026-08-19,0,0,3648.35,SETTLED
T0001278,A00050,I0065,DIVIDEND,2026-05-06,0,0,857.3,SETTLED
T0001279,A00050,I0003,DIVIDEND,2026-04-12,0,0,1767.57,SETTLED
T0001280,A00050,I0068,SELL,2025-10-06,47.155,1185.83,55917.81,PENDING
T0001281,A00050,I0029,SELL,2025-08-15,62.181,206.55,12843.49,SETTLED
T0001282,A00050,I0037,SELL,2025-06-23,1.855,295.91,548.91,SETTLED
T0001283,A00050,I0049,BUY,2026-08-09,33.003,28.65,945.54,SETTLED
T0001284,A00050,I0078,SELL,2025-07-09,49.545,73.32,3632.64,SETTLED
T0001285,A00050,I0012,SELL,2026-07-26,57.351,1090.42,62536.68,SETTLED
T0001286,A00050,I0075,SELL,2025-08-26,50.112,181.96,9118.38,SETTLED
T0001287,A00050,I0064,BUY,2026-02-23,62.419,927.71,57906.73,SETTLED
T0001288,A00050,I0062,BUY,2026-03-22,43.869,790.86,34694.24,SETTLED
T0001289,A00050,I0076,SELL,2026-03-13,64.14,470.26,30162.48,SETTLED
T0001290,A00050,I0043,FEE,2026-08-30,0,0,283.68,SETTLED
T0001291,A00051,I0064,SELL,2026-08-18,65.211,947.61,61794.6,SETTLED
T0001292,A00051,I0013,BUY,2025-01-16,42.55,2469.27,105067.44,SETTLED
T0001293,A00051,I0006,BUY,2025-09-26,67.653,1646.74,111406.9,SETTLED
T0001294,A00051,I0012,FEE,2025-07-14,0,0,362.48,SETTLED
T0001295,A00051,I0040,FEE,2026-04-29,0,0,382.65,SETTLED
T0001296,A00051,I0073,DIVIDEND,2026-01-22,0,0,1306.48,SETTLED
T0001297,A00051,I0047,BUY,2026-03-31,55.162,85.59,4721.32,SETTLED
T0001298,A00051,I0021,BUY,2026-01-25,42.286,313.26,13246.51,SETTLED
T0001299,A00051,I0068,SELL,2026-04-17,8.385,1413.72,11854.04,SETTLED
T0001300,A00051,I0046,DIVIDEND,2026-05-14,0,0,392.7,SETTLED
T0001301,A00051,I0004,SELL,2026-09-18,22.453,811.15,18212.75,SETTLED
T0001302,A00051,I0018,SELL,2025-12-24,51.469,1352.49,69611.31,SETTLED
T0001303,A00051,I0067,SELL,2026-03-04,66.691,985.69,65736.65,SETTLED
T0001304,A00051,I0044,BUY,2026-07-10,50.074,51.75,2591.33,SETTLED
T0001305,A00051,I0012,DIVIDEND,2026-01-20,0,0,1416.95,SETTLED
T0001306,A00051,I0033,BUY,2025-08-03,26.085,254.74,6644.89,SETTLED
T0001307,A00051,I0074,BUY,2025-11-15,41.506,129.6,5379.18,SETTLED
T0001308,A00051,I0053,SELL,2025-09-28,69.417,15.85,1100.26,SETTLED
T0001309,A00051,I0035,BUY,2025-08-16,52.968,669.66,35470.55,SETTLED
T0001310,A00051,I0032,SELL,2025-01-01,50.794,1711.8,86949.17,SETTLED
T0001311,A00051,I0037,SELL,2026-08-18,37.453,194.32,7277.87,SETTLED
T0001312,A00051,I0078,SELL,2026-02-20,36.505,77.09,2814.17,SETTLED
T0001313,A00051,I0047,SELL,2026-06-16,41.099,64.91,2667.74,SETTLED
T0001314,A00051,I0046,BUY,2026-04-14,14.013,83.49,1169.95,SETTLED
T0001315,A00051,I0055,DIVIDEND,2025-09-26,0,0,373.74,SETTLED
T0001316,A00051,I0037,BUY,2025-06-13,35.59,239.56,8525.94,SETTLED
T0001317,A00051,I0056,SELL,2025-01-18,5.824,102.97,599.7,SETTLED
T0001318,A00051,I0066,BUY,2026-07-16,8.308,714.29,5934.32,SETTLED
T0001319,A00051,I0039,DIVIDEND,2025-03-01,0,0,225.01,SETTLED
T0001320,A00051,I0046,SELL,2026-02-04,16.363,118.19,1933.94,SETTLED
T0001321,A00051,I0076,SELL,2025-07-10,16.251,418.99,6809.01,SETTLED
T0001322,A00051,I0080,SELL,2026-07-14,27.421,80.87,2217.54,SETTLED
T0001323,A00051,I0053,SELL,2025-12-29,36.712,13.69,502.59,SETTLED
T0001324,A00051,I0062,BUY,2025-01-18,8.254,1012.73,8359.07,SETTLED
T0001325,A00051,I0055,SELL,2026-07-12,17.358,53.79,933.69,SETTLED
T0001326,A00052,I0007,SELL,2025-05-04,59.741,564.51,33724.39,SETTLED
T0001327,A00052,I0028,FEE,2025-04-11,0,0,314.81,SETTLED
T0001328,A00052,I0033,DIVIDEND,2026-05-08,0,0,3914.87,SETTLED
T0001329,A00052,I0046,BUY,2026-06-25,22.733,121.09,2752.74,SETTLED
T0001330,A00052,I0074,FEE,2025-12-02,0,0,312.4,SETTLED
T0001331,A00052,I0001,SELL,2025-03-24,40.986,1077.07,44144.79,REVERSED
T0001332,A00052,I0067,SELL,2026-08-09,4.802,720.27,3458.74,SETTLED
T0001333,A00052,I0033,FEE,2025-04-10,0,0,107.24,SETTLED
T0001334,A00052,I0053,SELL,2026-09-13,68.986,13.34,920.27,SETTLED
T0001335,A00052,I0033,BUY,2026-04-22,22.579,322.85,7289.63,SETTLED
T0001336,A00052,I0026,BUY,2025-03-29,39.362,113.53,4468.77,SETTLED
T0001337,A00052,I0023,BUY,2025-11-06,63.57,570.22,36248.89,SETTLED
T0001338,A00052,I0045,FEE,2025-02-20,0,0,361.87,SETTLED
T0001339,A00052,I0062,BUY,2025-04-26,58.676,934.73,54846.22,SETTLED
T0001340,A00052,I0037,SELL,2026-07-12,36.685,261.96,9610.0,SETTLED
T0001341,A00052,I0079,FEE,2026-06-09,0,0,149.65,SETTLED
T0001342,A00052,I0077,SELL,2025-01-19,45.754,72.93,3336.84,REVERSED
T0001343,A00052,I0079,DIVIDEND,2026-01-31,0,0,2224.95,SETTLED
T0001344,A00052,I0045,BUY,2026-05-29,70.297,56.17,3948.58,SETTLED
T0001345,A00052,I0074,BUY,2025-04-17,60.431,135.91,8213.18,SETTLED
T0001346,A00052,I0025,DIVIDEND,2025-08-08,0,0,1469.77,SETTLED
T0001347,A00052,I0029,FEE,2026-06-18,0,0,222.42,SETTLED
T0001348,A00052,I0040,SELL,2025-12-27,23.357,429.73,10037.2,SETTLED
T0001349,A00052,I0079,BUY,2026-02-09,5.489,110.37,605.82,SETTLED
T0001350,A00052,I0037,SELL,2025-07-17,37.562,178.81,6716.46,PENDING
T0001351,A00052,I0022,SELL,2025-03-22,7.87,291.38,2293.16,SETTLED
T0001352,A00052,I0058,SELL,2025-10-08,41.62,16.98,706.71,SETTLED
T0001353,A00052,I0063,SELL,2025-04-07,5.856,1061.06,6213.57,SETTLED
T0001354,A00052,I0045,SELL,2026-02-07,64.413,91.79,5912.47,SETTLED
T0001355,A00052,I0019,SELL,2025-08-24,9.257,2356.83,21817.18,SETTLED
T0001356,A00052,I0038,DIVIDEND,2026-06-28,0,0,352.03,SETTLED
T0001357,A00052,I0044,BUY,2026-01-03,19.086,55.41,1057.56,SETTLED
T0001358,A00052,I0012,BUY,2025-03-29,24.056,734.91,17678.99,SETTLED
T0001359,A00052,I0027,DIVIDEND,2026-07-22,0,0,670.3,SETTLED
T0001360,A00052,I0031,BUY,2025-12-30,39.895,1565.99,62475.17,SETTLED
T0001361,A00052,I0050,BUY,2026-08-10,34.67,99.35,3444.46,SETTLED
T0001362,A00052,I0020,BUY,2025-09-03,2.402,617.79,1483.93,SETTLED
T0001363,A00052,I0005,DIVIDEND,2025-10-04,0,0,1851.41,SETTLED
T0001364,A00053,I0008,BUY,2026-04-29,56.614,160.1,9063.9,SETTLED
T0001365,A00053,I0067,BUY,2026-01-15,5.441,950.93,5174.01,SETTLED
T0001366,A00053,I0067,FEE,2025-10-10,0,0,317.18,SETTLED
T0001367,A00053,I0061,BUY,2026-08-31,20.018,1123.18,22483.82,SETTLED
T0001368,A00053,I0080,BUY,2026-04-19,71.327,70.38,5019.99,SETTLED
T0001369,A00053,I0066,SELL,2026-03-12,51.268,1056.34,54156.44,SETTLED
T0001370,A00053,I0045,SELL,2026-04-13,27.502,86.39,2375.9,SETTLED
T0001371,A00053,I0003,BUY,2025-08-28,23.947,122.85,2941.89,SETTLED
T0001372,A00053,I0079,SELL,2025-03-22,23.86,128.38,3063.15,SETTLED
T0001373,A00053,I0026,BUY,2026-02-28,53.428,85.69,4578.25,SETTLED
T0001374,A00053,I0013,BUY,2026-09-13,16.587,2365.01,39228.42,SETTLED
T0001375,A00053,I0048,BUY,2026-06-19,52.96,119.45,6326.07,SETTLED
T0001376,A00053,I0022,BUY,2025-01-18,51.386,198.75,10212.97,SETTLED
T0001377,A00053,I0016,BUY,2025-02-26,19.946,1104.26,22025.57,SETTLED
T0001378,A00053,I0060,DIVIDEND,2025-08-31,0,0,2912.72,SETTLED
T0001379,A00054,I0031,BUY,2025-11-09,72.045,1087.32,78335.97,SETTLED
T0001380,A00054,I0037,BUY,2026-03-17,72.247,230.09,16623.31,SETTLED
T0001381,A00054,I0047,BUY,2025-04-17,17.924,52.89,948.0,SETTLED
T0001382,A00054,I0003,FEE,2026-07-10,0,0,475.43,SETTLED
T0001383,A00054,I0026,DIVIDEND,2025-05-07,0,0,1267.8,SETTLED
T0001384,A00054,I0055,SELL,2026-06-07,43.542,51.46,2240.67,SETTLED
T0001385,A00054,I0045,BUY,2025-08-08,14.995,59.6,893.7,SETTLED
T0001386,A00054,I0020,SELL,2026-05-07,70.803,729.63,51659.99,SETTLED
T0001387,A00054,I0023,BUY,2026-05-31,13.878,624.08,8660.98,SETTLED
T0001388,A00054,I0073,FEE,2025-01-10,0,0,210.52,SETTLED
T0001389,A00054,I0005,DIVIDEND,2026-01-15,0,0,974.36,SETTLED
T0001390,A00054,I0074,BUY,2026-02-21,66.888,88.0,5886.14,SETTLED
T0001391,A00054,I0020,SELL,2026-06-22,6.589,865.21,5700.87,SETTLED
T0001392,A00054,I0018,DIVIDEND,2026-03-06,0,0,2867.62,SETTLED
T0001393,A00054,I0026,BUY,2026-01-17,13.59,123.92,1684.07,SETTLED
T0001394,A00054,I0065,SELL,2026-02-10,66.099,899.65,59465.97,SETTLED
T0001395,A00054,I0029,BUY,2026-01-06,37.434,143.77,5381.89,SETTLED
T0001396,A00054,I0051,BUY,2026-04-02,5.208,163.48,851.4,SETTLED
T0001397,A00054,I0012,FEE,2026-09-10,0,0,315.8,SETTLED
T0001398,A00054,I0073,BUY,2025-09-12,28.348,152.89,4334.13,SETTLED
T0001399,A00054,I0020,BUY,2026-07-27,70.532,611.08,43100.69,PENDING
T0001400,A00054,I0072,BUY,2026-04-16,58.85,892.1,52500.08,SETTLED
T0001401,A00054,I0068,BUY,2025-09-28,40.054,1054.25,42226.93,SETTLED
T0001402,A00054,I0043,SELL,2025-06-30,8.781,39.14,343.69,SETTLED
T0001403,A00054,I0056,BUY,2026-03-24,12.204,126.28,1541.12,SETTLED
T0001404,A00054,I0079,BUY,2025-04-15,71.31,108.11,7709.32,SETTLED
T0001405,A00054,I0010,BUY,2026-02-08,37.181,1408.06,52353.08,SETTLED
T0001406,A00054,I0014,SELL,2026-07-23,65.677,2570.51,168823.39,SETTLED
T0001407,A00054,I0006,SELL,2026-09-15,59.307,1405.72,83369.04,SETTLED
T0001408,A00054,I0039,BUY,2025-02-14,23.863,81.94,1955.33,SETTLED
T0001409,A00054,I0055,BUY,2025-08-29,72.829,53.13,3869.4,SETTLED
T0001410,A00054,I0024,SELL,2026-01-20,28.585,175.54,5017.81,SETTLED
T0001411,A00054,I0003,BUY,2025-11-27,34.641,127.77,4426.08,SETTLED
T0001412,A00054,I0074,SELL,2026-01-19,11.668,89.26,1041.49,SETTLED
T0001413,A00054,I0075,BUY,2026-05-30,33.148,163.55,5421.36,SETTLED
T0001414,A00055,I0011,BUY,2025-07-13,7.178,2703.54,19406.01,SETTLED
T0001415,A00055,I0001,SELL,2026-07-14,1.304,966.78,1260.68,PENDING
T0001416,A00055,I0075,FEE,2025-09-17,0,0,95.31,SETTLED
T0001417,A00055,I0069,SELL,2026-01-02,7.721,1192.37,9206.29,SETTLED
T0001418,A00055,I0018,SELL,2025-08-22,45.978,1305.82,60038.99,SETTLED
T0001419,A00055,I0070,BUY,2025-07-12,37.351,985.39,36805.3,SETTLED
T0001420,A00055,I0061,SELL,2025-11-04,68.432,1017.26,69613.14,SETTLED
T0001421,A00055,I0078,FEE,2025-07-04,0,0,417.53,SETTLED
T0001422,A00055,I0022,SELL,2026-07-21,69.202,209.58,14503.36,SETTLED
T0001423,A00055,I0020,BUY,2025-06-26,40.181,947.34,38065.07,PENDING
T0001424,A00055,I0053,DIVIDEND,2026-02-02,0,0,2100.98,SETTLED
T0001425,A00055,I0007,SELL,2026-04-06,45.622,595.89,27185.69,SETTLED
T0001426,A00055,I0005,BUY,2026-03-12,13.751,632.98,8704.11,SETTLED
T0001427,A00055,I0002,BUY,2025-02-15,41.65,1947.93,81131.28,SETTLED
T0001428,A00055,I0010,BUY,2026-08-23,44.455,1436.09,63841.38,SETTLED
T0001429,A00055,I0030,SELL,2026-08-17,42.323,1820.6,77053.25,SETTLED
T0001430,A00055,I0048,SELL,2026-02-23,27.458,159.34,4375.16,SETTLED
T0001431,A00055,I0044,BUY,2025-05-23,11.07,39.59,438.26,SETTLED
T0001432,A00055,I0016,BUY,2026-02-09,15.459,1195.35,18478.92,SETTLED
T0001433,A00055,I0053,FEE,2025-08-18,0,0,70.18,REVERSED
T0001434,A00055,I0068,SELL,2026-09-03,6.849,848.87,5813.91,SETTLED
T0001435,A00056,I0021,BUY,2026-09-02,47.687,218.0,10395.77,SETTLED
T0001436,A00056,I0046,SELL,2025-08-29,26.103,87.72,2289.76,SETTLED
T0001437,A00056,I0062,BUY,2026-05-16,29.184,796.87,23255.85,SETTLED
T0001438,A00056,I0060,FEE,2025-08-11,0,0,166.3,SETTLED
T0001439,A00056,I0005,BUY,2026-09-15,55.861,359.62,20088.73,SETTLED
T0001440,A00056,I0001,BUY,2026-07-28,50.291,789.29,39694.18,SETTLED
T0001441,A00056,I0035,BUY,2026-07-03,53.136,794.45,42213.9,SETTLED
T0001442,A00056,I0022,DIVIDEND,2026-03-01,0,0,3981.38,SETTLED
T0001443,A00056,I0035,BUY,2025-02-01,36.6,648.96,23751.94,SETTLED
T0001444,A00056,I0066,SELL,2025-07-07,53.91,1159.53,62510.26,SETTLED
T0001445,A00056,I0023,DIVIDEND,2025-06-11,0,0,4477.21,SETTLED
T0001446,A00056,I0049,BUY,2026-06-27,38.963,26.25,1022.78,SETTLED
T0001447,A00056,I0077,DIVIDEND,2025-01-25,0,0,450.81,SETTLED
T0001448,A00056,I0014,SELL,2025-05-11,46.968,1955.85,91862.36,SETTLED
T0001449,A00056,I0073,FEE,2026-07-25,0,0,287.32,SETTLED
T0001450,A00056,I0021,BUY,2025-01-02,32.21,322.32,10381.93,SETTLED
T0001451,A00056,I0062,DIVIDEND,2026-05-17,0,0,3351.22,SETTLED
T0001452,A00056,I0073,BUY,2025-05-11,10.093,178.34,1799.99,SETTLED
T0001453,A00056,I0059,FEE,2025-04-17,0,0,275.24,SETTLED
T0001454,A00057,I0036,BUY,2026-01-16,36.899,543.13,20040.95,SETTLED
T0001455,A00057,I0008,BUY,2025-01-14,22.888,134.75,3084.16,SETTLED
T0001456,A00057,I0079,BUY,2026-06-26,70.647,120.04,8480.47,SETTLED
T0001457,A00057,I0076,BUY,2025-11-10,20.496,494.45,10134.25,SETTLED
T0001458,A00057,I0077,BUY,2025-01-19,30.443,75.03,2284.14,SETTLED
T0001459,A00057,I0080,DIVIDEND,2025-07-30,0,0,1405.76,SETTLED
T0001460,A00057,I0053,SELL,2026-03-11,66.557,9.81,652.92,SETTLED
T0001461,A00057,I0055,SELL,2026-04-12,30.642,69.28,2122.88,SETTLED
T0001462,A00057,I0073,FEE,2025-08-25,0,0,353.23,SETTLED
T0001463,A00057,I0042,BUY,2026-06-12,3.518,274.68,966.32,SETTLED
T0001464,A00057,I0049,BUY,2025-04-29,68.053,26.43,1798.64,SETTLED
T0001465,A00057,I0054,DIVIDEND,2026-04-30,0,0,3936.8,SETTLED
T0001466,A00057,I0035,SELL,2026-01-07,73.831,492.0,36324.85,SETTLED
T0001467,A00057,I0071,BUY,2026-07-29,36.185,567.42,20532.09,SETTLED
T0001468,A00057,I0038,BUY,2025-12-08,53.262,178.2,9491.29,SETTLED
T0001469,A00057,I0036,BUY,2025-12-30,46.614,508.92,23722.8,SETTLED
T0001470,A00057,I0057,BUY,2026-08-22,48.255,136.39,6581.5,SETTLED
T0001471,A00057,I0026,SELL,2026-01-22,30.078,102.28,3076.38,SETTLED
T0001472,A00057,I0026,SELL,2025-03-15,5.329,124.13,661.49,SETTLED
T0001473,A00057,I0011,FEE,2025-05-16,0,0,26.22,SETTLED
T0001474,A00057,I0017,BUY,2026-04-03,7.884,2204.73,17382.09,SETTLED
T0001475,A00057,I0073,BUY,2025-03-16,18.401,185.46,3412.65,SETTLED
T0001476,A00057,I0044,SELL,2025-06-06,47.756,48.99,2339.57,SETTLED
T0001477,A00057,I0050,BUY,2026-01-08,60.46,83.32,5037.53,SETTLED
T0001478,A00057,I0038,FEE,2025-10-31,0,0,216.02,SETTLED
T0001479,A00057,I0027,BUY,2026-02-26,10.527,1559.15,16413.17,SETTLED
T0001480,A00057,I0020,SELL,2026-09-12,49.533,886.58,43914.97,SETTLED
T0001481,A00057,I0029,SELL,2025-02-12,46.696,197.15,9206.12,SETTLED
T0001482,A00057,I0021,SELL,2025-04-12,70.023,288.32,20189.03,SETTLED
T0001483,A00057,I0010,BUY,2026-02-13,49.619,2147.91,106577.15,SETTLED
T0001484,A00057,I0001,BUY,2025-09-16,59.125,1012.53,59865.84,SETTLED
T0001485,A00057,I0003,SELL,2026-02-23,66.251,128.76,8530.48,SETTLED
T0001486,A00057,I0044,BUY,2026-03-17,12.488,60.39,754.15,SETTLED
T0001487,A00057,I0073,SELL,2025-09-13,29.382,173.19,5088.67,SETTLED
T0001488,A00057,I0035,SELL,2026-06-03,3.897,779.55,3037.91,SETTLED
T0001489,A00057,I0041,BUY,2025-01-04,65.207,360.46,23504.52,SETTLED
T0001490,A00057,I0033,SELL,2025-04-11,65.587,332.14,21784.07,SETTLED
T0001491,A00057,I0069,FEE,2025-02-20,0,0,265.62,SETTLED
T0001492,A00057,I0015,SELL,2026-05-03,22.645,2664.13,60329.22,SETTLED
T0001493,A00057,I0080,SELL,2025-03-14,62.706,72.42,4541.17,SETTLED
T0001494,A00057,I0020,DIVIDEND,2025-07-15,0,0,1093.67,SETTLED
T0001495,A00058,I0038,SELL,2026-03-11,34.268,140.32,4808.49,SETTLED
T0001496,A00058,I0043,SELL,2026-04-04,4.299,23.87,102.62,SETTLED
T0001497,A00058,I0064,BUY,2025-07-20,32.106,1211.97,38911.51,SETTLED
T0001498,A00058,I0056,BUY,2026-06-23,36.928,131.07,4840.15,SETTLED
T0001499,A00058,I0028,DIVIDEND,2025-09-19,0,0,2891.01,SETTLED
T0001500,A00058,I0045,BUY,2025-04-25,22.909,56.22,1287.94,SETTLED
T0001501,A00058,I0047,BUY,2026-04-23,29.402,67.54,1985.81,SETTLED
T0001502,A00058,I0059,BUY,2026-06-26,35.865,124.71,4472.72,SETTLED
T0001503,A00058,I0080,SELL,2025-05-25,72.325,110.63,8001.31,SETTLED
T0001504,A00058,I0071,SELL,2026-05-25,31.305,1040.6,32575.98,SETTLED
T0001505,A00058,I0002,FEE,2025-09-24,0,0,469.42,SETTLED
T0001506,A00058,I0032,SELL,2025-07-26,32.585,1692.84,55161.19,SETTLED
T0001507,A00058,I0068,BUY,2026-04-29,13.969,1057.73,14775.43,SETTLED
T0001508,A00058,I0045,BUY,2026-02-22,64.991,64.57,4196.47,SETTLED
T0001509,A00058,I0056,BUY,2025-07-13,72.501,123.78,8974.17,SETTLED
T0001510,A00058,I0071,SELL,2026-03-28,44.062,743.35,32753.49,SETTLED
T0001511,A00058,I0023,BUY,2026-06-21,36.481,467.9,17069.46,SETTLED
T0001512,A00058,I0019,SELL,2025-01-31,39.137,1748.58,68434.18,SETTLED
T0001513,A00058,I0073,SELL,2026-01-29,10.034,110.5,1108.76,SETTLED
T0001514,A00058,I0063,BUY,2025-01-19,58.572,1056.52,61882.49,SETTLED
T0001515,A00058,I0039,SELL,2025-08-30,74.486,84.53,6296.3,SETTLED
T0001516,A00058,I0064,SELL,2026-06-22,18.801,694.6,13059.17,SETTLED
T0001517,A00058,I0023,BUY,2026-02-25,11.452,564.14,6460.53,SETTLED
T0001518,A00058,I0060,SELL,2025-02-03,44.515,116.67,5193.57,SETTLED
T0001519,A00058,I0016,SELL,2026-07-17,37.864,1112.43,42121.05,SETTLED
T0001520,A00058,I0069,DIVIDEND,2025-05-18,0,0,3193.2,SETTLED
T0001521,A00058,I0061,BUY,2026-06-08,29.852,980.53,29270.78,SETTLED
T0001522,A00059,I0012,BUY,2026-01-31,39.926,1022.19,40811.96,SETTLED
T0001523,A00059,I0067,SELL,2025-09-17,1.422,952.35,1354.24,SETTLED
T0001524,A00059,I0021,DIVIDEND,2025-10-27,0,0,2327.76,SETTLED
T0001525,A00059,I0040,BUY,2026-08-21,47.492,597.15,28359.85,SETTLED
T0001526,A00059,I0039,BUY,2026-01-09,16.46,84.11,1384.45,SETTLED
T0001527,A00059,I0023,BUY,2026-08-20,37.949,658.65,24995.11,SETTLED
T0001528,A00059,I0006,SELL,2025-11-22,31.3,1154.6,36138.98,REVERSED
T0001529,A00059,I0057,SELL,2026-08-03,32.68,121.26,3962.78,SETTLED
T0001530,A00059,I0012,BUY,2025-07-14,68.28,625.45,42705.73,SETTLED
T0001531,A00059,I0079,SELL,2025-12-11,64.695,125.73,8134.1,SETTLED
T0001532,A00059,I0056,FEE,2025-04-06,0,0,340.95,SETTLED
T0001533,A00059,I0053,SELL,2026-04-03,14.191,17.22,244.37,SETTLED
T0001534,A00059,I0061,BUY,2026-01-18,55.8,1113.94,62157.85,SETTLED
T0001535,A00059,I0056,SELL,2026-04-30,63.51,86.16,5472.02,SETTLED
T0001536,A00059,I0061,BUY,2026-08-04,9.33,1178.36,10994.1,SETTLED
T0001537,A00059,I0072,BUY,2025-08-11,33.827,1126.42,38103.41,SETTLED
T0001538,A00059,I0012,BUY,2025-12-26,53.758,658.94,35423.3,SETTLED
T0001539,A00059,I0076,BUY,2026-09-13,21.638,539.15,11666.13,SETTLED
T0001540,A00059,I0076,SELL,2025-03-20,41.437,350.89,14539.83,SETTLED
T0001541,A00059,I0033,FEE,2026-01-17,0,0,423.36,SETTLED
T0001542,A00059,I0067,FEE,2026-01-07,0,0,59.73,SETTLED
T0001543,A00059,I0046,DIVIDEND,2025-05-05,0,0,3196.87,SETTLED
T0001544,A00059,I0020,DIVIDEND,2025-02-19,0,0,4118.65,SETTLED
T0001545,A00059,I0067,BUY,2026-06-14,40.359,919.93,37127.45,SETTLED
T0001546,A00059,I0055,SELL,2026-07-15,47.621,75.5,3595.39,SETTLED
T0001547,A00059,I0051,BUY,2025-04-20,9.125,103.53,944.71,SETTLED
T0001548,A00059,I0030,BUY,2025-03-21,8.907,1776.4,15822.39,SETTLED
T0001549,A00059,I0042,SELL,2026-04-15,69.996,244.98,17147.62,SETTLED
T0001550,A00059,I0047,BUY,2026-02-18,46.667,50.35,2349.68,SETTLED
T0001551,A00060,I0055,DIVIDEND,2026-09-06,0,0,2823.17,SETTLED
T0001552,A00060,I0036,BUY,2025-09-05,73.003,355.7,25967.17,SETTLED
T0001553,A00060,I0061,SELL,2025-03-15,57.406,835.99,47990.84,SETTLED
T0001554,A00060,I0039,SELL,2025-12-20,25.112,80.17,2013.23,SETTLED
T0001555,A00060,I0049,BUY,2025-09-14,39.662,24.84,985.2,SETTLED
T0001556,A00060,I0051,SELL,2025-01-18,54.699,131.0,7165.57,SETTLED
T0001557,A00060,I0032,BUY,2025-12-05,53.555,2152.63,115284.1,SETTLED
T0001558,A00060,I0041,DIVIDEND,2026-05-06,0,0,2965.16,SETTLED
T0001559,A00060,I0001,BUY,2025-09-24,24.96,1173.02,29278.58,SETTLED
T0001560,A00060,I0024,BUY,2025-12-17,13.068,220.5,2881.49,SETTLED
T0001561,A00060,I0046,BUY,2025-12-03,41.538,72.62,3016.49,SETTLED
T0001562,A00060,I0022,BUY,2025-04-12,62.045,273.97,16998.47,SETTLED
T0001563,A00060,I0041,BUY,2026-05-16,43.142,351.72,15173.9,SETTLED
T0001564,A00060,I0077,SELL,2025-06-17,40.06,111.06,4449.06,SETTLED
T0001565,A00060,I0073,SELL,2025-09-29,43.999,155.42,6838.32,SETTLED
T0001566,A00060,I0055,BUY,2025-03-29,8.157,67.16,547.82,SETTLED
T0001567,A00060,I0027,SELL,2025-03-18,32.978,1180.21,38920.97,SETTLED
T0001568,A00060,I0058,DIVIDEND,2025-11-05,0,0,2433.76,SETTLED
T0001569,A00060,I0017,BUY,2026-05-23,7.253,2249.87,16318.31,SETTLED
T0001570,A00060,I0016,BUY,2025-03-19,65.644,1623.51,106573.69,SETTLED
T0001571,A00060,I0021,BUY,2026-01-28,66.957,256.09,17147.02,SETTLED
T0001572,A00060,I0002,BUY,2025-08-27,33.195,2163.85,71829.0,SETTLED
T0001573,A00060,I0016,SELL,2025-07-19,2.459,1246.45,3065.02,SETTLED
T0001574,A00060,I0017,BUY,2025-11-06,46.755,1520.05,71069.94,SETTLED
T0001575,A00060,I0057,SELL,2026-01-22,40.985,183.46,7519.11,SETTLED
T0001576,A00060,I0039,FEE,2025-09-06,0,0,292.08,SETTLED
T0001577,A00060,I0022,SELL,2026-05-24,21.346,235.24,5021.43,SETTLED
T0001578,A00060,I0012,SELL,2025-07-22,32.563,1039.16,33838.17,SETTLED
T0001579,A00060,I0072,BUY,2025-02-02,72.631,1020.92,74150.44,SETTLED
T0001580,A00060,I0057,DIVIDEND,2026-09-18,0,0,2950.37,SETTLED
T0001581,A00060,I0044,SELL,2025-12-01,37.335,59.76,2231.14,SETTLED
T0001582,A00060,I0048,BUY,2025-07-03,44.19,141.0,6230.79,SETTLED
T0001583,A00060,I0024,DIVIDEND,2025-03-30,0,0,2241.73,SETTLED
T0001584,A00060,I0004,SELL,2025-08-08,14.677,855.07,12549.86,SETTLED
T0001585,A00060,I0009,BUY,2025-06-14,39.701,614.04,24378.0,REVERSED
T0001586,A00061,I0059,BUY,2025-11-03,71.563,205.88,14733.39,SETTLED
T0001587,A00061,I0051,BUY,2025-07-19,68.178,91.01,6204.88,SETTLED
T0001588,A00061,I0079,BUY,2026-04-10,50.381,119.36,6013.48,PENDING
T0001589,A00061,I0071,BUY,2026-07-26,14.292,652.57,9326.53,SETTLED
T0001590,A00061,I0017,BUY,2025-05-19,1.21,1954.42,2364.85,SETTLED
T0001591,A00061,I0016,FEE,2025-02-25,0,0,342.37,SETTLED
T0001592,A00061,I0024,SELL,2025-10-29,14.931,215.25,3213.9,SETTLED
T0001593,A00061,I0062,BUY,2026-07-29,6.685,987.41,6600.84,SETTLED
T0001594,A00061,I0044,FEE,2025-09-28,0,0,395.68,SETTLED
T0001595,A00061,I0017,BUY,2026-01-10,16.675,1456.7,24290.47,SETTLED
T0001596,A00061,I0033,FEE,2025-04-09,0,0,338.88,SETTLED
T0001597,A00061,I0042,BUY,2026-07-25,26.1,264.66,6907.63,SETTLED
T0001598,A00061,I0047,FEE,2025-07-27,0,0,343.21,SETTLED
T0001599,A00061,I0005,BUY,2025-05-21,23.615,384.62,9082.8,SETTLED
T0001600,A00061,I0050,BUY,2026-07-31,12.852,107.93,1387.12,SETTLED
T0001601,A00061,I0049,DIVIDEND,2026-03-21,0,0,338.86,SETTLED
T0001602,A00061,I0005,BUY,2025-09-23,35.304,634.9,22414.51,SETTLED
T0001603,A00061,I0053,BUY,2025-04-29,19.237,16.63,319.91,REVERSED
T0001604,A00061,I0028,BUY,2025-03-03,2.131,421.19,897.56,SETTLED
T0001605,A00061,I0022,BUY,2025-07-03,11.345,248.52,2819.46,SETTLED
T0001606,A00061,I0017,SELL,2025-01-02,51.863,1577.47,81812.33,SETTLED
T0001607,A00061,I0076,SELL,2025-03-16,45.085,409.01,18440.22,SETTLED
T0001608,A00061,I0052,BUY,2025-03-18,49.626,183.09,9086.02,SETTLED
T0001609,A00061,I0047,BUY,2025-11-18,4.811,88.12,423.95,SETTLED
T0001610,A00061,I0033,SELL,2025-04-18,58.48,280.04,16376.74,SETTLED
T0001611,A00061,I0061,FEE,2025-10-26,0,0,341.9,SETTLED
T0001612,A00061,I0006,BUY,2025-05-23,56.663,1637.2,92768.66,REVERSED
T0001613,A00061,I0076,SELL,2025-03-15,51.627,311.76,16095.23,SETTLED
T0001614,A00061,I0006,SELL,2025-09-11,44.589,1001.58,44659.45,SETTLED
T0001615,A00061,I0031,DIVIDEND,2025-12-17,0,0,769.76,PENDING
T0001616,A00061,I0038,BUY,2026-04-02,71.286,172.43,12291.84,SETTLED
T0001617,A00061,I0070,SELL,2025-05-27,51.709,597.18,30879.58,SETTLED
T0001618,A00061,I0068,DIVIDEND,2026-08-24,0,0,3857.9,SETTLED
T0001619,A00061,I0071,SELL,2026-01-22,71.714,762.27,54665.43,SETTLED
T0001620,A00061,I0063,BUY,2025-06-04,24.197,865.74,20948.31,SETTLED
T0001621,A00061,I0053,FEE,2026-02-01,0,0,247.85,SETTLED
T0001622,A00061,I0050,SELL,2025-07-24,19.532,90.93,1776.04,SETTLED
T0001623,A00061,I0070,FEE,2025-06-19,0,0,301.0,SETTLED
T0001624,A00062,I0059,BUY,2025-05-28,62.364,160.24,9993.21,REVERSED
T0001625,A00062,I0054,BUY,2026-02-13,25.984,102.39,2660.5,SETTLED
T0001626,A00062,I0072,DIVIDEND,2025-06-11,0,0,488.77,SETTLED
T0001627,A00062,I0035,DIVIDEND,2025-02-19,0,0,3514.42,SETTLED
T0001628,A00062,I0021,SELL,2025-07-21,3.82,344.06,1314.31,SETTLED
T0001629,A00062,I0030,BUY,2025-02-09,55.983,1620.27,90707.58,SETTLED
T0001630,A00062,I0026,BUY,2025-04-28,51.98,92.81,4824.26,SETTLED
T0001631,A00062,I0030,SELL,2026-05-16,63.567,1808.06,114932.95,SETTLED
T0001632,A00062,I0073,FEE,2026-04-25,0,0,447.45,SETTLED
T0001633,A00062,I0067,DIVIDEND,2025-03-23,0,0,2005.42,SETTLED
T0001634,A00062,I0026,SELL,2026-05-21,1.145,90.23,103.31,SETTLED
T0001635,A00062,I0044,BUY,2026-03-26,36.33,36.25,1316.96,SETTLED
T0001636,A00062,I0048,FEE,2025-09-08,0,0,166.61,SETTLED
T0001637,A00062,I0016,DIVIDEND,2025-02-02,0,0,546.31,SETTLED
T0001638,A00062,I0010,SELL,2025-09-03,1.45,1279.62,1855.45,SETTLED
T0001639,A00062,I0030,SELL,2025-11-01,50.681,1915.42,97075.4,SETTLED
T0001640,A00062,I0070,BUY,2026-02-01,32.877,743.56,24446.02,SETTLED
T0001641,A00062,I0024,BUY,2025-03-05,31.861,288.68,9197.63,SETTLED
T0001642,A00062,I0006,DIVIDEND,2025-12-14,0,0,195.08,SETTLED
T0001643,A00062,I0025,BUY,2026-06-01,30.749,923.31,28390.86,SETTLED
T0001644,A00062,I0024,SELL,2026-06-02,49.446,246.49,12187.94,SETTLED
T0001645,A00062,I0075,SELL,2026-04-23,47.526,212.22,10085.97,PENDING
T0001646,A00062,I0040,FEE,2026-06-05,0,0,85.89,REVERSED
T0001647,A00062,I0044,BUY,2026-08-26,15.98,55.0,878.9,SETTLED
T0001648,A00062,I0020,FEE,2026-05-03,0,0,160.19,SETTLED
T0001649,A00062,I0027,BUY,2025-02-22,67.387,1296.95,87397.57,SETTLED
T0001650,A00062,I0062,SELL,2025-01-08,24.587,625.02,15367.37,SETTLED
T0001651,A00062,I0015,FEE,2025-09-12,0,0,33.64,PENDING
T0001652,A00062,I0075,SELL,2025-03-20,6.339,149.39,946.98,REVERSED
T0001653,A00062,I0035,BUY,2026-05-17,24.418,460.74,11250.35,SETTLED
T0001654,A00062,I0051,DIVIDEND,2026-08-28,0,0,387.54,SETTLED
T0001655,A00062,I0037,BUY,2025-01-27,20.774,245.21,5093.99,SETTLED
T0001656,A00062,I0029,BUY,2025-08-25,53.718,149.72,8042.66,SETTLED
T0001657,A00062,I0072,BUY,2026-03-18,60.829,1141.29,69423.53,SETTLED
T0001658,A00062,I0069,FEE,2026-09-17,0,0,360.59,SETTLED
T0001659,A00062,I0041,FEE,2026-03-19,0,0,299.63,SETTLED
T0001660,A00062,I0021,BUY,2025-06-09,52.276,188.63,9860.82,SETTLED
T0001661,A00062,I0063,SELL,2026-03-30,70.251,872.4,61286.97,PENDING
T0001662,A00062,I0042,BUY,2025-04-16,28.1,296.33,8326.87,SETTLED
T0001663,A00062,I0021,SELL,2025-04-09,8.428,264.53,2229.46,SETTLED
T0001664,A00062,I0073,BUY,2026-01-21,55.444,193.33,10718.99,SETTLED
T0001665,A00062,I0036,BUY,2025-11-02,71.289,361.82,25793.79,SETTLED
T0001666,A00063,I0055,BUY,2026-07-29,68.375,51.75,3538.41,SETTLED
T0001667,A00063,I0076,SELL,2025-07-19,41.95,544.54,22843.45,SETTLED
T0001668,A00063,I0056,FEE,2025-11-18,0,0,194.67,SETTLED
T0001669,A00063,I0026,BUY,2025-12-20,2.983,94.28,281.24,SETTLED
T0001670,A00063,I0069,DIVIDEND,2025-10-18,0,0,2394.84,SETTLED
T0001671,A00063,I0056,BUY,2026-07-24,16.937,86.27,1461.15,SETTLED
T0001672,A00063,I0054,BUY,2025-07-11,56.953,72.27,4115.99,SETTLED
T0001673,A00063,I0010,DIVIDEND,2025-10-27,0,0,1226.01,SETTLED
T0001674,A00063,I0073,BUY,2025-04-24,11.978,184.51,2210.06,SETTLED
T0001675,A00063,I0022,SELL,2025-01-03,43.371,228.88,9926.75,SETTLED
T0001676,A00063,I0051,BUY,2025-07-24,72.662,103.44,7516.16,SETTLED
T0001677,A00063,I0074,BUY,2025-05-17,2.721,87.77,238.82,SETTLED
T0001678,A00063,I0017,FEE,2025-09-13,0,0,210.96,SETTLED
T0001679,A00063,I0040,SELL,2025-03-19,35.797,413.66,14807.79,SETTLED
T0001680,A00063,I0009,SELL,2026-03-04,4.533,888.73,4028.61,SETTLED
T0001681,A00063,I0008,DIVIDEND,2026-03-26,0,0,3641.6,SETTLED
T0001682,A00063,I0010,SELL,2025-12-10,50.283,1275.78,64150.05,SETTLED
T0001683,A00063,I0014,BUY,2025-07-28,45.098,2616.05,117978.62,SETTLED
T0001684,A00063,I0048,SELL,2026-07-09,52.728,147.23,7763.14,SETTLED
T0001685,A00063,I0024,DIVIDEND,2026-04-02,0,0,2099.23,SETTLED
T0001686,A00064,I0007,BUY,2025-10-27,12.996,602.48,7829.83,SETTLED
T0001687,A00064,I0005,BUY,2026-01-11,37.17,418.81,15567.17,SETTLED
T0001688,A00064,I0056,BUY,2025-06-08,15.454,109.35,1689.89,SETTLED
T0001689,A00064,I0063,FEE,2025-10-23,0,0,13.49,SETTLED
T0001690,A00064,I0070,FEE,2026-03-22,0,0,319.62,SETTLED
T0001691,A00064,I0026,DIVIDEND,2026-04-23,0,0,152.08,SETTLED
T0001692,A00064,I0052,BUY,2026-05-26,22.952,120.61,2768.24,SETTLED
T0001693,A00064,I0001,SELL,2025-07-07,45.141,766.01,34578.46,SETTLED
T0001694,A00064,I0061,BUY,2025-06-24,66.549,1313.25,87395.47,SETTLED
T0001695,A00064,I0008,BUY,2025-02-27,55.361,147.34,8156.89,SETTLED
T0001696,A00064,I0025,BUY,2026-08-24,50.281,592.26,29779.43,SETTLED
T0001697,A00064,I0028,BUY,2025-07-25,26.508,440.47,11675.98,PENDING
T0001698,A00064,I0061,BUY,2026-05-18,55.266,786.65,43475.0,SETTLED
T0001699,A00064,I0033,BUY,2025-11-01,18.296,202.5,3704.94,SETTLED
T0001700,A00064,I0078,BUY,2025-03-23,69.091,73.76,5096.15,SETTLED
T0001701,A00065,I0005,BUY,2026-01-15,57.71,434.29,25062.88,SETTLED
T0001702,A00065,I0009,BUY,2025-07-08,12.359,697.08,8615.21,SETTLED
T0001703,A00065,I0049,DIVIDEND,2026-09-05,0,0,2883.32,SETTLED
T0001704,A00065,I0003,BUY,2025-05-20,5.371,103.62,556.54,SETTLED
T0001705,A00065,I0080,SELL,2026-02-03,10.666,90.23,962.39,SETTLED
T0001706,A00065,I0059,SELL,2026-07-12,11.644,172.03,2003.12,SETTLED
T0001707,A00065,I0073,SELL,2026-08-26,6.478,127.26,824.39,SETTLED
T0001708,A00065,I0030,BUY,2026-03-29,44.037,1343.41,59159.75,SETTLED
T0001709,A00065,I0050,FEE,2025-01-22,0,0,335.75,SETTLED
T0001710,A00065,I0074,BUY,2026-06-22,3.962,119.58,473.78,SETTLED
T0001711,A00065,I0001,BUY,2026-02-07,53.343,987.2,52660.21,SETTLED
T0001712,A00065,I0069,SELL,2025-05-28,53.667,742.45,39845.06,SETTLED
T0001713,A00065,I0025,DIVIDEND,2025-08-14,0,0,1260.99,SETTLED
T0001714,A00065,I0040,DIVIDEND,2025-10-19,0,0,2168.11,SETTLED
T0001715,A00065,I0070,SELL,2025-12-20,28.763,910.13,26178.07,SETTLED
T0001716,A00065,I0026,BUY,2025-10-25,10.902,75.64,824.63,SETTLED
T0001717,A00065,I0026,DIVIDEND,2025-01-13,0,0,1343.2,SETTLED
T0001718,A00065,I0048,BUY,2025-01-20,24.433,184.79,4514.97,SETTLED
T0001719,A00065,I0020,SELL,2025-12-07,24.257,688.23,16694.4,SETTLED
T0001720,A00065,I0067,SELL,2025-01-03,40.434,585.42,23670.87,SETTLED
T0001721,A00065,I0068,BUY,2025-06-14,43.548,938.48,40868.93,SETTLED
T0001722,A00065,I0070,BUY,2026-04-12,41.121,710.94,29234.56,PENDING
T0001723,A00065,I0041,BUY,2025-05-02,29.846,378.61,11299.99,SETTLED
T0001724,A00065,I0028,DIVIDEND,2026-01-17,0,0,2612.47,PENDING
T0001725,A00065,I0010,BUY,2026-01-16,63.125,1573.69,99339.18,SETTLED
T0001726,A00065,I0034,BUY,2025-07-06,29.212,85.78,2505.81,SETTLED
T0001727,A00065,I0001,DIVIDEND,2025-05-11,0,0,820.54,SETTLED
T0001728,A00065,I0063,BUY,2025-09-19,52.06,983.81,51217.15,SETTLED
T0001729,A00065,I0049,BUY,2026-06-25,54.786,26.94,1475.93,SETTLED
T0001730,A00065,I0035,BUY,2026-04-14,9.435,606.0,5717.61,SETTLED
T0001731,A00065,I0027,SELL,2026-06-09,74.762,1477.03,110425.72,SETTLED
T0001732,A00066,I0001,DIVIDEND,2025-06-12,0,0,2448.55,SETTLED
T0001733,A00066,I0010,BUY,2026-02-27,66.778,1259.8,84126.92,SETTLED
T0001734,A00066,I0035,SELL,2026-07-23,51.071,728.9,37225.65,SETTLED
T0001735,A00066,I0045,SELL,2025-08-30,1.846,60.17,111.07,SETTLED
T0001736,A00066,I0039,SELL,2026-08-30,17.239,84.27,1452.73,SETTLED
T0001737,A00066,I0049,DIVIDEND,2025-05-25,0,0,1147.36,SETTLED
T0001738,A00066,I0033,BUY,2026-07-05,30.644,288.08,8827.92,SETTLED
T0001739,A00066,I0066,BUY,2025-08-23,5.121,1101.69,5641.75,SETTLED
T0001740,A00066,I0038,BUY,2025-06-21,25.172,158.89,3999.58,SETTLED
T0001741,A00066,I0042,SELL,2025-12-05,46.218,238.26,11011.9,SETTLED
T0001742,A00066,I0024,BUY,2026-06-03,58.799,238.08,13998.87,SETTLED
T0001743,A00066,I0070,SELL,2026-02-04,74.318,969.5,72051.3,SETTLED
T0001744,A00066,I0028,SELL,2025-11-26,20.683,645.55,13351.91,SETTLED
T0001745,A00066,I0041,DIVIDEND,2025-12-23,0,0,513.84,PENDING
T0001746,A00066,I0032,BUY,2026-08-09,55.319,1682.24,93059.83,SETTLED
T0001747,A00066,I0061,BUY,2026-08-22,28.025,1054.02,29538.91,SETTLED
T0001748,A00066,I0074,BUY,2025-09-16,24.058,128.16,3083.27,SETTLED
T0001749,A00066,I0008,BUY,2025-03-07,45.359,127.57,5786.45,SETTLED
T0001750,A00066,I0069,SELL,2026-02-01,4.258,1167.23,4970.07,SETTLED
T0001751,A00066,I0032,BUY,2026-03-19,1.953,2480.75,4844.9,SETTLED
T0001752,A00066,I0011,SELL,2025-11-05,13.679,1780.95,24361.62,SETTLED
T0001753,A00066,I0033,SELL,2025-11-07,46.566,244.76,11397.49,SETTLED
T0001754,A00066,I0033,SELL,2026-08-17,40.924,312.26,12778.93,SETTLED
T0001755,A00066,I0022,SELL,2025-05-18,50.001,280.0,14000.28,SETTLED
T0001756,A00066,I0016,BUY,2026-05-22,56.387,1358.59,76606.81,SETTLED
T0001757,A00066,I0019,BUY,2026-01-07,24.1,2505.85,60390.99,SETTLED
T0001758,A00066,I0023,BUY,2025-01-28,8.615,502.17,4326.19,SETTLED
T0001759,A00066,I0019,BUY,2026-01-24,53.296,2333.04,124341.7,SETTLED
T0001760,A00066,I0010,DIVIDEND,2026-03-10,0,0,2810.52,SETTLED
T0001761,A00066,I0031,BUY,2025-02-24,4.182,1045.97,4374.25,SETTLED
T0001762,A00066,I0027,BUY,2025-11-09,66.595,1350.5,89936.55,SETTLED
T0001763,A00066,I0020,BUY,2025-03-15,26.629,711.07,18935.08,SETTLED
T0001764,A00066,I0008,SELL,2025-04-25,41.624,104.68,4357.2,SETTLED
T0001765,A00066,I0037,BUY,2025-07-31,67.366,247.44,16669.04,SETTLED
T0001766,A00066,I0068,BUY,2026-02-22,39.468,755.19,29805.84,SETTLED
T0001767,A00066,I0062,SELL,2026-03-05,42.788,925.4,39596.02,SETTLED
T0001768,A00066,I0020,SELL,2026-03-15,28.057,867.75,24346.46,SETTLED
T0001769,A00066,I0057,BUY,2026-04-15,31.395,155.6,4885.06,SETTLED
T0001770,A00066,I0074,BUY,2025-06-06,49.943,126.96,6340.76,SETTLED
T0001771,A00066,I0024,SELL,2026-04-26,43.307,181.4,7855.89,SETTLED
T0001772,A00067,I0005,BUY,2026-02-05,66.883,621.55,41571.13,SETTLED
T0001773,A00067,I0043,BUY,2026-03-12,64.393,29.89,1924.71,SETTLED
T0001774,A00067,I0066,DIVIDEND,2026-06-28,0,0,4073.92,SETTLED
T0001775,A00067,I0032,BUY,2026-05-02,68.696,2913.61,200153.35,SETTLED
T0001776,A00067,I0040,SELL,2026-06-28,73.585,537.8,39574.01,SETTLED
T0001777,A00067,I0010,FEE,2026-09-16,0,0,481.46,SETTLED
T0001778,A00067,I0024,SELL,2026-05-24,19.628,317.53,6232.48,SETTLED
T0001779,A00067,I0072,SELL,2025-05-21,31.366,1018.35,31941.57,SETTLED
T0001780,A00067,I0030,DIVIDEND,2026-08-13,0,0,938.53,SETTLED
T0001781,A00067,I0056,SELL,2026-03-17,21.006,87.83,1844.96,SETTLED
T0001782,A00067,I0074,BUY,2025-07-18,55.046,122.26,6729.92,SETTLED
T0001783,A00067,I0069,SELL,2026-05-19,34.233,1002.15,34306.6,SETTLED
T0001784,A00067,I0054,DIVIDEND,2025-10-26,0,0,3599.06,SETTLED
T0001785,A00067,I0007,BUY,2025-09-19,65.468,463.62,30352.27,SETTLED
T0001786,A00067,I0028,BUY,2026-04-25,62.311,595.47,37104.33,SETTLED
T0001787,A00067,I0068,BUY,2025-10-25,22.882,1303.24,29820.74,SETTLED
T0001788,A00067,I0033,SELL,2026-06-11,8.982,214.74,1928.79,SETTLED
T0001789,A00067,I0021,SELL,2025-09-26,26.285,208.79,5488.05,SETTLED
T0001790,A00067,I0022,BUY,2025-09-07,22.059,277.19,6114.53,SETTLED
T0001791,A00067,I0035,BUY,2026-05-20,24.268,704.7,17101.66,PENDING
T0001792,A00067,I0048,BUY,2026-04-08,30.032,148.14,4448.94,SETTLED
T0001793,A00067,I0060,FEE,2025-08-07,0,0,338.16,SETTLED
T0001794,A00067,I0043,SELL,2026-08-01,10.731,38.46,412.71,SETTLED
T0001795,A00067,I0023,BUY,2025-08-28,41.748,732.86,30595.44,SETTLED
T0001796,A00067,I0037,BUY,2025-01-10,35.195,309.69,10899.54,SETTLED
T0001797,A00067,I0030,SELL,2026-07-27,27.773,2090.09,58048.07,SETTLED
T0001798,A00067,I0063,BUY,2025-04-20,54.281,1077.95,58512.2,SETTLED
T0001799,A00067,I0044,DIVIDEND,2025-04-02,0,0,816.0,SETTLED
T0001800,A00067,I0079,DIVIDEND,2025-05-24,0,0,2842.27,SETTLED
T0001801,A00067,I0053,BUY,2026-07-08,42.383,12.69,537.84,SETTLED
T0001802,A00067,I0040,BUY,2026-01-17,27.768,423.52,11760.3,SETTLED
T0001803,A00067,I0016,BUY,2026-07-28,25.275,1779.68,44981.41,SETTLED
T0001804,A00067,I0024,DIVIDEND,2025-10-01,0,0,2820.0,SETTLED
T0001805,A00068,I0060,BUY,2026-04-17,22.229,72.61,1614.05,SETTLED
T0001806,A00068,I0066,FEE,2026-04-21,0,0,308.69,SETTLED
T0001807,A00068,I0041,SELL,2025-04-09,7.62,390.36,2974.54,SETTLED
T0001808,A00068,I0015,SELL,2026-09-18,12.469,2904.12,36211.47,SETTLED
T0001809,A00068,I0029,BUY,2026-08-05,40.13,217.94,8745.93,SETTLED
T0001810,A00068,I0012,BUY,2026-03-14,10.171,994.63,10116.38,SETTLED
T0001811,A00068,I0031,SELL,2025-09-15,34.56,1125.41,38894.17,SETTLED
T0001812,A00068,I0062,BUY,2026-05-23,64.379,743.95,47894.76,SETTLED
T0001813,A00068,I0054,FEE,2025-02-16,0,0,334.63,SETTLED
T0001814,A00068,I0066,SELL,2025-05-09,12.347,1087.55,13427.98,SETTLED
T0001815,A00068,I0026,BUY,2025-08-11,18.934,112.08,2122.12,SETTLED
T0001816,A00068,I0015,SELL,2025-07-05,52.594,1986.29,104466.94,SETTLED
T0001817,A00068,I0030,SELL,2025-02-05,31.936,1617.84,51667.34,SETTLED
T0001818,A00068,I0074,DIVIDEND,2025-04-11,0,0,2796.8,SETTLED
T0001819,A00068,I0070,BUY,2025-06-10,33.497,805.93,26996.24,SETTLED
T0001820,A00068,I0030,BUY,2026-03-16,39.282,1270.61,49912.1,SETTLED
T0001821,A00068,I0001,SELL,2025-04-30,7.309,1147.14,8384.45,SETTLED
T0001822,A00068,I0077,BUY,2025-09-25,2.054,73.79,151.56,SETTLED
T0001823,A00068,I0009,BUY,2025-07-02,31.483,921.64,29015.99,SETTLED
T0001824,A00068,I0039,BUY,2026-09-08,59.959,62.16,3727.05,SETTLED
T0001825,A00068,I0006,DIVIDEND,2025-11-14,0,0,4240.21,SETTLED
T0001826,A00068,I0049,BUY,2026-08-27,31.19,20.25,631.6,SETTLED
T0001827,A00068,I0005,BUY,2025-12-06,1.123,675.47,758.55,SETTLED
T0001828,A00068,I0080,BUY,2025-05-20,39.086,81.15,3171.83,SETTLED
T0001829,A00068,I0015,BUY,2025-07-29,68.789,2400.45,165124.56,SETTLED
T0001830,A00068,I0045,BUY,2025-03-08,71.152,84.22,5992.42,SETTLED
T0001831,A00068,I0080,BUY,2025-08-29,6.117,101.65,621.79,SETTLED
T0001832,A00068,I0008,SELL,2025-06-28,48.948,111.41,5453.3,SETTLED
T0001833,A00068,I0061,BUY,2025-07-20,51.285,1206.94,61897.92,SETTLED
T0001834,A00068,I0075,SELL,2025-01-23,54.681,151.04,8259.02,SETTLED
T0001835,A00068,I0046,SELL,2025-03-29,37.675,109.69,4132.57,SETTLED
T0001836,A00068,I0033,BUY,2025-06-07,61.002,214.87,13107.5,REVERSED
T0001837,A00068,I0006,SELL,2026-05-14,64.121,1537.92,98612.97,SETTLED
T0001838,A00068,I0033,SELL,2025-11-05,5.108,295.93,1511.61,SETTLED
T0001839,A00068,I0032,DIVIDEND,2025-08-18,0,0,394.78,SETTLED
T0001840,A00069,I0051,SELL,2026-02-07,56.176,119.39,6706.85,SETTLED
T0001841,A00069,I0031,FEE,2025-12-30,0,0,307.59,SETTLED
T0001842,A00069,I0031,DIVIDEND,2026-05-23,0,0,3898.12,SETTLED
T0001843,A00069,I0004,FEE,2025-07-05,0,0,256.39,SETTLED
T0001844,A00069,I0028,SELL,2025-03-04,16.886,607.74,10262.3,SETTLED
T0001845,A00069,I0075,BUY,2026-06-20,26.549,271.45,7206.73,SETTLED
T0001846,A00069,I0030,BUY,2025-06-15,58.618,2208.42,129453.16,SETTLED
T0001847,A00069,I0070,SELL,2026-02-08,53.815,734.72,39538.96,SETTLED
T0001848,A00069,I0066,FEE,2025-05-18,0,0,215.0,SETTLED
T0001849,A00069,I0005,DIVIDEND,2025-08-17,0,0,775.06,SETTLED
T0001850,A00069,I0057,BUY,2025-12-31,33.078,212.06,7014.52,SETTLED
T0001851,A00069,I0038,BUY,2026-02-21,4.08,193.26,788.5,SETTLED
T0001852,A00069,I0027,SELL,2025-11-28,19.71,1372.17,27045.47,SETTLED
T0001853,A00069,I0060,BUY,2025-11-30,30.958,118.44,3666.67,SETTLED
T0001854,A00069,I0078,BUY,2025-01-12,31.917,124.39,3970.16,SETTLED
T0001855,A00069,I0031,BUY,2025-08-18,38.453,1388.01,53373.15,SETTLED
T0001856,A00069,I0061,DIVIDEND,2025-03-24,0,0,3474.07,SETTLED
T0001857,A00069,I0009,BUY,2026-04-15,51.003,1101.72,56191.03,SETTLED
T0001858,A00069,I0007,SELL,2025-06-06,25.584,347.41,8888.14,SETTLED
T0001859,A00070,I0027,SELL,2025-11-16,15.049,1677.16,25239.58,SETTLED
T0001860,A00070,I0069,FEE,2026-02-24,0,0,263.62,SETTLED
T0001861,A00070,I0073,BUY,2026-09-08,59.93,165.26,9904.03,SETTLED
T0001862,A00070,I0014,SELL,2026-08-21,15.792,2923.09,46161.44,SETTLED
T0001863,A00070,I0021,BUY,2026-04-23,55.397,242.92,13457.04,SETTLED
T0001864,A00070,I0034,BUY,2025-01-18,67.535,142.62,9631.84,SETTLED
T0001865,A00070,I0047,SELL,2025-03-03,67.359,65.58,4417.4,SETTLED
T0001866,A00070,I0056,BUY,2025-09-11,48.69,98.12,4777.46,SETTLED
T0001867,A00070,I0025,FEE,2026-09-07,0,0,360.84,REVERSED
T0001868,A00070,I0049,BUY,2026-08-24,65.139,28.12,1831.71,SETTLED
T0001869,A00070,I0059,BUY,2026-05-15,67.876,138.74,9417.12,SETTLED
T0001870,A00070,I0027,BUY,2025-07-20,34.35,1227.5,42164.62,SETTLED
T0001871,A00070,I0014,SELL,2026-09-17,66.308,2118.72,140488.09,SETTLED
T0001872,A00070,I0070,DIVIDEND,2026-01-10,0,0,2279.26,SETTLED
T0001873,A00070,I0017,SELL,2026-06-28,62.951,2187.16,137683.91,SETTLED
T0001874,A00070,I0027,BUY,2025-01-04,61.855,1477.17,91370.35,SETTLED
T0001875,A00070,I0020,BUY,2026-09-13,52.911,629.74,33320.17,SETTLED
T0001876,A00070,I0057,BUY,2026-06-14,38.022,130.76,4971.76,SETTLED
T0001877,A00070,I0025,BUY,2026-03-10,45.614,783.31,35729.9,SETTLED
T0001878,A00071,I0017,SELL,2026-04-04,4.802,1599.54,7680.99,SETTLED
T0001879,A00071,I0076,BUY,2025-04-12,73.697,382.07,28157.41,SETTLED
T0001880,A00071,I0025,BUY,2026-05-12,16.766,585.45,9815.65,SETTLED
T0001881,A00071,I0019,SELL,2025-03-18,73.026,1967.82,143702.02,PENDING
T0001882,A00071,I0065,SELL,2026-08-14,33.038,1074.48,35498.67,SETTLED
T0001883,A00071,I0010,BUY,2026-04-05,56.199,1886.33,106009.86,SETTLED
T0001884,A00071,I0013,SELL,2025-06-07,52.154,2487.6,129738.29,SETTLED
T0001885,A00071,I0062,BUY,2025-09-20,46.232,1119.9,51775.22,SETTLED
T0001886,A00071,I0004,BUY,2025-07-14,62.596,905.33,56670.04,SETTLED
T0001887,A00071,I0076,DIVIDEND,2025-05-27,0,0,2372.37,SETTLED
T0001888,A00071,I0071,SELL,2025-06-18,70.874,580.67,41154.41,PENDING
T0001889,A00071,I0050,BUY,2025-06-04,13.666,90.89,1242.1,SETTLED
T0001890,A00071,I0017,SELL,2026-02-22,61.709,2089.76,128957.0,SETTLED
T0001891,A00071,I0018,BUY,2025-05-01,17.364,1051.75,18262.59,SETTLED
T0001892,A00071,I0036,FEE,2026-04-02,0,0,384.63,SETTLED
T0001893,A00071,I0020,BUY,2026-05-02,43.65,734.35,32054.38,SETTLED
T0001894,A00071,I0055,FEE,2025-06-11,0,0,165.88,SETTLED
T0001895,A00071,I0071,BUY,2026-06-27,30.708,802.38,24639.49,PENDING
T0001896,A00071,I0043,SELL,2025-10-27,65.168,25.11,1636.37,SETTLED
T0001897,A00071,I0044,BUY,2025-08-20,39.749,34.09,1355.04,SETTLED
T0001898,A00071,I0002,BUY,2025-10-27,27.728,2161.6,59936.84,SETTLED
T0001899,A00071,I0032,SELL,2026-08-04,33.804,2170.25,73363.13,SETTLED
T0001900,A00071,I0048,SELL,2025-09-04,40.777,197.36,8047.75,SETTLED
T0001901,A00071,I0007,SELL,2026-03-25,3.355,523.48,1756.28,SETTLED
T0001902,A00071,I0038,DIVIDEND,2025-03-15,0,0,1476.78,PENDING
T0001903,A00071,I0062,BUY,2026-02-17,17.627,673.25,11867.38,SETTLED
T0001904,A00071,I0022,BUY,2025-02-20,19.998,332.35,6646.34,SETTLED
T0001905,A00071,I0063,DIVIDEND,2025-03-09,0,0,2720.61,SETTLED
T0001906,A00071,I0015,SELL,2025-01-16,33.638,1806.22,60757.63,SETTLED
T0001907,A00071,I0057,FEE,2025-11-19,0,0,319.45,SETTLED
T0001908,A00071,I0060,SELL,2025-10-13,15.468,77.12,1192.89,SETTLED
T0001909,A00071,I0019,BUY,2025-06-17,19.18,1861.56,35704.72,SETTLED
T0001910,A00071,I0053,BUY,2025-10-23,1.026,10.49,10.76,REVERSED
T0001911,A00071,I0018,BUY,2025-10-18,51.291,1092.09,56014.39,SETTLED
T0001912,A00071,I0027,BUY,2025-05-09,52.728,1321.22,69665.29,SETTLED
T0001913,A00071,I0061,BUY,2025-06-20,4.394,926.89,4072.75,SETTLED
T0001914,A00071,I0070,DIVIDEND,2025-01-31,0,0,4374.78,REVERSED
T0001915,A00071,I0039,SELL,2025-02-22,19.634,80.48,1580.14,SETTLED
T0001916,A00071,I0008,BUY,2026-05-14,7.841,120.1,941.7,SETTLED
T0001917,A00071,I0050,BUY,2026-02-06,40.221,69.36,2789.73,SETTLED
T0001918,A00071,I0024,SELL,2026-03-02,51.826,254.87,13208.89,SETTLED
T0001919,A00071,I0068,SELL,2026-05-20,8.162,1121.74,9155.64,SETTLED
T0001920,A00072,I0080,SELL,2025-01-27,9.979,71.87,717.19,SETTLED
T0001921,A00072,I0045,BUY,2025-06-24,65.3,85.54,5585.76,SETTLED
T0001922,A00072,I0020,SELL,2026-09-13,25.185,768.28,19349.13,SETTLED
T0001923,A00072,I0027,SELL,2026-06-23,11.081,1385.16,15348.96,PENDING
T0001924,A00072,I0034,SELL,2025-04-25,17.143,146.22,2506.65,SETTLED
T0001925,A00072,I0010,BUY,2026-07-06,61.031,1627.11,99304.15,PENDING
T0001926,A00072,I0038,SELL,2026-04-04,72.837,176.97,12889.96,SETTLED
T0001927,A00072,I0078,FEE,2025-08-27,0,0,324.1,SETTLED
T0001928,A00072,I0055,BUY,2025-12-19,26.736,64.53,1725.27,SETTLED
T0001929,A00072,I0024,SELL,2025-08-03,12.226,209.34,2559.39,SETTLED
T0001930,A00072,I0039,BUY,2025-02-28,74.562,81.5,6076.8,SETTLED
T0001931,A00072,I0001,BUY,2026-05-04,45.615,1069.28,48775.21,SETTLED
T0001932,A00072,I0024,SELL,2026-06-13,58.769,285.37,16770.91,SETTLED
T0001933,A00072,I0015,BUY,2026-05-21,4.622,2077.22,9600.91,SETTLED
T0001934,A00072,I0065,SELL,2025-08-23,32.308,893.1,28854.27,SETTLED
T0001935,A00072,I0073,BUY,2025-07-08,56.136,116.24,6525.25,SETTLED
T0001936,A00072,I0080,SELL,2025-07-08,71.531,117.86,8430.64,SETTLED
T0001937,A00072,I0019,FEE,2025-06-24,0,0,401.31,SETTLED
T0001938,A00073,I0008,DIVIDEND,2026-02-19,0,0,4197.12,PENDING
T0001939,A00073,I0007,DIVIDEND,2025-05-07,0,0,2223.94,SETTLED
T0001940,A00073,I0051,FEE,2026-08-15,0,0,258.71,SETTLED
T0001941,A00073,I0054,SELL,2026-02-23,42.861,65.68,2815.11,SETTLED
T0001942,A00073,I0052,BUY,2025-03-11,53.416,202.94,10840.24,SETTLED
T0001943,A00073,I0048,BUY,2026-05-18,74.52,207.57,15468.12,SETTLED
T0001944,A00073,I0048,BUY,2025-10-23,14.212,208.75,2966.76,SETTLED
T0001945,A00073,I0005,BUY,2025-02-21,47.282,635.69,30056.69,SETTLED
T0001946,A00073,I0073,BUY,2025-05-25,21.244,168.32,3575.79,SETTLED
T0001947,A00073,I0039,BUY,2025-11-21,58.424,82.87,4841.6,SETTLED
T0001948,A00073,I0064,BUY,2025-08-08,54.159,794.93,43052.61,SETTLED
T0001949,A00073,I0047,BUY,2026-05-21,41.092,91.91,3776.77,SETTLED
T0001950,A00073,I0002,SELL,2026-03-25,28.882,1905.91,55046.49,SETTLED
T0001951,A00073,I0033,BUY,2025-12-13,65.282,247.93,16185.37,SETTLED
T0001952,A00073,I0056,SELL,2026-07-30,18.239,110.72,2019.42,SETTLED
T0001953,A00074,I0067,SELL,2025-02-06,72.109,739.31,53310.9,SETTLED
T0001954,A00074,I0070,SELL,2025-05-25,15.349,959.69,14730.28,SETTLED
T0001955,A00074,I0001,BUY,2025-11-11,1.822,1234.1,2248.53,SETTLED
T0001956,A00074,I0012,SELL,2025-03-02,37.001,811.3,30018.91,SETTLED
T0001957,A00074,I0044,BUY,2026-07-05,6.833,47.19,322.45,SETTLED
T0001958,A00074,I0005,SELL,2026-02-20,21.136,356.86,7542.59,SETTLED
T0001959,A00074,I0066,BUY,2025-08-24,18.542,781.94,14498.73,SETTLED
T0001960,A00074,I0031,BUY,2026-01-29,26.48,1419.29,37582.8,SETTLED
T0001961,A00074,I0044,BUY,2025-05-28,30.738,59.96,1843.05,SETTLED
T0001962,A00074,I0047,BUY,2025-06-04,47.181,70.97,3348.44,SETTLED
T0001963,A00074,I0044,BUY,2025-06-07,34.351,53.96,1853.58,SETTLED
T0001964,A00074,I0030,BUY,2026-09-08,56.643,1647.39,93313.11,SETTLED
T0001965,A00074,I0049,DIVIDEND,2026-08-15,0,0,4279.15,SETTLED
T0001966,A00074,I0062,BUY,2026-02-23,26.748,1035.85,27706.92,SETTLED
T0001967,A00074,I0061,BUY,2026-01-31,16.897,1042.49,17614.95,SETTLED
T0001968,A00074,I0015,BUY,2025-09-23,36.264,2336.59,84734.1,SETTLED
T0001969,A00074,I0057,SELL,2025-06-02,42.497,166.06,7057.05,SETTLED
T0001970,A00074,I0074,BUY,2026-08-08,72.882,137.53,10023.46,SETTLED
T0001971,A00074,I0055,DIVIDEND,2025-01-20,0,0,500.26,SETTLED
T0001972,A00074,I0029,BUY,2026-08-22,14.348,170.37,2444.47,SETTLED
T0001973,A00074,I0043,BUY,2025-01-14,69.023,35.25,2433.06,SETTLED
T0001974,A00074,I0051,SELL,2025-08-31,12.231,124.19,1518.97,SETTLED
T0001975,A00074,I0057,FEE,2026-07-02,0,0,65.52,SETTLED
T0001976,A00074,I0058,SELL,2026-07-17,15.0,15.76,236.4,SETTLED
T0001977,A00074,I0013,BUY,2025-09-27,32.619,2073.13,67623.43,SETTLED
T0001978,A00074,I0042,BUY,2026-06-21,59.091,212.67,12566.88,SETTLED
T0001979,A00074,I0006,FEE,2026-06-03,0,0,106.89,SETTLED
T0001980,A00074,I0032,SELL,2025-10-28,27.118,1573.32,42665.29,SETTLED
T0001981,A00074,I0069,BUY,2025-11-03,47.885,1212.66,58068.22,SETTLED
T0001982,A00074,I0017,BUY,2026-05-29,47.699,2027.08,96689.69,SETTLED
T0001983,A00074,I0062,BUY,2025-02-23,55.189,1113.72,61465.09,SETTLED
T0001984,A00074,I0050,FEE,2025-07-31,0,0,85.72,SETTLED
T0001985,A00074,I0047,FEE,2025-07-19,0,0,437.2,REVERSED
T0001986,A00074,I0024,DIVIDEND,2025-07-25,0,0,994.93,SETTLED
T0001987,A00075,I0033,BUY,2026-01-30,36.694,243.8,8946.0,SETTLED
T0001988,A00075,I0028,BUY,2026-09-17,20.171,549.07,11075.29,SETTLED
T0001989,A00075,I0072,BUY,2025-05-31,18.291,833.06,15237.5,SETTLED
T0001990,A00075,I0052,DIVIDEND,2025-06-14,0,0,702.16,SETTLED
T0001991,A00075,I0016,FEE,2026-03-25,0,0,205.96,SETTLED
T0001992,A00075,I0070,SELL,2025-08-30,24.556,686.25,16851.56,SETTLED
T0001993,A00075,I0040,DIVIDEND,2026-05-12,0,0,1701.4,SETTLED
T0001994,A00075,I0057,SELL,2025-05-19,4.488,134.03,601.53,SETTLED
T0001995,A00075,I0013,SELL,2026-03-31,62.345,2516.17,156870.62,SETTLED
T0001996,A00075,I0007,BUY,2025-06-04,22.123,384.41,8504.3,SETTLED
T0001997,A00075,I0013,SELL,2025-10-19,54.31,2557.62,138904.34,SETTLED
T0001998,A00075,I0041,SELL,2025-09-08,57.733,350.66,20244.65,SETTLED
T0001999,A00075,I0035,BUY,2026-05-07,52.309,458.82,24000.42,SETTLED
T0002000,A00075,I0035,SELL,2025-12-07,65.874,571.07,37618.67,SETTLED
T0002001,A00075,I0020,BUY,2025-02-07,44.544,905.8,40347.96,SETTLED
T0002002,A00075,I0042,BUY,2025-09-25,63.138,243.91,15399.99,SETTLED
T0002003,A00075,I0011,SELL,2025-05-10,26.952,2144.32,57793.71,SETTLED
T0002004,A00075,I0070,DIVIDEND,2026-04-04,0,0,3453.82,SETTLED
T0002005,A00075,I0073,SELL,2026-09-14,21.953,128.24,2815.25,SETTLED
T0002006,A00075,I0079,BUY,2025-10-17,48.558,81.35,3950.19,SETTLED
T0002007,A00075,I0003,BUY,2025-08-21,43.361,140.74,6102.63,SETTLED
T0002008,A00075,I0013,SELL,2026-01-04,44.652,1636.17,73058.26,SETTLED
T0002009,A00075,I0053,SELL,2025-08-02,10.523,14.12,148.58,SETTLED
T0002010,A00075,I0069,BUY,2025-07-14,21.361,1153.07,24630.73,SETTLED
T0002011,A00075,I0035,SELL,2026-03-26,16.242,536.61,8715.62,SETTLED
T0002012,A00075,I0018,BUY,2025-09-02,40.2,1574.99,63314.6,SETTLED
T0002013,A00075,I0034,SELL,2026-08-15,37.342,119.43,4459.76,SETTLED
T0002014,A00075,I0037,BUY,2025-06-17,35.037,224.22,7856.0,SETTLED
T0002015,A00075,I0004,SELL,2025-12-25,27.594,1204.43,33235.04,SETTLED
T0002016,A00075,I0080,SELL,2026-05-09,12.864,79.47,1022.3,SETTLED
T0002017,A00075,I0041,SELL,2025-07-21,58.716,372.11,21848.81,SETTLED
T0002018,A00075,I0022,SELL,2026-02-18,39.404,316.8,12483.19,SETTLED
T0002019,A00076,I0067,BUY,2025-02-04,9.911,1008.78,9998.02,SETTLED
T0002020,A00076,I0002,BUY,2026-05-23,74.959,2588.88,194059.86,SETTLED
T0002021,A00076,I0046,BUY,2025-10-15,18.164,104.45,1897.23,SETTLED
T0002022,A00076,I0031,BUY,2025-12-28,60.112,1819.5,109373.78,SETTLED
T0002023,A00076,I0052,SELL,2025-05-27,42.249,161.88,6839.27,SETTLED
T0002024,A00076,I0058,BUY,2025-01-28,27.198,22.28,605.97,SETTLED
T0002025,A00076,I0061,BUY,2026-02-17,19.78,944.4,18680.23,SETTLED
T0002026,A00076,I0060,DIVIDEND,2025-02-21,0,0,2339.96,REVERSED
T0002027,A00076,I0055,SELL,2026-06-19,39.653,63.24,2507.66,SETTLED
T0002028,A00076,I0056,BUY,2025-07-05,59.881,106.79,6394.69,SETTLED
T0002029,A00076,I0015,DIVIDEND,2026-07-15,0,0,3499.51,SETTLED
T0002030,A00076,I0022,BUY,2026-06-08,35.953,251.75,9051.17,SETTLED
T0002031,A00076,I0027,DIVIDEND,2025-01-19,0,0,3565.58,SETTLED
T0002032,A00076,I0074,FEE,2026-01-29,0,0,157.17,SETTLED
T0002033,A00076,I0037,BUY,2025-12-10,23.383,217.02,5074.58,SETTLED
T0002034,A00076,I0028,BUY,2026-07-28,22.224,477.7,10616.4,SETTLED
T0002035,A00076,I0072,BUY,2026-02-11,41.44,739.53,30646.12,SETTLED
T0002036,A00076,I0046,SELL,2026-09-16,60.611,117.65,7130.88,SETTLED
T0002037,A00076,I0070,BUY,2025-12-09,8.39,723.37,6069.07,SETTLED
T0002038,A00076,I0077,BUY,2026-05-05,42.341,114.05,4828.99,SETTLED
T0002039,A00076,I0075,BUY,2025-03-04,25.133,185.55,4663.43,SETTLED
T0002040,A00076,I0012,FEE,2025-10-06,0,0,168.07,SETTLED
T0002041,A00077,I0001,BUY,2026-07-26,55.453,816.65,45285.69,SETTLED
T0002042,A00077,I0022,DIVIDEND,2025-05-02,0,0,4296.54,SETTLED
T0002043,A00077,I0059,BUY,2025-09-25,69.335,144.34,10007.81,SETTLED
T0002044,A00077,I0022,DIVIDEND,2025-01-15,0,0,4212.49,SETTLED
T0002045,A00077,I0045,BUY,2026-06-12,9.304,77.4,720.13,SETTLED
T0002046,A00077,I0049,SELL,2025-07-02,8.588,21.08,181.04,SETTLED
T0002047,A00077,I0026,SELL,2025-12-08,65.843,124.36,8188.24,SETTLED
T0002048,A00077,I0032,BUY,2026-04-14,24.254,2163.34,52469.65,SETTLED
T0002049,A00077,I0065,BUY,2025-08-18,49.18,928.89,45682.81,SETTLED
T0002050,A00077,I0038,SELL,2025-07-07,64.84,217.44,14098.81,SETTLED
T0002051,A00077,I0079,FEE,2025-02-14,0,0,138.46,SETTLED
T0002052,A00077,I0075,SELL,2026-07-24,59.727,189.22,11301.54,SETTLED
T0002053,A00077,I0037,BUY,2025-01-27,17.222,164.06,2825.44,SETTLED
T0002054,A00077,I0041,SELL,2025-03-14,51.521,331.0,17053.45,SETTLED
T0002055,A00077,I0010,SELL,2026-02-28,23.11,1284.48,29684.33,SETTLED
T0002056,A00077,I0041,BUY,2025-04-10,36.489,332.55,12134.42,SETTLED
T0002057,A00077,I0055,SELL,2026-05-09,8.417,64.31,541.3,SETTLED
T0002058,A00077,I0028,BUY,2025-11-09,18.747,407.2,7633.78,PENDING
T0002059,A00077,I0076,FEE,2026-08-17,0,0,279.59,SETTLED
T0002060,A00077,I0018,DIVIDEND,2025-09-14,0,0,971.16,SETTLED
T0002061,A00077,I0078,BUY,2026-09-06,73.744,79.5,5862.65,SETTLED
T0002062,A00077,I0024,BUY,2026-01-01,2.775,265.83,737.68,SETTLED
T0002063,A00077,I0074,SELL,2026-09-03,22.273,94.91,2113.93,SETTLED
T0002064,A00077,I0008,BUY,2026-02-01,38.931,191.99,7474.36,SETTLED
T0002065,A00077,I0076,BUY,2025-08-17,12.828,402.86,5167.89,SETTLED
T0002066,A00077,I0005,SELL,2026-06-27,19.659,677.04,13309.93,SETTLED
T0002067,A00077,I0057,SELL,2025-02-21,22.291,165.01,3678.24,SETTLED
T0002068,A00077,I0023,FEE,2026-07-14,0,0,47.54,SETTLED
T0002069,A00077,I0001,BUY,2026-09-06,22.591,1160.19,26209.85,SETTLED
T0002070,A00077,I0011,BUY,2026-01-09,6.553,2782.01,18230.51,SETTLED
T0002071,A00077,I0040,BUY,2025-06-30,20.941,567.65,11887.16,SETTLED
T0002072,A00077,I0042,FEE,2025-07-20,0,0,367.59,SETTLED
T0002073,A00077,I0076,DIVIDEND,2025-05-19,0,0,2265.86,SETTLED
T0002074,A00077,I0002,SELL,2025-06-10,19.261,2246.57,43271.18,SETTLED
T0002075,A00077,I0024,BUY,2025-09-15,27.013,254.42,6872.65,SETTLED
T0002076,A00077,I0032,SELL,2025-08-31,26.425,1951.31,51563.37,SETTLED
T0002077,A00077,I0011,BUY,2025-06-02,58.468,2564.12,149918.97,SETTLED
T0002078,A00077,I0033,SELL,2026-03-11,51.296,271.5,13926.86,PENDING
T0002079,A00077,I0028,BUY,2025-07-29,54.456,553.86,30161.0,SETTLED
T0002080,A00077,I0080,DIVIDEND,2025-10-04,0,0,2985.78,SETTLED
T0002081,A00077,I0032,DIVIDEND,2025-05-03,0,0,4004.86,SETTLED
T0002082,A00078,I0079,DIVIDEND,2026-07-17,0,0,1661.11,SETTLED
T0002083,A00078,I0067,SELL,2026-05-12,71.197,804.56,57282.26,SETTLED
T0002084,A00078,I0069,FEE,2025-04-25,0,0,271.9,SETTLED
T0002085,A00078,I0048,SELL,2026-05-04,66.392,142.46,9458.2,REVERSED
T0002086,A00078,I0043,BUY,2025-07-23,34.498,40.13,1384.4,SETTLED
T0002087,A00078,I0050,DIVIDEND,2026-04-25,0,0,1337.25,SETTLED
T0002088,A00078,I0025,DIVIDEND,2025-01-05,0,0,2909.24,SETTLED
T0002089,A00078,I0037,SELL,2025-11-22,40.872,184.97,7560.09,SETTLED
T0002090,A00078,I0003,BUY,2025-01-22,36.934,104.57,3862.19,SETTLED
T0002091,A00078,I0042,BUY,2026-05-09,3.729,217.62,811.5,SETTLED
T0002092,A00078,I0017,SELL,2025-06-10,4.041,2653.93,10724.53,REVERSED
T0002093,A00078,I0037,FEE,2025-09-26,0,0,362.5,SETTLED
T0002094,A00078,I0066,SELL,2025-03-23,3.131,1191.62,3730.96,SETTLED
T0002095,A00078,I0069,BUY,2025-09-04,33.152,652.98,21647.59,SETTLED
T0002096,A00079,I0070,BUY,2025-02-17,72.982,739.4,53962.89,SETTLED
T0002097,A00079,I0069,SELL,2025-04-04,31.663,872.43,27623.75,SETTLED
T0002098,A00079,I0077,BUY,2025-03-22,57.408,80.04,4594.94,SETTLED
T0002099,A00079,I0026,SELL,2026-06-16,21.224,114.84,2437.36,SETTLED
T0002100,A00079,I0015,BUY,2025-05-04,35.549,2714.88,96511.27,SETTLED
T0002101,A00079,I0070,SELL,2025-10-23,9.091,1046.96,9517.91,SETTLED
T0002102,A00079,I0038,BUY,2025-10-01,60.138,139.6,8395.26,SETTLED
T0002103,A00079,I0045,BUY,2026-02-16,47.295,63.39,2998.03,SETTLED
T0002104,A00079,I0076,SELL,2025-01-23,27.928,534.92,14939.25,SETTLED
T0002105,A00079,I0060,BUY,2026-02-28,40.554,117.61,4769.56,SETTLED
T0002106,A00079,I0042,SELL,2025-12-30,55.038,168.87,9294.27,SETTLED
T0002107,A00079,I0036,BUY,2026-08-17,56.054,510.65,28623.98,SETTLED
T0002108,A00079,I0080,BUY,2025-11-09,71.189,79.04,5626.78,SETTLED
T0002109,A00079,I0046,BUY,2025-01-12,54.078,127.37,6887.91,SETTLED
T0002110,A00079,I0010,SELL,2026-04-14,44.74,1710.01,76505.85,SETTLED
T0002111,A00079,I0047,BUY,2026-02-09,9.441,58.34,550.79,SETTLED
T0002112,A00079,I0026,BUY,2025-12-10,43.293,84.62,3663.45,SETTLED
T0002113,A00079,I0039,BUY,2026-05-20,57.191,86.12,4925.29,SETTLED
T0002114,A00079,I0041,BUY,2026-07-30,57.443,325.43,18693.68,SETTLED
T0002115,A00079,I0017,BUY,2026-07-19,35.603,1730.13,61597.82,SETTLED
T0002116,A00079,I0035,BUY,2025-02-12,63.781,682.69,43542.65,SETTLED
T0002117,A00079,I0070,BUY,2026-07-02,33.563,710.41,23843.49,SETTLED
T0002118,A00079,I0012,BUY,2025-12-07,63.796,757.62,48333.13,SETTLED
T0002119,A00079,I0031,BUY,2025-07-23,56.192,1339.24,75254.57,SETTLED
T0002120,A00079,I0033,FEE,2025-10-03,0,0,234.64,SETTLED
T0002121,A00079,I0021,BUY,2026-07-10,25.66,246.17,6316.72,SETTLED
T0002122,A00079,I0024,SELL,2025-11-05,35.973,278.51,10018.84,SETTLED
T0002123,A00079,I0052,FEE,2026-06-11,0,0,457.15,SETTLED
T0002124,A00079,I0018,SELL,2025-03-24,11.089,952.89,10566.6,SETTLED
T0002125,A00079,I0031,SELL,2025-02-05,21.55,1704.22,36725.94,SETTLED
T0002126,A00079,I0068,BUY,2025-03-17,3.055,1393.07,4255.83,SETTLED
T0002127,A00079,I0021,SELL,2026-03-19,42.199,319.1,13465.7,SETTLED
T0002128,A00079,I0006,FEE,2025-05-17,0,0,484.67,SETTLED
T0002129,A00079,I0015,BUY,2025-08-05,74.342,2885.2,214491.54,SETTLED
T0002130,A00079,I0058,BUY,2026-06-26,54.978,23.96,1317.27,SETTLED
T0002131,A00079,I0067,BUY,2025-04-15,39.751,1034.98,41141.49,SETTLED
T0002132,A00079,I0056,BUY,2026-09-14,66.83,95.45,6378.92,SETTLED
T0002133,A00079,I0031,SELL,2025-02-07,19.387,1505.58,29188.68,SETTLED
T0002134,A00079,I0031,SELL,2026-09-06,29.56,1044.97,30889.31,SETTLED
T0002135,A00079,I0042,BUY,2026-09-03,40.546,260.15,10548.04,SETTLED
T0002136,A00079,I0008,BUY,2025-08-16,5.92,110.03,651.38,SETTLED
T0002137,A00080,I0057,BUY,2025-03-22,43.785,172.03,7532.33,SETTLED
T0002138,A00080,I0074,BUY,2025-01-08,1.69,86.53,146.24,SETTLED
T0002139,A00080,I0070,FEE,2026-07-17,0,0,475.58,SETTLED
T0002140,A00080,I0079,BUY,2026-03-21,47.521,129.87,6171.55,SETTLED
T0002141,A00080,I0014,FEE,2025-02-12,0,0,479.53,SETTLED
T0002142,A00080,I0023,BUY,2025-10-21,24.53,406.84,9979.79,SETTLED
T0002143,A00080,I0015,FEE,2025-04-28,0,0,379.18,SETTLED
T0002144,A00080,I0016,SELL,2025-10-05,9.272,1552.07,14390.79,SETTLED
T0002145,A00080,I0033,SELL,2025-11-16,52.42,238.51,12502.69,SETTLED
T0002146,A00080,I0005,DIVIDEND,2025-05-08,0,0,869.7,REVERSED
T0002147,A00080,I0078,BUY,2026-02-11,67.086,87.91,5897.53,SETTLED
T0002148,A00080,I0059,BUY,2026-06-07,17.207,132.52,2280.27,SETTLED
T0002149,A00080,I0042,SELL,2025-01-15,16.239,308.08,5002.91,SETTLED
T0002150,A00080,I0037,SELL,2026-06-14,45.817,286.88,13143.98,SETTLED
T0002151,A00080,I0012,BUY,2025-01-26,67.345,627.34,42248.21,SETTLED
T0002152,A00080,I0054,DIVIDEND,2025-04-26,0,0,451.88,SETTLED
T0002153,A00080,I0016,BUY,2026-05-26,17.784,1680.76,29890.64,SETTLED
T0002154,A00080,I0066,SELL,2026-02-02,60.4,1306.61,78919.24,SETTLED
T0002155,A00080,I0033,SELL,2025-09-04,34.564,322.19,11136.18,SETTLED
T0002156,A00080,I0050,BUY,2025-06-17,56.049,120.41,6748.86,SETTLED
T0002157,A00080,I0042,BUY,2025-05-24,46.12,264.91,12217.65,SETTLED
T0002158,A00080,I0014,SELL,2026-09-17,69.954,2751.6,192485.43,SETTLED
T0002159,A00080,I0001,BUY,2025-03-27,10.915,942.51,10287.5,SETTLED
T0002160,A00080,I0043,BUY,2026-07-27,31.582,34.14,1078.21,SETTLED
T0002161,A00080,I0042,FEE,2025-03-07,0,0,180.11,SETTLED
T0002162,A00080,I0006,DIVIDEND,2026-06-19,0,0,2935.13,SETTLED
T0002163,A00080,I0041,BUY,2025-02-06,57.444,541.73,31119.14,SETTLED
T0002164,A00080,I0055,FEE,2026-06-11,0,0,151.15,SETTLED
T0002165,A00080,I0029,BUY,2026-01-08,50.215,133.05,6681.11,SETTLED
T0002166,A00080,I0079,SELL,2025-05-04,51.675,79.28,4096.79,REVERSED
T0002167,A00080,I0002,SELL,2025-02-10,55.434,2488.35,137939.19,REVERSED
T0002168,A00080,I0048,SELL,2025-08-25,66.97,151.01,10113.14,SETTLED
T0002169,A00080,I0017,BUY,2026-06-04,34.103,2414.5,82341.69,SETTLED
T0002170,A00080,I0036,BUY,2025-09-26,39.883,343.74,13709.38,SETTLED
T0002171,A00080,I0016,DIVIDEND,2026-05-28,0,0,4076.13,SETTLED
T0002172,A00080,I0071,BUY,2025-03-13,74.948,740.15,55472.76,SETTLED
T0002173,A00080,I0070,BUY,2026-02-12,52.042,996.21,51844.76,SETTLED
T0002174,A00080,I0064,BUY,2025-02-20,53.139,858.31,45609.74,SETTLED
T0002175,A00080,I0008,BUY,2026-03-02,68.703,195.42,13425.94,SETTLED
T0002176,A00080,I0073,SELL,2026-05-04,50.318,175.0,8805.65,SETTLED
T0002177,A00080,I0069,BUY,2025-02-23,28.137,1126.07,31684.23,SETTLED
T0002178,A00081,I0036,DIVIDEND,2025-05-06,0,0,3041.55,SETTLED
T0002179,A00081,I0008,BUY,2026-05-15,38.184,143.68,5486.28,SETTLED
T0002180,A00081,I0047,BUY,2026-07-21,57.792,71.52,4133.28,SETTLED
T0002181,A00081,I0067,BUY,2026-06-26,37.673,1004.57,37845.17,SETTLED
T0002182,A00081,I0015,FEE,2025-07-29,0,0,199.72,PENDING
T0002183,A00081,I0004,BUY,2025-05-04,69.272,1179.72,81721.56,SETTLED
T0002184,A00081,I0079,BUY,2025-05-09,6.223,103.73,645.51,SETTLED
T0002185,A00081,I0062,BUY,2026-07-05,9.352,714.18,6679.01,SETTLED
T0002186,A00081,I0056,BUY,2025-08-06,32.612,133.58,4356.31,SETTLED
T0002187,A00081,I0004,DIVIDEND,2026-06-10,0,0,2514.71,SETTLED
T0002188,A00081,I0035,SELL,2026-06-11,12.382,639.78,7921.76,SETTLED
T0002189,A00081,I0042,SELL,2025-04-29,66.935,177.76,11898.37,SETTLED
T0002190,A00081,I0014,SELL,2025-07-15,14.217,2501.58,35564.96,SETTLED
T0002191,A00082,I0054,BUY,2026-04-14,2.242,83.87,188.04,SETTLED
T0002192,A00082,I0058,SELL,2025-04-05,68.142,16.15,1100.49,SETTLED
T0002193,A00082,I0063,BUY,2026-09-04,48.94,762.28,37305.98,SETTLED
T0002194,A00082,I0034,SELL,2025-08-31,22.265,153.99,3428.59,SETTLED
T0002195,A00082,I0004,BUY,2025-06-18,11.281,1059.58,11953.12,SETTLED
T0002196,A00082,I0070,FEE,2026-04-09,0,0,38.99,SETTLED
T0002197,A00082,I0044,SELL,2025-10-31,51.669,47.43,2450.66,SETTLED
T0002198,A00082,I0054,BUY,2026-03-14,60.198,67.27,4049.52,SETTLED
T0002199,A00082,I0036,BUY,2025-07-23,42.875,535.65,22965.99,SETTLED
T0002200,A00082,I0023,SELL,2026-09-11,14.62,437.42,6395.08,REVERSED
T0002201,A00082,I0029,BUY,2026-06-13,19.215,195.94,3764.99,SETTLED
T0002202,A00082,I0045,BUY,2026-03-26,13.656,76.42,1043.59,SETTLED
T0002203,A00082,I0030,SELL,2025-08-23,18.531,1283.83,23790.65,SETTLED
T0002204,A00082,I0026,DIVIDEND,2026-09-07,0,0,2364.19,SETTLED
T0002205,A00082,I0048,FEE,2026-07-28,0,0,434.16,SETTLED
T0002206,A00082,I0051,BUY,2025-12-02,17.473,155.0,2708.32,SETTLED
T0002207,A00082,I0070,BUY,2025-08-20,13.394,651.32,8723.78,SETTLED
T0002208,A00082,I0043,SELL,2025-07-12,20.153,35.53,716.04,SETTLED
T0002209,A00082,I0045,SELL,2026-07-13,51.016,77.85,3971.6,SETTLED
T0002210,A00082,I0079,SELL,2025-03-17,69.071,72.24,4989.69,SETTLED
T0002211,A00082,I0063,BUY,2026-02-11,68.087,735.87,50103.18,SETTLED
T0002212,A00082,I0077,BUY,2026-05-13,33.42,106.19,3548.87,SETTLED
T0002213,A00082,I0031,BUY,2025-06-07,31.091,1233.26,38343.29,SETTLED
T0002214,A00082,I0002,BUY,2026-02-06,1.095,1684.1,1844.09,SETTLED
T0002215,A00082,I0053,DIVIDEND,2025-04-20,0,0,193.83,SETTLED
T0002216,A00082,I0004,FEE,2026-04-24,0,0,481.67,SETTLED
T0002217,A00082,I0049,BUY,2026-02-21,55.983,23.35,1307.2,SETTLED
T0002218,A00082,I0072,DIVIDEND,2025-05-10,0,0,2297.47,SETTLED
T0002219,A00082,I0031,SELL,2026-04-22,26.663,1635.25,43600.67,SETTLED
T0002220,A00082,I0032,SELL,2025-10-21,58.431,1816.89,106162.7,SETTLED
T0002221,A00082,I0011,BUY,2025-06-22,42.654,2590.13,110479.41,SETTLED
T0002222,A00082,I0004,BUY,2026-06-23,42.178,892.1,37626.99,SETTLED
T0002223,A00082,I0061,SELL,2025-09-02,35.054,839.41,29424.68,SETTLED
T0002224,A00082,I0065,SELL,2025-07-31,47.402,1203.28,57037.88,SETTLED
T0002225,A00082,I0003,SELL,2026-06-09,7.713,164.7,1270.33,SETTLED
T0002226,A00082,I0038,DIVIDEND,2025-06-12,0,0,2689.92,SETTLED
T0002227,A00082,I0026,BUY,2026-01-29,3.184,87.79,279.52,SETTLED
T0002228,A00082,I0011,BUY,2026-08-29,13.358,2321.12,31005.52,SETTLED
T0002229,A00082,I0040,SELL,2025-12-16,69.955,519.39,36333.93,SETTLED
T0002230,A00082,I0058,BUY,2025-12-18,7.048,22.75,160.34,SETTLED
T0002231,A00082,I0047,SELL,2026-04-09,45.016,71.09,3200.19,SETTLED
T0002232,A00083,I0070,BUY,2025-04-28,41.427,749.12,31033.79,SETTLED
T0002233,A00083,I0067,FEE,2025-04-12,0,0,391.94,SETTLED
T0002234,A00083,I0075,BUY,2025-04-28,9.623,272.32,2620.54,SETTLED
T0002235,A00083,I0003,SELL,2026-05-20,64.636,102.38,6617.43,SETTLED
T0002236,A00083,I0015,FEE,2026-06-28,0,0,41.8,SETTLED
T0002237,A00083,I0060,BUY,2026-01-09,61.446,84.9,5216.77,SETTLED
T0002238,A00083,I0074,BUY,2025-10-01,2.244,107.42,241.05,SETTLED
T0002239,A00083,I0001,FEE,2025-07-25,0,0,220.36,SETTLED
T0002240,A00083,I0022,BUY,2026-07-23,73.302,279.61,20495.97,SETTLED
T0002241,A00083,I0030,BUY,2025-06-15,72.085,2057.83,148338.68,SETTLED
T0002242,A00083,I0075,SELL,2025-12-04,61.244,270.21,16548.74,SETTLED
T0002243,A00083,I0058,SELL,2026-07-23,66.869,14.75,986.32,SETTLED
T0002244,A00083,I0070,DIVIDEND,2026-07-20,0,0,1429.86,SETTLED
T0002245,A00083,I0065,DIVIDEND,2026-04-16,0,0,2839.25,SETTLED
T0002246,A00083,I0004,BUY,2025-05-02,37.419,863.88,32325.53,SETTLED
T0002247,A00083,I0073,BUY,2026-09-16,27.121,138.48,3755.72,SETTLED
T0002248,A00083,I0071,BUY,2026-04-23,62.829,991.89,62319.46,SETTLED
T0002249,A00083,I0046,DIVIDEND,2026-03-27,0,0,2293.6,PENDING
T0002250,A00083,I0040,BUY,2026-04-26,59.869,579.25,34679.12,SETTLED
T0002251,A00083,I0041,SELL,2026-07-14,3.995,367.43,1467.88,SETTLED
T0002252,A00083,I0001,BUY,2026-07-21,70.301,801.99,56380.7,SETTLED
T0002253,A00083,I0006,BUY,2026-02-10,5.389,1595.65,8598.96,SETTLED
T0002254,A00083,I0058,DIVIDEND,2026-08-27,0,0,3516.08,SETTLED
T0002255,A00083,I0010,SELL,2026-06-24,39.852,1634.34,65131.72,SETTLED
T0002256,A00083,I0058,BUY,2026-08-28,38.937,13.5,525.65,SETTLED
T0002257,A00083,I0002,BUY,2025-07-15,24.361,2266.76,55220.54,SETTLED
T0002258,A00083,I0074,BUY,2026-01-24,58.679,95.12,5581.55,SETTLED
T0002259,A00083,I0064,BUY,2025-12-15,34.217,1029.54,35227.77,SETTLED
T0002260,A00083,I0045,BUY,2026-04-21,61.102,59.67,3645.96,PENDING
T0002261,A00083,I0030,DIVIDEND,2025-11-27,0,0,3700.24,SETTLED
T0002262,A00083,I0071,BUY,2025-03-09,40.364,727.38,29359.97,SETTLED
T0002263,A00083,I0027,BUY,2025-02-13,12.861,1108.99,14262.72,SETTLED
T0002264,A00083,I0037,BUY,2025-04-03,20.311,190.17,3862.54,SETTLED
T0002265,A00083,I0044,SELL,2025-11-23,2.877,57.1,164.28,SETTLED
T0002266,A00083,I0047,DIVIDEND,2025-03-19,0,0,356.61,SETTLED
T0002267,A00083,I0058,BUY,2026-04-24,70.446,21.78,1534.31,SETTLED
T0002268,A00083,I0039,BUY,2026-01-26,51.66,92.23,4764.6,SETTLED
T0002269,A00083,I0046,SELL,2025-12-18,68.478,125.23,8575.5,SETTLED
T0002270,A00083,I0015,BUY,2025-04-28,33.019,2481.37,81932.36,SETTLED
T0002271,A00083,I0066,SELL,2025-10-15,61.983,819.26,50780.19,SETTLED
T0002272,A00084,I0046,BUY,2025-08-11,44.692,134.92,6029.84,SETTLED
T0002273,A00084,I0040,SELL,2025-04-16,24.152,410.87,9923.33,REVERSED
T0002274,A00084,I0032,BUY,2025-10-06,6.2,1613.98,10006.68,SETTLED
T0002275,A00084,I0016,BUY,2025-02-20,53.773,1304.53,70148.49,SETTLED
T0002276,A00084,I0050,BUY,2025-07-27,42.776,98.75,4224.13,SETTLED
T0002277,A00084,I0076,DIVIDEND,2026-01-01,0,0,3462.5,SETTLED
T0002278,A00084,I0069,DIVIDEND,2026-08-03,0,0,3695.53,SETTLED
T0002279,A00084,I0031,BUY,2025-08-01,23.019,1356.59,31227.35,SETTLED
T0002280,A00084,I0071,DIVIDEND,2025-08-11,0,0,2302.11,SETTLED
T0002281,A00084,I0069,SELL,2026-01-31,63.608,983.82,62578.82,SETTLED
T0002282,A00084,I0077,BUY,2026-02-18,58.201,71.27,4147.99,SETTLED
T0002283,A00084,I0070,SELL,2026-09-11,33.599,576.36,19365.12,SETTLED
T0002284,A00084,I0046,FEE,2026-06-03,0,0,352.28,SETTLED
T0002285,A00084,I0069,SELL,2026-04-18,19.346,731.62,14153.92,SETTLED
T0002286,A00084,I0044,BUY,2026-07-26,68.082,35.72,2431.89,SETTLED
T0002287,A00084,I0079,SELL,2026-02-25,6.839,78.76,538.64,SETTLED
T0002288,A00084,I0033,FEE,2025-08-07,0,0,189.58,SETTLED
T0002289,A00084,I0014,SELL,2026-04-10,2.725,2746.88,7485.25,SETTLED
T0002290,A00084,I0046,SELL,2025-06-02,65.034,108.61,7063.34,SETTLED
T0002291,A00084,I0012,BUY,2026-03-04,19.201,1033.08,19836.17,SETTLED
T0002292,A00084,I0005,SELL,2025-06-16,56.39,459.23,25895.98,SETTLED
T0002293,A00084,I0062,BUY,2026-09-06,19.094,1000.46,19102.78,SETTLED
T0002294,A00084,I0031,BUY,2026-03-12,13.952,1700.85,23730.26,SETTLED
T0002295,A00084,I0065,SELL,2025-11-12,62.823,754.64,47408.75,SETTLED
T0002296,A00084,I0068,BUY,2026-05-30,25.132,794.74,19973.41,SETTLED
T0002297,A00084,I0001,BUY,2026-06-07,12.866,1044.01,13432.23,SETTLED
T0002298,A00084,I0048,FEE,2025-05-21,0,0,397.61,SETTLED
T0002299,A00084,I0017,BUY,2025-12-11,74.504,1462.01,108925.59,SETTLED
T0002300,A00084,I0041,BUY,2026-09-11,27.109,483.52,13107.74,SETTLED
T0002301,A00084,I0034,BUY,2025-06-13,74.61,131.31,9797.04,SETTLED
T0002302,A00084,I0064,FEE,2025-11-11,0,0,378.92,SETTLED
T0002303,A00084,I0001,FEE,2026-06-22,0,0,284.16,REVERSED
T0002304,A00084,I0020,BUY,2025-08-24,44.508,568.48,25301.91,SETTLED
T0002305,A00084,I0014,SELL,2026-06-15,20.665,2313.92,47817.16,SETTLED
T0002306,A00084,I0053,SELL,2025-12-21,56.148,13.57,761.93,SETTLED
T0002307,A00084,I0037,DIVIDEND,2026-03-19,0,0,1128.85,SETTLED
T0002308,A00084,I0050,FEE,2025-05-22,0,0,64.51,SETTLED
T0002309,A00084,I0023,BUY,2025-06-10,1.265,524.16,663.06,SETTLED
T0002310,A00084,I0004,FEE,2025-08-29,0,0,393.75,SETTLED
T0002311,A00085,I0032,SELL,2026-01-16,73.925,2208.1,163233.79,SETTLED
T0002312,A00085,I0012,BUY,2025-04-21,52.29,963.9,50402.33,SETTLED
T0002313,A00085,I0056,BUY,2025-02-04,31.092,92.18,2866.06,SETTLED
T0002314,A00085,I0023,SELL,2025-11-23,7.96,665.54,5297.7,SETTLED
T0002315,A00085,I0017,DIVIDEND,2025-02-14,0,0,591.9,SETTLED
T0002316,A00085,I0072,BUY,2026-03-27,68.394,748.44,51188.81,SETTLED
T0002317,A00085,I0062,BUY,2025-06-23,31.429,1062.38,33389.54,SETTLED
T0002318,A00085,I0049,BUY,2025-07-21,33.317,20.54,684.33,SETTLED
T0002319,A00085,I0072,SELL,2026-06-17,26.295,842.52,22154.06,SETTLED
T0002320,A00085,I0080,FEE,2025-06-26,0,0,185.12,SETTLED
T0002321,A00085,I0030,SELL,2025-05-22,30.9,1260.47,38948.52,SETTLED
T0002322,A00085,I0022,SELL,2025-02-05,9.221,276.75,2551.91,SETTLED
T0002323,A00085,I0030,BUY,2026-04-30,59.925,1670.95,100131.68,SETTLED
T0002324,A00086,I0039,SELL,2026-08-08,21.823,68.75,1500.33,SETTLED
T0002325,A00086,I0071,BUY,2026-08-06,56.911,675.64,38451.35,PENDING
T0002326,A00086,I0004,FEE,2025-04-14,0,0,115.22,SETTLED
T0002327,A00086,I0052,FEE,2025-09-02,0,0,370.99,SETTLED
T0002328,A00086,I0053,BUY,2025-08-28,59.425,11.71,695.87,SETTLED
T0002329,A00086,I0028,SELL,2026-06-24,62.49,646.61,40406.66,SETTLED
T0002330,A00086,I0003,BUY,2026-04-06,41.618,129.69,5397.44,SETTLED
T0002331,A00086,I0048,SELL,2026-03-13,27.835,191.93,5342.37,SETTLED
T0002332,A00086,I0023,BUY,2025-10-28,1.638,540.87,885.95,SETTLED
T0002333,A00086,I0053,BUY,2025-12-10,37.278,13.74,512.2,SETTLED
T0002334,A00086,I0017,FEE,2025-11-15,0,0,187.12,SETTLED
T0002335,A00086,I0024,BUY,2026-08-02,39.337,275.88,10852.29,SETTLED
T0002336,A00086,I0005,DIVIDEND,2025-07-27,0,0,666.02,SETTLED
T0002337,A00086,I0054,BUY,2025-03-29,31.623,94.88,3000.39,SETTLED
T0002338,A00087,I0044,BUY,2025-07-17,20.237,32.02,647.99,SETTLED
T0002339,A00087,I0064,SELL,2026-01-10,54.558,956.97,52210.37,SETTLED
T0002340,A00087,I0063,BUY,2025-06-27,10.98,922.99,10134.43,SETTLED
T0002341,A00087,I0017,SELL,2025-03-28,2.869,2499.49,7171.04,SETTLED
T0002342,A00087,I0050,BUY,2026-06-04,57.173,89.38,5110.12,SETTLED
T0002343,A00087,I0003,BUY,2026-08-24,23.616,174.61,4123.59,SETTLED
T0002344,A00087,I0059,BUY,2025-01-29,5.153,198.55,1023.13,SETTLED
T0002345,A00087,I0021,SELL,2025-11-01,4.784,292.24,1398.08,SETTLED
T0002346,A00087,I0066,SELL,2026-05-21,26.666,1144.87,30529.1,SETTLED
T0002347,A00087,I0057,SELL,2026-05-28,67.572,151.42,10231.75,SETTLED
T0002348,A00087,I0044,BUY,2025-01-20,30.234,55.2,1668.92,SETTLED
T0002349,A00087,I0077,BUY,2026-06-08,59.376,66.85,3969.29,SETTLED
T0002350,A00087,I0031,BUY,2025-06-03,45.252,1668.83,75517.9,SETTLED
T0002351,A00087,I0051,BUY,2026-03-18,53.756,89.99,4837.5,SETTLED
T0002352,A00087,I0030,SELL,2025-08-29,67.214,1206.1,81066.81,SETTLED
T0002353,A00088,I0014,FEE,2025-05-09,0,0,279.87,SETTLED
T0002354,A00088,I0074,FEE,2025-10-26,0,0,9.76,SETTLED
T0002355,A00088,I0012,BUY,2026-02-15,37.19,708.34,26343.16,SETTLED
T0002356,A00088,I0003,SELL,2025-09-25,61.172,140.11,8570.81,PENDING
T0002357,A00088,I0006,BUY,2025-07-16,68.047,1122.54,76385.48,SETTLED
T0002358,A00088,I0022,SELL,2025-07-03,65.889,246.6,16248.23,SETTLED
T0002359,A00088,I0030,BUY,2026-07-16,21.609,1477.92,31936.37,SETTLED
T0002360,A00088,I0036,BUY,2025-03-17,2.324,347.44,807.45,SETTLED
T0002361,A00088,I0038,BUY,2025-09-29,64.347,208.47,13414.42,PENDING
T0002362,A00088,I0063,FEE,2025-05-24,0,0,452.17,SETTLED
T0002363,A00088,I0060,SELL,2025-11-01,45.043,106.92,4816.0,SETTLED
T0002364,A00088,I0020,BUY,2026-09-12,68.407,769.95,52669.97,SETTLED
T0002365,A00088,I0039,SELL,2026-08-07,68.171,74.36,5069.2,SETTLED
T0002366,A00088,I0075,SELL,2025-11-06,64.238,264.49,16990.31,SETTLED
T0002367,A00088,I0048,BUY,2025-11-25,40.989,171.28,7020.6,SETTLED
T0002368,A00088,I0005,BUY,2025-11-29,55.604,428.16,23807.41,SETTLED
T0002369,A00088,I0072,BUY,2025-01-26,36.857,729.37,26882.39,SETTLED
T0002370,A00088,I0064,SELL,2025-11-04,40.124,1130.16,45346.54,SETTLED
T0002371,A00088,I0036,SELL,2026-07-06,67.371,372.01,25062.69,SETTLED
T0002372,A00088,I0034,BUY,2026-04-07,43.245,105.2,4549.37,SETTLED
T0002373,A00088,I0002,SELL,2026-05-26,27.209,1768.26,48112.59,SETTLED
T0002374,A00088,I0071,BUY,2026-07-25,69.274,1038.94,71971.53,PENDING
T0002375,A00088,I0021,BUY,2025-03-04,4.118,318.88,1313.15,SETTLED
T0002376,A00088,I0011,SELL,2025-10-06,45.277,2278.1,103145.53,SETTLED
T0002377,A00088,I0066,BUY,2026-02-22,9.85,1166.26,11487.66,SETTLED
T0002378,A00088,I0075,DIVIDEND,2026-08-15,0,0,3539.81,SETTLED
T0002379,A00088,I0013,SELL,2026-05-15,20.92,2169.8,45392.22,SETTLED
T0002380,A00088,I0010,BUY,2026-03-22,33.714,1258.07,42414.57,SETTLED
T0002381,A00088,I0004,BUY,2026-07-31,5.46,1052.93,5749.0,SETTLED
T0002382,A00088,I0034,SELL,2025-04-08,6.442,163.25,1051.66,SETTLED
T0002383,A00088,I0057,BUY,2025-08-14,64.513,199.92,12897.44,SETTLED
T0002384,A00088,I0007,DIVIDEND,2026-07-19,0,0,635.2,SETTLED
T0002385,A00088,I0063,DIVIDEND,2025-05-08,0,0,3234.3,SETTLED
T0002386,A00088,I0063,DIVIDEND,2026-04-28,0,0,4483.19,SETTLED
T0002387,A00088,I0011,BUY,2026-05-08,46.015,2163.4,99548.85,SETTLED
T0002388,A00088,I0040,BUY,2026-09-03,52.256,413.81,21624.06,SETTLED
T0002389,A00088,I0051,BUY,2026-09-03,31.335,99.75,3125.67,SETTLED
T0002390,A00088,I0036,BUY,2025-02-21,26.232,460.49,12079.57,SETTLED
T0002391,A00089,I0039,BUY,2025-01-25,46.439,81.42,3781.06,SETTLED
T0002392,A00089,I0062,BUY,2025-01-27,69.415,978.2,67901.75,SETTLED
T0002393,A00089,I0077,BUY,2026-04-05,56.148,112.26,6303.17,SETTLED
T0002394,A00089,I0051,BUY,2025-05-19,50.392,151.21,7619.77,SETTLED
T0002395,A00089,I0069,SELL,2025-02-18,68.654,1085.0,74489.59,SETTLED
T0002396,A00089,I0070,FEE,2026-09-03,0,0,325.07,SETTLED
T0002397,A00089,I0067,SELL,2025-07-12,50.096,553.35,27720.62,SETTLED
T0002398,A00089,I0045,BUY,2026-03-21,49.675,82.93,4119.55,SETTLED
T0002399,A00089,I0075,DIVIDEND,2025-05-16,0,0,1511.07,SETTLED
T0002400,A00089,I0074,FEE,2026-07-16,0,0,357.99,SETTLED
T0002401,A00089,I0030,SELL,2025-03-30,31.561,2253.38,71118.93,SETTLED
T0002402,A00089,I0055,SELL,2026-09-09,22.873,70.07,1602.71,SETTLED
T0002403,A00089,I0035,BUY,2025-01-10,11.179,446.14,4987.4,SETTLED
T0002404,A00089,I0015,BUY,2025-03-26,47.942,1984.37,95134.67,PENDING
T0002405,A00089,I0075,BUY,2025-05-22,70.857,143.0,10132.55,SETTLED
T0002406,A00089,I0031,BUY,2026-02-11,17.359,1714.11,29755.24,REVERSED
T0002407,A00089,I0070,BUY,2026-08-06,6.801,901.16,6128.79,SETTLED
T0002408,A00089,I0065,FEE,2026-06-11,0,0,180.53,SETTLED
T0002409,A00089,I0019,BUY,2025-01-05,42.734,2159.55,92286.21,SETTLED
T0002410,A00089,I0067,BUY,2026-09-15,15.716,893.22,14037.85,SETTLED
T0002411,A00089,I0044,BUY,2025-05-31,58.459,47.66,2786.16,SETTLED
T0002412,A00089,I0066,BUY,2026-04-21,72.661,929.24,67519.51,SETTLED
T0002413,A00089,I0044,BUY,2025-04-29,5.501,56.53,310.97,SETTLED
T0002414,A00089,I0067,BUY,2026-02-22,50.011,798.82,39949.79,SETTLED
T0002415,A00089,I0060,BUY,2025-04-27,31.017,97.61,3027.57,SETTLED
T0002416,A00089,I0049,SELL,2025-05-23,34.826,28.77,1001.94,SETTLED
T0002417,A00089,I0052,BUY,2025-04-13,51.501,183.5,9450.43,SETTLED
T0002418,A00089,I0017,SELL,2025-02-03,1.665,1941.17,3232.05,REVERSED
T0002419,A00089,I0068,SELL,2026-05-30,35.719,1426.24,50943.87,PENDING
T0002420,A00089,I0043,FEE,2025-12-18,0,0,420.83,SETTLED
T0002421,A00089,I0018,SELL,2026-05-20,24.489,961.56,23547.64,SETTLED
T0002422,A00089,I0058,SELL,2025-07-10,33.982,12.63,429.19,SETTLED
T0002423,A00089,I0059,DIVIDEND,2025-09-15,0,0,2871.5,SETTLED
T0002424,A00089,I0023,BUY,2026-07-10,60.79,665.43,40451.49,SETTLED
T0002425,A00089,I0042,BUY,2026-07-25,45.217,243.4,11005.82,SETTLED
T0002426,A00089,I0039,BUY,2025-11-16,15.416,76.77,1183.49,SETTLED
T0002427,A00089,I0019,BUY,2025-10-27,54.431,1617.18,88024.72,SETTLED
T0002428,A00089,I0045,BUY,2025-02-27,38.883,69.38,2697.7,SETTLED
T0002429,A00089,I0065,BUY,2025-05-23,28.44,774.32,22021.66,SETTLED
T0002430,A00090,I0016,BUY,2025-07-14,47.387,1714.32,81236.48,SETTLED
T0002431,A00090,I0034,FEE,2025-01-11,0,0,301.68,SETTLED
T0002432,A00090,I0018,BUY,2025-11-10,10.371,1476.11,15308.74,SETTLED
T0002433,A00090,I0077,BUY,2025-05-23,49.85,72.59,3618.61,SETTLED
T0002434,A00090,I0073,FEE,2026-01-04,0,0,421.59,SETTLED
T0002435,A00090,I0043,DIVIDEND,2025-11-07,0,0,2828.93,SETTLED
T0002436,A00090,I0019,SELL,2026-08-19,68.799,2593.09,178402.0,SETTLED
T0002437,A00090,I0064,BUY,2025-12-10,10.569,1009.3,10667.29,SETTLED
T0002438,A00090,I0047,SELL,2026-06-11,13.627,55.39,754.8,SETTLED
T0002439,A00090,I0001,SELL,2025-05-16,13.846,908.12,12573.83,PENDING
T0002440,A00090,I0042,DIVIDEND,2026-02-25,0,0,3301.07,SETTLED
T0002441,A00090,I0034,DIVIDEND,2025-05-12,0,0,4194.96,PENDING
T0002442,A00090,I0072,BUY,2025-06-22,55.998,619.63,34698.04,SETTLED
T0002443,A00090,I0020,BUY,2025-09-06,50.413,953.49,48068.29,SETTLED
T0002444,A00090,I0074,BUY,2025-12-01,55.843,74.59,4165.33,SETTLED
T0002445,A00090,I0028,SELL,2026-08-08,58.612,487.16,28553.42,SETTLED
T0002446,A00090,I0012,SELL,2026-02-27,74.325,812.02,60353.39,SETTLED
T0002447,A00090,I0054,SELL,2026-01-14,1.934,84.14,162.73,SETTLED
T0002448,A00090,I0017,FEE,2025-10-27,0,0,377.29,SETTLED
T0002449,A00090,I0030,BUY,2025-01-20,60.241,1481.99,89276.56,SETTLED
T0002450,A00090,I0004,BUY,2026-08-16,32.38,869.9,28167.36,SETTLED
T0002451,A00090,I0045,SELL,2025-07-22,38.118,69.78,2659.87,SETTLED
T0002452,A00090,I0055,FEE,2026-06-13,0,0,337.26,SETTLED
T0002453,A00090,I0027,BUY,2026-01-17,25.487,1226.61,31262.61,SETTLED
T0002454,A00090,I0039,FEE,2025-09-20,0,0,275.36,SETTLED
T0002455,A00090,I0080,BUY,2025-11-02,6.416,70.02,449.25,SETTLED
T0002456,A00090,I0032,SELL,2025-11-23,47.072,2105.4,99105.39,SETTLED
T0002457,A00091,I0045,SELL,2025-03-06,24.343,87.36,2126.6,SETTLED
T0002458,A00091,I0067,BUY,2025-10-14,19.044,958.42,18252.15,SETTLED
T0002459,A00091,I0006,SELL,2025-04-11,49.762,1512.85,75282.44,SETTLED
T0002460,A00091,I0014,BUY,2025-12-28,25.741,2022.36,52057.57,SETTLED
T0002461,A00091,I0036,SELL,2025-03-27,39.302,528.6,20775.04,SETTLED
T0002462,A00091,I0038,SELL,2026-07-31,66.34,211.09,14003.71,SETTLED
T0002463,A00091,I0061,BUY,2025-04-06,50.784,1291.2,65572.3,SETTLED
T0002464,A00091,I0009,BUY,2026-01-24,46.815,679.25,31799.09,SETTLED
T0002465,A00091,I0034,BUY,2025-10-19,5.349,93.83,501.9,SETTLED
T0002466,A00091,I0071,BUY,2026-03-16,1.682,699.19,1176.04,SETTLED
T0002467,A00091,I0069,DIVIDEND,2025-08-26,0,0,3517.58,PENDING
T0002468,A00091,I0078,SELL,2025-10-08,4.553,125.76,572.59,SETTLED
T0002469,A00091,I0059,BUY,2026-03-01,59.595,191.76,11427.94,SETTLED
T0002470,A00091,I0003,DIVIDEND,2025-02-28,0,0,3994.18,SETTLED
T0002471,A00091,I0051,BUY,2025-07-11,17.1,98.79,1689.31,SETTLED
T0002472,A00091,I0048,SELL,2026-02-10,16.547,177.62,2939.08,SETTLED
T0002473,A00091,I0078,BUY,2026-06-18,2.607,99.88,260.39,REVERSED
T0002474,A00092,I0077,BUY,2025-06-11,47.172,98.73,4657.29,SETTLED
T0002475,A00092,I0022,BUY,2026-02-09,16.137,273.36,4411.21,SETTLED
T0002476,A00092,I0079,SELL,2025-01-23,30.754,126.34,3885.46,PENDING
T0002477,A00092,I0072,DIVIDEND,2026-03-01,0,0,4372.21,SETTLED
T0002478,A00092,I0007,BUY,2026-05-23,8.736,433.71,3788.89,SETTLED
T0002479,A00092,I0079,BUY,2025-07-10,72.386,102.9,7448.52,PENDING
T0002480,A00092,I0015,SELL,2025-07-22,1.7,1720.5,2924.85,PENDING
T0002481,A00092,I0079,BUY,2026-01-27,72.299,75.7,5473.03,SETTLED
T0002482,A00092,I0004,SELL,2026-01-08,72.574,817.37,59319.81,SETTLED
T0002483,A00092,I0009,SELL,2025-05-17,60.616,1010.62,61259.74,SETTLED
T0002484,A00092,I0059,FEE,2026-03-15,0,0,423.99,SETTLED
T0002485,A00092,I0067,FEE,2026-07-17,0,0,241.84,SETTLED
T0002486,A00092,I0013,SELL,2025-08-07,19.266,1898.61,36578.62,SETTLED
T0002487,A00092,I0010,SELL,2026-01-22,39.124,2222.41,86949.57,SETTLED
T0002488,A00092,I0056,BUY,2026-07-18,66.258,131.68,8724.85,SETTLED
T0002489,A00092,I0032,FEE,2025-12-21,0,0,40.81,SETTLED
T0002490,A00092,I0017,BUY,2025-04-11,47.749,1898.2,90637.15,SETTLED
T0002491,A00092,I0076,BUY,2026-06-02,67.042,516.73,34642.61,PENDING
T0002492,A00092,I0055,BUY,2026-04-30,30.076,73.82,2220.21,SETTLED
T0002493,A00092,I0074,FEE,2026-02-01,0,0,197.59,SETTLED
T0002494,A00092,I0078,SELL,2025-06-13,9.365,124.07,1161.92,SETTLED
T0002495,A00092,I0069,BUY,2026-04-26,46.84,1068.09,50029.34,SETTLED
T0002496,A00092,I0045,SELL,2026-02-01,54.496,74.89,4081.21,PENDING
T0002497,A00092,I0001,SELL,2025-08-31,69.459,750.19,52107.45,SETTLED
T0002498,A00093,I0006,BUY,2025-05-23,62.448,1530.52,95577.91,REVERSED
T0002499,A00093,I0008,SELL,2025-08-01,2.75,122.0,335.5,SETTLED
T0002500,A00093,I0011,BUY,2025-10-21,26.252,1885.31,49493.16,SETTLED
T0002501,A00093,I0032,BUY,2025-07-07,57.036,2223.32,126809.28,SETTLED
T0002502,A00093,I0070,SELL,2025-08-15,46.996,657.38,30894.23,SETTLED
T0002503,A00093,I0031,BUY,2025-03-24,64.831,1797.55,116536.96,SETTLED
T0002504,A00093,I0044,SELL,2026-01-27,61.195,34.22,2094.09,SETTLED
T0002505,A00093,I0043,BUY,2025-01-20,23.047,33.91,781.52,SETTLED
T0002506,A00093,I0036,SELL,2025-09-25,70.113,506.82,35534.67,SETTLED
T0002507,A00093,I0062,SELL,2025-03-19,65.787,712.3,46860.08,SETTLED
T0002508,A00093,I0020,DIVIDEND,2026-05-26,0,0,3127.61,SETTLED
T0002509,A00093,I0053,FEE,2025-07-29,0,0,45.32,SETTLED
T0002510,A00093,I0039,BUY,2026-08-08,42.811,64.51,2761.74,SETTLED
T0002511,A00093,I0064,SELL,2025-04-17,23.269,652.87,15191.63,SETTLED
T0002512,A00093,I0078,FEE,2025-11-12,0,0,392.51,SETTLED
T0002513,A00093,I0076,SELL,2026-07-29,68.324,569.12,38884.55,SETTLED
T0002514,A00093,I0004,BUY,2026-07-20,41.416,741.1,30693.4,SETTLED
T0002515,A00093,I0046,BUY,2026-09-14,37.285,133.89,4992.09,SETTLED
T0002516,A00093,I0063,FEE,2025-11-27,0,0,423.59,SETTLED
T0002517,A00093,I0043,DIVIDEND,2025-08-05,0,0,559.0,SETTLED
T0002518,A00093,I0070,BUY,2025-11-26,30.852,822.66,25380.71,SETTLED
T0002519,A00093,I0074,BUY,2025-04-18,29.06,131.94,3834.18,SETTLED
T0002520,A00093,I0057,SELL,2025-04-02,10.288,187.8,1932.09,SETTLED
T0002521,A00093,I0011,SELL,2026-03-21,13.046,1537.31,20055.75,SETTLED
T0002522,A00093,I0056,BUY,2026-08-14,65.312,111.58,7287.51,SETTLED
T0002523,A00093,I0078,BUY,2026-01-18,15.012,109.84,1648.92,SETTLED
T0002524,A00093,I0033,SELL,2026-03-29,3.666,287.01,1052.18,SETTLED
T0002525,A00094,I0018,SELL,2025-11-29,47.492,1387.85,65911.77,PENDING
T0002526,A00094,I0023,BUY,2026-02-25,24.424,444.07,10845.97,SETTLED
T0002527,A00094,I0012,FEE,2025-05-03,0,0,204.4,SETTLED
T0002528,A00094,I0040,BUY,2025-01-22,70.349,551.37,38788.33,SETTLED
T0002529,A00094,I0053,BUY,2026-04-20,2.004,16.31,32.69,SETTLED
T0002530,A00094,I0040,SELL,2026-06-09,21.94,361.57,7932.85,SETTLED
T0002531,A00094,I0057,BUY,2025-05-03,14.23,221.89,3157.49,SETTLED
T0002532,A00094,I0003,BUY,2025-09-09,73.482,112.61,8274.81,SETTLED
T0002533,A00094,I0052,SELL,2025-11-21,40.082,143.33,5744.95,SETTLED
T0002534,A00094,I0066,BUY,2025-02-22,16.969,982.63,16674.25,SETTLED
T0002535,A00094,I0022,BUY,2026-03-04,65.596,252.56,16566.93,SETTLED
T0002536,A00094,I0053,BUY,2026-04-29,66.483,14.28,949.38,SETTLED
T0002537,A00094,I0075,BUY,2025-12-29,38.055,157.69,6000.89,PENDING
T0002538,A00094,I0048,SELL,2025-12-11,49.044,167.81,8230.07,SETTLED
T0002539,A00094,I0028,SELL,2025-10-06,27.873,580.84,16189.75,SETTLED
T0002540,A00094,I0007,BUY,2026-02-26,4.04,463.16,1871.17,SETTLED
T0002541,A00094,I0070,DIVIDEND,2025-12-05,0,0,3694.94,SETTLED
T0002542,A00094,I0053,SELL,2026-06-12,54.043,16.15,872.79,SETTLED
T0002543,A00094,I0039,SELL,2025-06-09,39.51,57.2,2259.97,SETTLED
T0002544,A00094,I0051,BUY,2025-12-13,62.229,97.18,6047.41,SETTLED
T0002545,A00094,I0068,BUY,2025-08-20,4.883,1388.25,6778.82,SETTLED
T0002546,A00094,I0025,SELL,2025-01-24,59.506,889.53,52932.37,SETTLED
T0002547,A00095,I0030,FEE,2025-07-17,0,0,143.9,SETTLED
T0002548,A00095,I0059,FEE,2025-02-13,0,0,169.06,SETTLED
T0002549,A00095,I0080,BUY,2025-10-07,47.671,121.43,5788.69,SETTLED
T0002550,A00095,I0008,SELL,2026-09-03,48.327,183.64,8874.77,SETTLED
T0002551,A00095,I0077,BUY,2025-05-03,29.211,67.37,1967.95,SETTLED
T0002552,A00095,I0060,BUY,2026-05-29,57.497,73.97,4253.05,SETTLED
T0002553,A00095,I0012,SELL,2025-10-22,50.621,1000.12,50627.07,SETTLED
T0002554,A00095,I0077,BUY,2025-02-26,50.349,101.7,5120.49,SETTLED
T0002555,A00095,I0040,BUY,2026-08-24,62.352,343.66,21427.89,REVERSED
T0002556,A00095,I0013,BUY,2025-02-13,8.986,1840.04,16534.6,SETTLED
T0002557,A00095,I0071,BUY,2025-12-24,32.349,979.85,31697.17,SETTLED
T0002558,A00095,I0033,FEE,2025-05-14,0,0,352.15,SETTLED
T0002559,A00095,I0010,BUY,2026-06-13,43.233,1515.3,65510.96,SETTLED
T0002560,A00095,I0052,BUY,2025-11-05,39.539,116.62,4611.04,SETTLED
T0002561,A00095,I0043,DIVIDEND,2026-01-06,0,0,281.06,SETTLED
T0002562,A00095,I0043,SELL,2026-05-27,6.448,33.57,216.46,REVERSED
T0002563,A00095,I0061,SELL,2025-12-25,38.124,943.53,35971.14,SETTLED
T0002564,A00095,I0014,BUY,2025-04-16,11.999,1833.39,21998.85,SETTLED
T0002565,A00095,I0061,FEE,2025-10-08,0,0,163.58,SETTLED
T0002566,A00095,I0069,BUY,2025-04-25,30.4,1102.35,33511.44,SETTLED
T0002567,A00095,I0006,BUY,2026-01-15,10.041,1669.92,16767.67,SETTLED
T0002568,A00095,I0007,SELL,2025-09-02,50.036,453.63,22697.83,SETTLED
T0002569,A00095,I0053,SELL,2025-05-16,3.41,15.6,53.2,SETTLED
T0002570,A00095,I0053,BUY,2026-03-08,35.566,13.23,470.54,SETTLED
T0002571,A00095,I0072,FEE,2025-09-08,0,0,447.35,SETTLED
T0002572,A00095,I0061,SELL,2025-04-07,40.276,1393.25,56114.54,SETTLED
T0002573,A00095,I0048,BUY,2026-01-21,1.92,156.59,300.65,SETTLED
T0002574,A00095,I0014,BUY,2026-02-04,33.258,1527.32,50795.61,SETTLED
T0002575,A00095,I0050,BUY,2026-09-04,33.097,96.27,3186.25,SETTLED
T0002576,A00095,I0022,BUY,2025-10-25,8.208,204.58,1679.19,SETTLED
T0002577,A00095,I0027,FEE,2025-04-08,0,0,244.69,SETTLED
T0002578,A00095,I0035,BUY,2026-03-30,35.973,539.9,19421.82,SETTLED
T0002579,A00095,I0002,SELL,2025-10-10,27.847,1559.89,43438.26,SETTLED
T0002580,A00095,I0048,BUY,2025-07-12,12.032,177.76,2138.81,SETTLED
T0002581,A00096,I0043,BUY,2026-04-03,1.881,43.67,82.14,SETTLED
T0002582,A00096,I0006,BUY,2026-04-12,65.168,982.4,64021.04,SETTLED
T0002583,A00096,I0014,BUY,2025-08-15,16.627,2436.41,40510.19,SETTLED
T0002584,A00096,I0039,SELL,2025-08-16,24.789,50.74,1257.79,SETTLED
T0002585,A00096,I0009,BUY,2026-04-01,43.865,916.39,40197.45,SETTLED
T0002586,A00096,I0017,DIVIDEND,2025-05-18,0,0,154.98,SETTLED
T0002587,A00096,I0014,DIVIDEND,2026-07-28,0,0,3222.11,SETTLED
T0002588,A00096,I0020,SELL,2025-04-17,13.425,509.76,6843.53,SETTLED
T0002589,A00096,I0065,BUY,2026-01-30,8.347,972.49,8117.37,SETTLED
T0002590,A00096,I0077,SELL,2026-08-03,62.616,96.03,6013.01,SETTLED
T0002591,A00096,I0064,BUY,2026-07-04,71.823,806.15,57900.11,SETTLED
T0002592,A00096,I0007,SELL,2025-07-31,17.879,531.86,9509.12,SETTLED
T0002593,A00096,I0034,FEE,2025-01-30,0,0,116.08,SETTLED
T0002594,A00096,I0066,BUY,2025-03-06,47.112,727.17,34258.43,REVERSED
T0002595,A00096,I0054,BUY,2025-03-03,48.019,91.75,4405.74,SETTLED
T0002596,A00096,I0028,SELL,2026-02-10,23.309,632.29,14738.05,SETTLED
T0002597,A00096,I0011,BUY,2025-10-25,5.887,1503.43,8850.69,SETTLED
T0002598,A00096,I0041,FEE,2025-01-31,0,0,116.79,SETTLED
T0002599,A00096,I0022,SELL,2026-03-07,55.572,220.24,12239.18,SETTLED
T0002600,A00096,I0015,BUY,2026-02-17,73.971,2293.45,169648.79,SETTLED
T0002601,A00097,I0043,BUY,2025-04-13,70.949,41.85,2969.22,SETTLED
T0002602,A00097,I0076,BUY,2026-04-22,30.444,471.29,14347.95,SETTLED
T0002603,A00097,I0067,BUY,2025-08-28,56.537,835.41,47231.58,SETTLED
T0002604,A00097,I0005,FEE,2025-02-16,0,0,150.17,SETTLED
T0002605,A00097,I0051,DIVIDEND,2025-03-27,0,0,1230.01,SETTLED
T0002606,A00097,I0078,BUY,2025-09-27,73.312,76.46,5605.44,SETTLED
T0002607,A00097,I0004,FEE,2025-12-16,0,0,236.09,SETTLED
T0002608,A00097,I0018,BUY,2026-05-31,35.7,1132.53,40431.32,SETTLED
T0002609,A00097,I0010,FEE,2026-06-07,0,0,399.88,SETTLED
T0002610,A00097,I0026,SELL,2025-10-17,23.502,126.73,2978.41,SETTLED
T0002611,A00097,I0055,DIVIDEND,2026-07-06,0,0,745.25,SETTLED
T0002612,A00097,I0052,SELL,2025-12-25,71.919,125.2,9004.26,SETTLED
T0002613,A00097,I0019,BUY,2026-05-20,21.993,2248.69,49455.44,SETTLED
T0002614,A00097,I0035,BUY,2025-09-17,15.419,804.0,12396.88,SETTLED
T0002615,A00097,I0008,BUY,2026-04-29,38.061,127.32,4845.93,SETTLED
T0002616,A00097,I0064,BUY,2026-08-06,47.414,1176.55,55784.94,SETTLED
T0002617,A00097,I0023,DIVIDEND,2025-04-16,0,0,848.11,SETTLED
T0002618,A00097,I0041,SELL,2026-02-03,39.026,365.86,14278.05,SETTLED
T0002619,A00097,I0016,FEE,2026-09-08,0,0,483.09,SETTLED
T0002620,A00097,I0058,BUY,2026-02-14,62.345,21.75,1356.0,REVERSED
T0002621,A00097,I0032,BUY,2026-06-05,26.111,2695.25,70375.67,SETTLED
T0002622,A00097,I0041,BUY,2026-05-25,22.769,397.09,9041.34,SETTLED
T0002623,A00097,I0033,BUY,2026-05-23,5.114,340.26,1740.09,SETTLED
T0002624,A00097,I0021,BUY,2025-02-12,15.081,220.83,3330.34,SETTLED
T0002625,A00098,I0055,BUY,2026-07-13,3.569,73.97,264.0,SETTLED
T0002626,A00098,I0074,BUY,2026-03-08,47.118,77.07,3631.38,SETTLED
T0002627,A00098,I0043,SELL,2026-08-29,43.463,30.67,1333.01,SETTLED
T0002628,A00098,I0051,SELL,2025-11-03,11.25,152.8,1719.0,SETTLED
T0002629,A00098,I0021,FEE,2025-06-18,0,0,34.32,SETTLED
T0002630,A00098,I0022,FEE,2026-01-07,0,0,477.04,SETTLED
T0002631,A00098,I0041,SELL,2026-07-14,6.025,591.95,3566.5,PENDING
T0002632,A00098,I0037,DIVIDEND,2026-04-05,0,0,3827.79,SETTLED
T0002633,A00098,I0037,FEE,2026-07-09,0,0,13.11,SETTLED
T0002634,A00098,I0059,FEE,2026-06-15,0,0,204.99,SETTLED
T0002635,A00098,I0019,BUY,2025-05-08,11.153,1810.04,20187.38,SETTLED
T0002636,A00098,I0064,DIVIDEND,2026-08-30,0,0,878.45,SETTLED
T0002637,A00098,I0037,SELL,2025-11-11,6.093,223.65,1362.7,SETTLED
T0002638,A00098,I0047,SELL,2025-03-19,17.178,57.6,989.45,SETTLED
T0002639,A00098,I0029,SELL,2025-07-27,22.167,137.93,3057.49,SETTLED
T0002640,A00098,I0033,SELL,2026-06-06,65.676,299.78,19688.35,SETTLED
T0002641,A00098,I0077,DIVIDEND,2026-01-31,0,0,1947.87,REVERSED
T0002642,A00098,I0069,BUY,2025-04-15,47.697,785.73,37476.96,SETTLED
T0002643,A00098,I0004,SELL,2025-03-20,50.885,1134.74,57741.24,SETTLED
T0002644,A00098,I0017,BUY,2025-01-10,53.015,1733.05,91877.65,SETTLED
T0002645,A00098,I0056,SELL,2025-05-29,5.391,82.86,446.7,SETTLED
T0002646,A00098,I0056,SELL,2026-09-06,3.994,127.88,510.75,SETTLED
T0002647,A00098,I0027,DIVIDEND,2026-04-21,0,0,4470.75,SETTLED
T0002648,A00098,I0040,BUY,2026-02-24,74.405,554.23,41237.48,SETTLED
T0002649,A00098,I0003,FEE,2026-07-02,0,0,464.24,SETTLED
T0002650,A00098,I0072,SELL,2025-06-09,72.11,1118.47,80652.87,SETTLED
T0002651,A00098,I0029,BUY,2025-02-14,65.489,186.8,12233.35,REVERSED
T0002652,A00098,I0049,SELL,2026-02-10,57.111,25.79,1472.89,PENDING
T0002653,A00098,I0065,SELL,2025-04-02,9.972,1059.91,10569.42,SETTLED
T0002654,A00098,I0058,SELL,2025-04-25,22.896,22.8,522.03,SETTLED
T0002655,A00098,I0064,BUY,2025-01-08,51.562,1019.6,52572.62,SETTLED
T0002656,A00099,I0056,BUY,2026-08-12,34.778,82.97,2885.53,SETTLED
T0002657,A00099,I0007,BUY,2025-01-20,21.113,381.33,8051.02,SETTLED
T0002658,A00099,I0002,BUY,2026-06-12,30.512,2300.86,70203.84,SETTLED
T0002659,A00099,I0043,BUY,2025-10-05,24.167,33.1,799.93,SETTLED
T0002660,A00099,I0025,DIVIDEND,2026-02-09,0,0,933.89,SETTLED
T0002661,A00099,I0014,SELL,2026-02-10,13.957,2222.2,31015.25,SETTLED
T0002662,A00099,I0071,BUY,2025-03-27,5.821,1007.76,5866.17,SETTLED
T0002663,A00099,I0070,DIVIDEND,2026-02-18,0,0,2517.57,SETTLED
T0002664,A00099,I0072,BUY,2026-07-20,6.792,1017.81,6912.97,SETTLED
T0002665,A00099,I0075,BUY,2026-04-22,10.264,143.57,1473.6,SETTLED
T0002666,A00099,I0058,DIVIDEND,2025-09-19,0,0,2848.31,SETTLED
T0002667,A00099,I0072,BUY,2025-01-04,45.659,638.97,29174.73,SETTLED
T0002668,A00100,I0004,SELL,2025-04-02,46.97,1162.95,54623.76,SETTLED
T0002669,A00100,I0068,BUY,2026-04-07,23.934,977.24,23389.26,SETTLED
T0002670,A00100,I0005,BUY,2025-06-27,26.645,534.4,14239.09,SETTLED
T0002671,A00100,I0014,SELL,2025-10-11,54.445,2785.92,151679.41,SETTLED
T0002672,A00100,I0002,FEE,2025-10-04,0,0,357.67,SETTLED
T0002673,A00100,I0072,BUY,2026-02-12,53.546,781.52,41847.27,SETTLED
T0002674,A00100,I0058,SELL,2025-11-05,54.006,21.2,1144.93,SETTLED
T0002675,A00100,I0028,BUY,2026-05-01,45.543,550.44,25068.69,SETTLED
T0002676,A00100,I0026,SELL,2025-08-10,4.815,91.52,440.67,SETTLED
T0002677,A00100,I0018,BUY,2026-01-02,71.313,1014.02,72312.81,SETTLED
T0002678,A00100,I0067,BUY,2026-07-07,61.332,902.29,55339.25,SETTLED
T0002679,A00100,I0079,SELL,2026-04-01,9.693,88.81,860.84,SETTLED
T0002680,A00100,I0063,SELL,2025-12-30,30.096,716.6,21566.79,REVERSED
T0002681,A00100,I0034,BUY,2025-07-15,57.473,131.84,7577.24,SETTLED
T0002682,A00100,I0012,BUY,2026-02-07,68.772,841.82,57893.65,SETTLED
T0002683,A00100,I0037,SELL,2025-06-30,55.377,299.25,16571.57,SETTLED
T0002684,A00100,I0033,BUY,2026-06-11,18.248,305.05,5566.55,SETTLED
T0002685,A00100,I0073,SELL,2026-01-06,53.654,119.52,6412.73,SETTLED
T0002686,A00100,I0040,DIVIDEND,2026-05-31,0,0,3535.77,SETTLED
T0002687,A00101,I0053,BUY,2026-06-05,29.887,13.52,404.07,SETTLED
T0002688,A00101,I0074,DIVIDEND,2026-01-13,0,0,1295.9,SETTLED
T0002689,A00101,I0050,BUY,2025-05-23,35.153,113.94,4005.33,SETTLED
T0002690,A00101,I0051,SELL,2026-05-03,19.653,113.29,2226.49,REVERSED
T0002691,A00101,I0029,BUY,2025-06-10,35.306,140.64,4965.44,SETTLED
T0002692,A00101,I0042,DIVIDEND,2026-02-17,0,0,227.91,SETTLED
T0002693,A00101,I0028,BUY,2025-04-29,69.276,368.29,25513.66,SETTLED
T0002694,A00101,I0024,BUY,2025-07-14,37.236,240.4,8951.53,SETTLED
T0002695,A00101,I0020,BUY,2025-12-29,72.024,850.14,61230.48,SETTLED
T0002696,A00101,I0069,SELL,2025-09-30,45.084,1211.8,54632.79,SETTLED
T0002697,A00101,I0030,BUY,2025-03-22,18.614,2227.04,41454.12,SETTLED
T0002698,A00101,I0054,SELL,2026-04-27,38.434,110.19,4235.04,SETTLED
T0002699,A00101,I0069,SELL,2026-03-04,67.053,1184.81,79445.06,SETTLED
T0002700,A00101,I0030,BUY,2025-12-18,32.32,2189.54,70765.93,SETTLED
T0002701,A00101,I0016,DIVIDEND,2026-09-09,0,0,2798.93,SETTLED
T0002702,A00101,I0056,BUY,2025-09-23,36.291,134.03,4864.08,SETTLED
T0002703,A00101,I0001,SELL,2026-04-24,52.834,815.15,43067.64,SETTLED
T0002704,A00101,I0005,BUY,2025-07-31,22.347,646.76,14453.15,SETTLED
T0002705,A00102,I0044,FEE,2025-06-04,0,0,10.27,SETTLED
T0002706,A00102,I0019,BUY,2026-08-09,8.358,1613.02,13481.62,SETTLED
T0002707,A00102,I0062,BUY,2025-05-24,44.564,646.25,28799.49,SETTLED
T0002708,A00102,I0062,BUY,2026-03-10,45.839,1092.06,50058.94,SETTLED
T0002709,A00102,I0008,SELL,2025-11-28,4.07,123.41,502.28,SETTLED
T0002710,A00102,I0055,SELL,2025-08-05,7.847,70.86,556.04,SETTLED
T0002711,A00102,I0001,SELL,2026-08-30,67.02,1194.92,80083.54,SETTLED
T0002712,A00102,I0007,DIVIDEND,2025-11-08,0,0,3369.37,SETTLED
T0002713,A00102,I0025,SELL,2026-07-28,74.94,888.78,66605.17,SETTLED
T0002714,A00102,I0005,BUY,2025-06-19,39.471,511.58,20192.57,SETTLED
T0002715,A00102,I0036,BUY,2026-03-30,10.401,331.88,3451.88,SETTLED
T0002716,A00102,I0039,BUY,2025-09-30,25.324,77.68,1967.17,SETTLED
T0002717,A00102,I0048,SELL,2026-04-02,16.395,157.73,2585.98,SETTLED
T0002718,A00102,I0060,SELL,2026-01-23,2.058,114.64,235.93,SETTLED
T0002719,A00102,I0079,BUY,2026-06-28,55.497,97.51,5411.51,SETTLED
T0002720,A00102,I0049,SELL,2026-08-27,36.353,19.44,706.7,SETTLED
T0002721,A00102,I0001,BUY,2025-07-11,54.302,759.08,41219.56,SETTLED
T0002722,A00102,I0024,BUY,2025-10-09,67.292,206.27,13880.32,SETTLED
T0002723,A00102,I0058,BUY,2026-04-26,47.785,16.42,784.63,SETTLED
T0002724,A00102,I0031,BUY,2025-05-09,37.91,1388.02,52619.84,SETTLED
T0002725,A00102,I0072,BUY,2026-09-11,40.621,1032.12,41925.75,SETTLED
T0002726,A00102,I0022,FEE,2025-11-27,0,0,180.66,SETTLED
T0002727,A00102,I0001,BUY,2026-09-06,8.651,1214.25,10504.48,SETTLED
T0002728,A00102,I0046,BUY,2025-05-17,52.941,104.62,5538.69,PENDING
T0002729,A00102,I0066,SELL,2025-07-20,53.413,1301.18,69499.93,SETTLED
T0002730,A00102,I0011,DIVIDEND,2025-04-26,0,0,2394.36,SETTLED
T0002731,A00102,I0028,BUY,2026-08-24,41.078,518.22,21287.44,SETTLED
T0002732,A00102,I0020,SELL,2025-09-03,4.141,515.57,2134.98,SETTLED
T0002733,A00103,I0044,BUY,2026-05-29,73.848,47.12,3479.72,SETTLED
T0002734,A00103,I0052,DIVIDEND,2025-05-02,0,0,3740.78,SETTLED
T0002735,A00103,I0038,BUY,2025-09-26,54.517,208.78,11382.06,SETTLED
T0002736,A00103,I0045,BUY,2025-10-27,32.286,48.38,1562.0,SETTLED
T0002737,A00103,I0031,DIVIDEND,2025-12-14,0,0,3258.93,SETTLED
T0002738,A00103,I0022,SELL,2025-04-25,1.82,250.34,455.62,SETTLED
T0002739,A00103,I0064,SELL,2026-07-16,3.189,844.09,2691.8,SETTLED
T0002740,A00103,I0066,BUY,2026-02-21,57.73,774.61,44718.24,SETTLED
T0002741,A00103,I0069,SELL,2025-06-12,17.032,1249.51,21281.65,PENDING
T0002742,A00103,I0049,SELL,2025-03-14,55.75,21.48,1197.51,SETTLED
T0002743,A00103,I0042,SELL,2025-01-20,44.716,234.12,10468.91,SETTLED
T0002744,A00103,I0049,DIVIDEND,2026-02-27,0,0,1989.59,SETTLED
T0002745,A00103,I0077,FEE,2026-08-27,0,0,224.38,SETTLED
T0002746,A00103,I0037,BUY,2025-03-16,34.707,206.08,7152.42,SETTLED
T0002747,A00103,I0067,BUY,2025-12-21,30.641,643.1,19705.23,SETTLED
T0002748,A00103,I0026,SELL,2026-04-10,28.393,89.81,2549.98,SETTLED
T0002749,A00103,I0050,SELL,2025-12-18,18.3,70.61,1292.16,SETTLED
T0002750,A00103,I0050,BUY,2025-10-17,70.951,75.24,5338.35,SETTLED
T0002751,A00103,I0004,BUY,2025-11-11,53.652,990.83,53160.01,SETTLED
T0002752,A00103,I0061,SELL,2025-04-17,73.743,750.08,55313.15,SETTLED
T0002753,A00103,I0029,BUY,2025-05-31,69.235,211.63,14652.2,SETTLED
T0002754,A00103,I0024,DIVIDEND,2025-01-19,0,0,4053.11,SETTLED
T0002755,A00103,I0044,FEE,2025-10-26,0,0,413.32,SETTLED
T0002756,A00103,I0058,BUY,2026-02-08,9.357,17.72,165.81,SETTLED
T0002757,A00103,I0068,SELL,2026-04-08,24.231,753.39,18255.39,SETTLED
T0002758,A00103,I0069,BUY,2026-05-30,17.949,1165.37,20917.23,SETTLED
T0002759,A00103,I0038,BUY,2025-05-10,74.657,148.18,11062.67,SETTLED
T0002760,A00103,I0075,SELL,2026-05-04,70.519,152.74,10771.07,SETTLED
T0002761,A00103,I0053,BUY,2025-02-04,8.864,9.59,85.01,SETTLED
T0002762,A00103,I0013,SELL,2025-09-18,66.866,2315.06,154798.8,SETTLED
T0002763,A00103,I0059,BUY,2025-09-12,63.924,187.84,12007.48,SETTLED
T0002764,A00103,I0014,BUY,2025-01-11,50.583,1732.09,87614.31,SETTLED
T0002765,A00103,I0062,BUY,2026-01-17,41.666,648.39,27015.82,SETTLED
T0002766,A00103,I0015,BUY,2026-04-03,28.229,2668.19,75320.34,SETTLED
T0002767,A00103,I0020,BUY,2025-07-11,36.731,677.15,24872.4,SETTLED
T0002768,A00103,I0047,DIVIDEND,2026-01-30,0,0,637.45,SETTLED
T0002769,A00103,I0014,BUY,2026-06-18,14.855,2686.96,39914.79,SETTLED
T0002770,A00103,I0020,BUY,2025-11-08,17.074,578.44,9876.28,SETTLED
T0002771,A00103,I0011,BUY,2025-03-10,56.374,1768.07,99673.18,SETTLED
T0002772,A00103,I0029,SELL,2025-02-15,14.946,222.2,3321.0,SETTLED
T0002773,A00104,I0069,BUY,2026-07-18,15.555,868.29,13506.25,SETTLED
T0002774,A00104,I0002,BUY,2025-12-29,26.456,2178.31,57629.37,SETTLED
T0002775,A00104,I0027,SELL,2025-11-03,32.357,1614.59,52243.29,SETTLED
T0002776,A00104,I0042,BUY,2025-09-11,45.373,200.69,9105.91,SETTLED
T0002777,A00104,I0008,BUY,2026-01-09,26.051,127.06,3310.04,SETTLED
T0002778,A00104,I0068,BUY,2025-09-12,6.695,1110.15,7432.45,SETTLED
T0002779,A00104,I0003,BUY,2025-08-07,53.326,122.37,6525.5,SETTLED
T0002780,A00104,I0056,BUY,2025-05-08,22.565,99.72,2250.18,SETTLED
T0002781,A00104,I0036,BUY,2025-07-10,36.15,411.07,14860.18,PENDING
T0002782,A00104,I0046,BUY,2025-08-24,37.266,108.45,4041.5,SETTLED
T0002783,A00104,I0001,FEE,2026-03-11,0,0,338.48,SETTLED
T0002784,A00104,I0041,SELL,2026-02-05,24.828,435.59,10814.83,SETTLED
T0002785,A00104,I0022,SELL,2025-02-06,42.231,281.31,11880.0,SETTLED
T0002786,A00104,I0057,BUY,2025-01-13,67.634,146.7,9921.91,SETTLED
T0002787,A00104,I0038,BUY,2025-05-21,4.598,165.18,759.5,SETTLED
T0002788,A00104,I0074,BUY,2025-08-30,67.962,117.58,7990.97,SETTLED
T0002789,A00104,I0063,BUY,2026-01-10,9.35,792.15,7406.6,SETTLED
T0002790,A00104,I0009,SELL,2025-02-19,44.432,1014.45,45074.04,SETTLED
T0002791,A00104,I0061,SELL,2026-05-19,51.621,815.3,42086.6,SETTLED
T0002792,A00104,I0056,BUY,2025-10-02,66.29,74.45,4935.29,SETTLED
T0002793,A00104,I0075,BUY,2026-05-11,49.121,203.24,9983.35,SETTLED
T0002794,A00104,I0078,BUY,2026-01-17,35.502,122.93,4364.26,SETTLED
T0002795,A00104,I0021,BUY,2026-05-22,51.099,293.78,15011.86,PENDING
T0002796,A00104,I0079,BUY,2025-08-09,35.249,123.38,4349.02,SETTLED
T0002797,A00104,I0042,BUY,2025-03-14,51.989,190.64,9911.18,SETTLED
T0002798,A00104,I0053,BUY,2026-01-03,53.359,15.8,843.07,SETTLED
T0002799,A00104,I0032,SELL,2026-09-04,31.155,2191.16,68265.59,SETTLED
T0002800,A00104,I0032,BUY,2025-11-11,49.058,1734.13,85072.95,SETTLED
T0002801,A00105,I0023,DIVIDEND,2026-08-21,0,0,3645.42,SETTLED
T0002802,A00105,I0063,BUY,2026-07-28,66.842,1092.67,73036.25,SETTLED
T0002803,A00105,I0023,BUY,2025-10-17,29.904,672.73,20117.32,SETTLED
T0002804,A00105,I0020,SELL,2025-06-21,25.74,911.98,23474.37,SETTLED
T0002805,A00105,I0017,SELL,2025-05-21,14.346,1498.76,21501.21,SETTLED
T0002806,A00105,I0061,SELL,2025-04-06,1.109,1025.85,1137.67,SETTLED
T0002807,A00105,I0076,BUY,2026-06-04,60.45,524.59,31711.47,SETTLED
T0002808,A00105,I0007,DIVIDEND,2026-07-02,0,0,4035.02,SETTLED
T0002809,A00105,I0026,DIVIDEND,2025-11-07,0,0,3785.21,SETTLED
T0002810,A00105,I0006,BUY,2026-06-29,7.751,1745.8,13531.7,SETTLED
T0002811,A00105,I0057,BUY,2026-04-29,29.952,175.68,5261.97,SETTLED
T0002812,A00105,I0050,DIVIDEND,2025-05-06,0,0,3509.3,SETTLED
T0002813,A00105,I0006,BUY,2025-08-12,73.118,1717.34,125568.47,SETTLED
T0002814,A00105,I0057,BUY,2026-05-07,16.658,214.46,3572.47,PENDING
T0002815,A00105,I0078,BUY,2025-09-28,41.352,125.91,5206.63,SETTLED
T0002816,A00105,I0021,BUY,2026-06-05,2.441,223.32,545.12,SETTLED
T0002817,A00105,I0077,SELL,2026-08-28,12.369,64.35,795.95,SETTLED
T0002818,A00105,I0020,SELL,2025-06-21,21.248,869.67,18478.75,SETTLED
T0002819,A00105,I0052,FEE,2026-03-31,0,0,328.25,SETTLED
T0002820,A00105,I0053,BUY,2026-06-12,57.791,15.28,883.05,SETTLED
T0002821,A00105,I0013,FEE,2025-12-09,0,0,105.37,REVERSED
T0002822,A00106,I0021,BUY,2025-03-07,42.941,248.57,10673.84,SETTLED
T0002823,A00106,I0037,BUY,2026-09-03,50.367,272.01,13700.33,SETTLED
T0002824,A00106,I0064,SELL,2026-01-06,59.043,785.63,46385.95,SETTLED
T0002825,A00106,I0044,BUY,2026-09-12,68.989,54.83,3782.67,REVERSED
T0002826,A00106,I0005,BUY,2026-07-16,42.946,546.08,23451.95,SETTLED
T0002827,A00106,I0041,BUY,2025-11-09,25.437,417.8,10627.58,SETTLED
T0002828,A00106,I0043,SELL,2025-06-20,4.275,32.2,137.66,SETTLED
T0002829,A00106,I0025,SELL,2026-06-24,20.748,577.45,11980.93,SETTLED
T0002830,A00106,I0016,BUY,2026-07-16,47.817,1299.12,62120.02,SETTLED
T0002831,A00106,I0056,FEE,2026-05-22,0,0,299.92,SETTLED
T0002832,A00106,I0008,FEE,2026-05-24,0,0,116.91,SETTLED
T0002833,A00106,I0028,SELL,2026-02-09,54.582,567.06,30951.27,SETTLED
T0002834,A00106,I0064,BUY,2025-07-26,7.357,918.93,6760.57,SETTLED
T0002835,A00106,I0052,BUY,2025-01-09,48.764,122.73,5984.81,SETTLED
T0002836,A00106,I0074,DIVIDEND,2025-04-02,0,0,1352.47,REVERSED
T0002837,A00106,I0032,SELL,2026-08-09,17.768,2037.75,36206.74,SETTLED
T0002838,A00106,I0069,BUY,2026-02-23,44.347,978.99,43415.27,SETTLED
T0002839,A00106,I0013,SELL,2025-03-24,1.175,2006.23,2357.32,SETTLED
T0002840,A00106,I0046,BUY,2026-03-06,27.908,75.23,2099.52,SETTLED
T0002841,A00106,I0027,SELL,2025-09-14,47.657,1439.3,68592.72,SETTLED
T0002842,A00106,I0019,BUY,2025-05-15,20.877,2068.66,43187.41,SETTLED
T0002843,A00106,I0007,BUY,2026-04-27,62.022,520.54,32284.93,SETTLED
T0002844,A00106,I0074,SELL,2025-11-05,17.707,133.23,2359.1,SETTLED
T0002845,A00106,I0050,SELL,2025-07-22,51.941,107.55,5586.25,SETTLED
T0002846,A00106,I0010,BUY,2025-11-26,47.756,2188.94,104535.02,SETTLED
T0002847,A00106,I0042,SELL,2026-02-15,64.67,162.66,10519.22,SETTLED
T0002848,A00106,I0056,BUY,2026-09-14,12.047,134.07,1615.14,SETTLED
T0002849,A00106,I0048,DIVIDEND,2025-10-26,0,0,2234.42,SETTLED
T0002850,A00106,I0044,FEE,2025-05-06,0,0,27.33,SETTLED
T0002851,A00107,I0039,BUY,2025-04-01,72.848,75.42,5494.2,SETTLED
T0002852,A00107,I0066,DIVIDEND,2025-05-21,0,0,3349.95,SETTLED
T0002853,A00107,I0060,BUY,2025-05-18,18.905,98.02,1853.07,SETTLED
T0002854,A00107,I0003,SELL,2025-03-14,12.592,128.85,1622.48,REVERSED
T0002855,A00107,I0072,SELL,2025-04-24,14.17,1069.68,15157.37,REVERSED
T0002856,A00107,I0010,FEE,2025-10-06,0,0,204.99,SETTLED
T0002857,A00107,I0029,SELL,2026-03-30,19.438,223.42,4342.84,SETTLED
T0002858,A00107,I0043,BUY,2025-11-23,6.617,24.89,164.7,SETTLED
T0002859,A00107,I0060,SELL,2025-07-12,39.282,74.45,2924.54,SETTLED
T0002860,A00107,I0018,SELL,2026-04-25,22.757,1523.88,34678.94,SETTLED
T0002861,A00107,I0068,SELL,2025-06-30,66.937,1024.93,68605.74,REVERSED
T0002862,A00107,I0010,SELL,2026-02-01,30.926,1248.33,38605.85,SETTLED
T0002863,A00107,I0034,SELL,2026-06-06,12.445,91.63,1140.34,SETTLED
T0002864,A00107,I0028,BUY,2026-05-26,20.354,380.71,7748.97,SETTLED
T0002865,A00107,I0077,SELL,2025-08-20,3.275,69.31,226.99,SETTLED
T0002866,A00107,I0064,FEE,2026-03-09,0,0,262.55,SETTLED
T0002867,A00107,I0024,SELL,2025-02-06,71.641,312.33,22375.63,SETTLED
T0002868,A00107,I0012,BUY,2026-05-19,70.986,669.22,47505.25,SETTLED
T0002869,A00107,I0071,BUY,2026-03-28,58.163,1017.9,59204.12,SETTLED
T0002870,A00107,I0066,BUY,2025-03-30,7.124,1288.63,9180.2,SETTLED
T0002871,A00107,I0043,DIVIDEND,2026-09-16,0,0,2718.42,SETTLED
T0002872,A00107,I0064,BUY,2025-08-27,9.928,740.61,7352.78,SETTLED
T0002873,A00107,I0045,SELL,2026-03-11,57.556,66.72,3840.14,SETTLED
T0002874,A00107,I0041,DIVIDEND,2025-09-07,0,0,4290.71,SETTLED
T0002875,A00107,I0031,SELL,2025-02-12,63.677,1859.56,118411.2,SETTLED
T0002876,A00107,I0035,SELL,2025-07-03,12.787,652.69,8345.95,SETTLED
T0002877,A00108,I0047,BUY,2026-03-06,28.259,67.02,1893.92,SETTLED
T0002878,A00108,I0055,SELL,2026-04-20,48.524,79.75,3869.79,SETTLED
T0002879,A00108,I0036,BUY,2026-01-03,10.588,315.16,3336.91,SETTLED
T0002880,A00108,I0059,BUY,2025-08-12,52.158,209.04,10903.11,SETTLED
T0002881,A00108,I0046,BUY,2026-09-16,19.148,131.61,2520.07,SETTLED
T0002882,A00108,I0002,SELL,2025-02-26,48.397,1788.59,86562.39,SETTLED
T0002883,A00108,I0013,BUY,2026-07-08,24.689,2701.81,66704.99,SETTLED
T0002884,A00108,I0009,BUY,2026-04-26,38.122,681.5,25980.14,SETTLED
T0002885,A00108,I0050,BUY,2025-06-01,55.456,79.26,4395.44,SETTLED
T0002886,A00108,I0067,DIVIDEND,2025-04-25,0,0,2250.73,PENDING
T0002887,A00108,I0028,BUY,2025-10-28,10.116,586.52,5933.24,SETTLED
T0002888,A00108,I0008,BUY,2025-03-02,69.165,182.05,12591.49,SETTLED
T0002889,A00108,I0070,SELL,2025-07-08,32.493,1014.33,32958.62,SETTLED
T0002890,A00108,I0040,DIVIDEND,2025-05-11,0,0,3569.92,SETTLED
T0002891,A00108,I0022,SELL,2025-09-01,53.343,278.29,14844.82,SETTLED
T0002892,A00108,I0035,BUY,2025-05-22,21.257,636.16,13522.85,SETTLED
T0002893,A00109,I0051,DIVIDEND,2025-08-24,0,0,177.14,SETTLED
T0002894,A00109,I0028,DIVIDEND,2026-01-14,0,0,279.61,SETTLED
T0002895,A00109,I0024,BUY,2025-10-28,14.109,213.57,3013.26,SETTLED
T0002896,A00109,I0046,DIVIDEND,2026-05-24,0,0,1388.44,SETTLED
T0002897,A00109,I0007,BUY,2025-09-05,36.508,493.94,18032.76,SETTLED
T0002898,A00109,I0076,SELL,2025-06-25,69.583,324.64,22589.43,SETTLED
T0002899,A00109,I0040,DIVIDEND,2025-01-21,0,0,2416.76,SETTLED
T0002900,A00109,I0067,SELL,2026-01-04,40.479,743.46,30094.52,SETTLED
T0002901,A00109,I0068,BUY,2026-04-14,27.07,1037.81,28093.52,SETTLED
T0002902,A00109,I0051,SELL,2025-11-30,35.795,143.22,5126.56,SETTLED
T0002903,A00109,I0042,BUY,2025-03-03,11.905,208.37,2480.64,SETTLED
T0002904,A00109,I0075,BUY,2026-04-30,57.009,146.95,8377.47,SETTLED
T0002905,A00109,I0064,DIVIDEND,2026-02-24,0,0,2473.44,SETTLED
T0002906,A00109,I0058,BUY,2025-09-17,12.374,23.79,294.38,SETTLED
T0002907,A00109,I0070,BUY,2026-02-14,7.031,629.91,4428.9,SETTLED
T0002908,A00109,I0046,FEE,2025-07-14,0,0,461.06,SETTLED
T0002909,A00109,I0052,BUY,2025-11-01,74.601,127.24,9492.23,SETTLED
T0002910,A00109,I0046,DIVIDEND,2025-05-30,0,0,1694.33,SETTLED
T0002911,A00110,I0031,BUY,2026-08-29,32.404,1653.43,53577.75,SETTLED
T0002912,A00110,I0024,SELL,2025-12-13,46.95,320.98,15070.01,SETTLED
T0002913,A00110,I0054,SELL,2025-12-21,61.631,96.89,5971.43,SETTLED
T0002914,A00110,I0034,FEE,2025-04-28,0,0,399.4,SETTLED
T0002915,A00110,I0057,SELL,2026-01-15,55.448,168.77,9357.96,SETTLED
T0002916,A00110,I0059,BUY,2026-09-14,11.975,114.17,1367.19,SETTLED
T0002917,A00110,I0023,BUY,2025-07-13,48.031,494.6,23756.13,SETTLED
T0002918,A00110,I0039,SELL,2025-05-29,4.366,89.78,391.98,SETTLED
T0002919,A00110,I0072,BUY,2026-03-04,71.568,958.62,68606.52,SETTLED
T0002920,A00110,I0068,BUY,2026-07-15,20.991,1276.75,26800.26,SETTLED
T0002921,A00110,I0016,SELL,2026-01-26,56.542,1034.74,58506.27,SETTLED
T0002922,A00110,I0004,BUY,2025-07-09,64.806,838.77,54357.33,SETTLED
T0002923,A00110,I0044,DIVIDEND,2026-02-13,0,0,1645.25,SETTLED
T0002924,A00110,I0049,SELL,2026-01-07,61.966,18.86,1168.68,SETTLED
T0002925,A00110,I0011,BUY,2025-02-01,9.336,2055.02,19185.67,SETTLED
T0002926,A00110,I0034,BUY,2025-07-04,66.894,123.67,8272.78,SETTLED
T0002927,A00110,I0009,BUY,2026-05-04,53.461,882.98,47204.99,SETTLED
T0002928,A00110,I0058,SELL,2026-04-05,11.577,21.95,254.12,SETTLED
T0002929,A00110,I0055,SELL,2025-06-27,5.086,74.99,381.4,SETTLED
T0002930,A00110,I0050,BUY,2026-03-02,10.458,77.37,809.14,SETTLED
T0002931,A00110,I0020,BUY,2025-03-25,41.529,868.09,36050.91,SETTLED
T0002932,A00110,I0045,BUY,2025-04-19,19.614,88.52,1736.23,SETTLED
T0002933,A00110,I0058,SELL,2025-12-21,34.677,13.48,467.45,SETTLED
T0002934,A00110,I0056,SELL,2025-08-04,4.018,90.09,361.98,SETTLED
T0002935,A00110,I0049,BUY,2026-07-13,15.003,28.91,433.74,SETTLED
T0002936,A00110,I0001,DIVIDEND,2025-01-02,0,0,3876.3,SETTLED
T0002937,A00110,I0064,DIVIDEND,2025-04-13,0,0,473.88,SETTLED
T0002938,A00110,I0078,FEE,2026-05-29,0,0,251.41,SETTLED
T0002939,A00110,I0031,SELL,2025-11-27,57.773,1203.99,69558.11,SETTLED
T0002940,A00110,I0047,BUY,2025-10-04,2.34,48.19,112.76,SETTLED
T0002941,A00110,I0024,SELL,2025-09-28,46.263,197.07,9117.05,SETTLED
T0002942,A00110,I0015,FEE,2026-04-14,0,0,358.29,SETTLED
T0002943,A00110,I0049,BUY,2025-05-23,14.083,20.35,286.59,SETTLED
T0002944,A00110,I0042,BUY,2025-12-19,40.434,254.34,10283.98,SETTLED
T0002945,A00110,I0019,BUY,2026-05-12,74.059,2694.33,199539.39,SETTLED
T0002946,A00110,I0019,BUY,2025-07-10,23.59,2636.27,62189.61,SETTLED
T0002947,A00110,I0036,BUY,2026-08-08,42.006,398.32,16731.83,SETTLED
T0002948,A00110,I0014,BUY,2025-05-12,26.122,2135.91,55794.24,SETTLED
T0002949,A00110,I0030,BUY,2025-02-05,33.41,2075.48,69341.79,SETTLED
T0002950,A00110,I0004,SELL,2025-10-27,29.046,1188.91,34533.08,SETTLED
T0002951,A00110,I0007,SELL,2025-03-24,57.549,374.75,21566.49,SETTLED
T0002952,A00110,I0047,SELL,2025-01-24,62.81,79.48,4992.14,SETTLED
T0002953,A00111,I0069,BUY,2026-07-23,52.362,807.29,42271.32,SETTLED
T0002954,A00111,I0002,DIVIDEND,2025-01-18,0,0,461.33,SETTLED
T0002955,A00111,I0041,SELL,2025-05-29,50.568,517.73,26180.57,SETTLED
T0002956,A00111,I0013,SELL,2025-11-21,9.848,2167.91,21349.58,REVERSED
T0002957,A00111,I0052,BUY,2025-11-05,58.328,174.92,10202.73,REVERSED
T0002958,A00111,I0031,SELL,2026-04-11,10.744,1818.11,19533.77,SETTLED
T0002959,A00111,I0052,SELL,2026-07-04,61.382,179.27,11003.95,SETTLED
T0002960,A00111,I0064,SELL,2026-02-23,60.412,957.11,57820.93,SETTLED
T0002961,A00111,I0003,SELL,2026-04-02,58.07,177.08,10283.04,SETTLED
T0002962,A00111,I0062,BUY,2025-09-05,49.434,650.21,32142.48,SETTLED
T0002963,A00111,I0077,DIVIDEND,2025-03-23,0,0,1640.32,SETTLED
T0002964,A00111,I0065,SELL,2026-03-10,24.044,1148.06,27603.95,SETTLED
T0002965,A00111,I0026,SELL,2025-04-17,17.113,67.47,1154.61,SETTLED
T0002966,A00111,I0061,BUY,2026-01-24,18.782,1300.78,24431.25,SETTLED
T0002967,A00111,I0080,SELL,2025-05-14,8.2,84.47,692.65,SETTLED
T0002968,A00111,I0031,SELL,2025-01-15,58.451,1398.77,81759.51,SETTLED
T0002969,A00111,I0067,SELL,2025-11-30,51.038,699.52,35702.1,SETTLED
T0002970,A00111,I0052,SELL,2025-01-31,60.973,110.5,6737.52,SETTLED
T0002971,A00111,I0033,BUY,2025-01-04,41.872,351.72,14727.22,SETTLED
T0002972,A00111,I0046,BUY,2025-06-28,15.824,80.76,1277.95,SETTLED
T0002973,A00111,I0035,FEE,2026-07-15,0,0,215.19,SETTLED
T0002974,A00111,I0071,FEE,2025-07-20,0,0,427.32,SETTLED
T0002975,A00111,I0062,DIVIDEND,2026-08-24,0,0,2237.92,SETTLED
T0002976,A00111,I0058,DIVIDEND,2025-03-29,0,0,2630.05,SETTLED
T0002977,A00111,I0034,SELL,2026-08-05,49.412,134.78,6659.75,SETTLED
T0002978,A00111,I0048,BUY,2025-09-04,64.774,193.39,12526.64,SETTLED
T0002979,A00111,I0048,SELL,2026-07-08,2.807,122.2,343.02,SETTLED
T0002980,A00111,I0007,SELL,2026-06-21,14.051,380.71,5349.36,SETTLED
T0002981,A00111,I0040,DIVIDEND,2025-01-30,0,0,303.29,SETTLED
T0002982,A00111,I0034,FEE,2026-01-02,0,0,447.1,SETTLED
T0002983,A00111,I0055,SELL,2026-08-26,31.315,51.11,1600.51,SETTLED
T0002984,A00111,I0066,BUY,2025-03-07,57.223,1096.55,62747.88,SETTLED
T0002985,A00111,I0005,BUY,2025-08-01,15.451,399.47,6172.21,SETTLED
T0002986,A00111,I0028,DIVIDEND,2025-12-12,0,0,587.64,SETTLED
T0002987,A00112,I0013,BUY,2025-10-21,73.357,2697.19,197857.77,SETTLED
T0002988,A00112,I0073,SELL,2025-04-22,15.74,181.17,2851.62,SETTLED
T0002989,A00112,I0044,BUY,2025-03-13,60.198,46.76,2814.86,SETTLED
T0002990,A00112,I0030,DIVIDEND,2025-12-12,0,0,1612.99,SETTLED
T0002991,A00112,I0055,SELL,2026-06-16,28.932,45.25,1309.17,SETTLED
T0002992,A00112,I0060,SELL,2025-12-06,21.54,117.23,2525.13,SETTLED
T0002993,A00112,I0060,DIVIDEND,2025-11-24,0,0,3137.21,SETTLED
T0002994,A00112,I0018,BUY,2026-08-30,58.836,1600.57,94171.14,SETTLED
T0002995,A00112,I0078,FEE,2025-01-20,0,0,214.79,SETTLED
T0002996,A00112,I0079,BUY,2025-07-30,23.256,129.73,3017.0,SETTLED
T0002997,A00112,I0016,DIVIDEND,2026-09-14,0,0,1978.54,SETTLED
T0002998,A00112,I0071,FEE,2025-12-16,0,0,228.31,SETTLED
T0002999,A00112,I0030,BUY,2026-05-23,13.276,2119.16,28133.97,SETTLED
T0003000,A00112,I0071,SELL,2025-05-08,24.917,998.61,24882.37,SETTLED
T0003001,A00112,I0040,BUY,2026-07-18,42.106,371.12,15626.38,SETTLED
T0003002,A00112,I0059,SELL,2025-10-30,66.639,133.75,8912.97,SETTLED
T0003003,A00112,I0036,DIVIDEND,2026-06-16,0,0,1416.84,SETTLED
T0003004,A00112,I0039,FEE,2025-12-15,0,0,230.41,SETTLED
T0003005,A00112,I0055,FEE,2025-10-22,0,0,105.91,SETTLED
T0003006,A00112,I0029,FEE,2025-04-28,0,0,351.84,SETTLED
T0003007,A00112,I0050,BUY,2025-07-26,40.647,67.12,2728.23,SETTLED
T0003008,A00112,I0057,BUY,2025-02-11,69.471,134.9,9371.64,SETTLED
T0003009,A00112,I0078,BUY,2026-04-15,9.55,110.2,1052.41,SETTLED
T0003010,A00112,I0012,BUY,2025-02-20,4.798,813.82,3904.71,SETTLED
T0003011,A00113,I0055,SELL,2026-01-04,67.311,42.38,2852.64,SETTLED
T0003012,A00113,I0042,SELL,2025-07-12,48.448,188.08,9112.1,SETTLED
T0003013,A00113,I0050,FEE,2026-06-07,0,0,223.09,SETTLED
T0003014,A00113,I0057,BUY,2026-04-24,32.699,168.34,5504.55,SETTLED
T0003015,A00113,I0025,BUY,2025-10-28,27.644,630.83,17438.66,SETTLED
T0003016,A00113,I0002,SELL,2026-03-21,73.946,2883.12,213195.19,SETTLED
T0003017,A00113,I0023,BUY,2026-02-22,72.07,530.39,38225.21,SETTLED
T0003018,A00113,I0079,DIVIDEND,2025-06-17,0,0,1143.45,SETTLED
T0003019,A00113,I0080,BUY,2025-10-07,29.704,95.51,2837.03,SETTLED
T0003020,A00113,I0065,SELL,2025-07-24,5.205,1266.72,6593.28,SETTLED
T0003021,A00113,I0058,BUY,2026-07-13,25.698,22.43,576.41,SETTLED
T0003022,A00113,I0043,SELL,2026-09-13,11.222,31.13,349.34,SETTLED
T0003023,A00113,I0065,BUY,2025-07-30,39.854,916.09,36509.85,SETTLED
T0003024,A00113,I0026,FEE,2025-11-19,0,0,161.34,SETTLED
T0003025,A00113,I0079,BUY,2026-05-09,40.644,74.05,3009.69,SETTLED
T0003026,A00113,I0020,SELL,2025-03-06,68.344,496.44,33928.7,SETTLED
T0003027,A00113,I0029,FEE,2025-07-11,0,0,438.46,SETTLED
T0003028,A00113,I0070,BUY,2026-06-07,20.798,983.71,20459.2,SETTLED
T0003029,A00113,I0016,SELL,2025-04-18,7.712,1374.59,10600.84,SETTLED
T0003030,A00113,I0002,DIVIDEND,2025-02-12,0,0,696.56,REVERSED
T0003031,A00114,I0078,DIVIDEND,2025-01-30,0,0,3800.59,SETTLED
T0003032,A00114,I0064,DIVIDEND,2026-01-25,0,0,1780.27,SETTLED
T0003033,A00114,I0040,SELL,2025-08-02,17.79,457.62,8141.06,SETTLED
T0003034,A00114,I0071,DIVIDEND,2026-09-09,0,0,4315.62,SETTLED
T0003035,A00114,I0061,BUY,2025-10-09,6.989,1418.98,9917.25,SETTLED
T0003036,A00114,I0014,BUY,2025-02-19,39.283,1732.9,68073.51,SETTLED
T0003037,A00114,I0033,BUY,2026-07-14,42.953,234.06,10053.58,SETTLED
T0003038,A00114,I0004,BUY,2025-06-04,42.042,1053.47,44289.99,SETTLED
T0003039,A00114,I0021,BUY,2025-03-19,66.363,247.59,16430.82,SETTLED
T0003040,A00114,I0046,BUY,2026-09-08,67.075,105.23,7058.3,SETTLED
T0003041,A00114,I0043,BUY,2026-05-09,32.833,39.16,1285.74,SETTLED
T0003042,A00114,I0005,BUY,2026-02-04,48.237,515.47,24864.73,SETTLED
T0003043,A00114,I0068,BUY,2025-03-30,66.091,1363.83,90136.89,SETTLED
T0003044,A00114,I0030,BUY,2025-11-19,69.353,1428.12,99044.41,SETTLED
T0003045,A00114,I0066,DIVIDEND,2025-02-12,0,0,2072.44,SETTLED
T0003046,A00114,I0022,SELL,2025-05-31,10.037,286.8,2878.61,SETTLED
T0003047,A00114,I0032,BUY,2025-09-04,49.292,2213.65,109115.24,SETTLED
T0003048,A00114,I0054,BUY,2025-08-16,71.23,74.66,5318.03,SETTLED
T0003049,A00114,I0001,BUY,2026-03-16,70.042,715.3,50101.04,SETTLED
T0003050,A00114,I0051,SELL,2025-08-22,59.453,157.05,9337.09,SETTLED
T0003051,A00114,I0046,FEE,2026-04-22,0,0,314.57,REVERSED
T0003052,A00114,I0031,BUY,2026-05-29,72.343,1823.21,131896.48,PENDING
T0003053,A00114,I0069,BUY,2026-06-06,33.618,933.09,31368.62,REVERSED
T0003054,A00114,I0052,SELL,2025-06-12,62.368,169.35,10562.02,SETTLED
T0003055,A00114,I0075,BUY,2026-08-25,56.027,204.75,11471.53,SETTLED
T0003056,A00114,I0060,DIVIDEND,2025-11-19,0,0,3384.75,SETTLED
T0003057,A00114,I0025,BUY,2025-04-25,63.036,835.09,52640.73,SETTLED
T0003058,A00114,I0058,SELL,2025-04-18,42.407,18.22,772.66,SETTLED
T0003059,A00114,I0064,BUY,2026-06-01,30.67,1135.41,34823.02,SETTLED
T0003060,A00114,I0073,SELL,2025-12-17,47.713,143.7,6856.36,SETTLED
T0003061,A00115,I0037,SELL,2026-04-27,21.579,205.94,4443.98,SETTLED
T0003062,A00115,I0044,DIVIDEND,2025-08-13,0,0,3487.65,PENDING
T0003063,A00115,I0028,SELL,2025-07-04,12.683,528.12,6698.15,SETTLED
T0003064,A00115,I0069,SELL,2025-02-21,34.616,713.21,24688.48,SETTLED
T0003065,A00115,I0022,BUY,2025-12-31,46.016,239.27,11010.25,SETTLED
T0003066,A00115,I0053,FEE,2025-09-03,0,0,455.99,SETTLED
T0003067,A00115,I0002,SELL,2025-05-20,65.706,1718.69,112928.25,PENDING
T0003068,A00115,I0038,FEE,2026-01-24,0,0,230.69,SETTLED
T0003069,A00115,I0007,SELL,2026-06-26,48.23,519.86,25072.85,SETTLED
T0003070,A00115,I0068,SELL,2026-03-12,65.89,1118.62,73705.87,SETTLED
T0003071,A00115,I0038,SELL,2026-02-08,53.372,187.48,10006.18,SETTLED
T0003072,A00115,I0072,SELL,2026-05-27,59.5,992.86,59075.17,SETTLED
T0003073,A00115,I0066,BUY,2025-12-17,10.321,1114.35,11501.21,SETTLED
T0003074,A00115,I0046,BUY,2025-08-31,65.629,78.86,5175.5,SETTLED
T0003075,A00115,I0036,FEE,2026-03-21,0,0,329.44,SETTLED
T0003076,A00115,I0041,BUY,2025-11-07,37.517,560.78,21038.78,SETTLED
T0003077,A00115,I0045,BUY,2025-06-17,2.597,66.04,171.51,SETTLED
T0003078,A00115,I0010,DIVIDEND,2025-01-09,0,0,1572.09,SETTLED
T0003079,A00115,I0029,DIVIDEND,2025-11-26,0,0,1495.25,SETTLED
T0003080,A00115,I0074,FEE,2026-02-08,0,0,385.89,SETTLED
T0003081,A00115,I0064,SELL,2026-08-21,1.569,816.47,1281.04,SETTLED
T0003082,A00115,I0072,SELL,2025-12-21,67.814,644.81,43727.15,SETTLED
T0003083,A00115,I0041,BUY,2026-03-23,38.934,375.9,14635.29,SETTLED
T0003084,A00115,I0060,BUY,2025-05-12,5.879,74.31,436.87,SETTLED
T0003085,A00115,I0076,BUY,2026-07-19,36.317,371.14,13478.69,SETTLED
T0003086,A00115,I0057,BUY,2025-12-06,26.551,151.6,4025.13,SETTLED
T0003087,A00115,I0022,BUY,2025-05-04,2.922,180.73,528.09,SETTLED
T0003088,A00115,I0069,BUY,2026-05-13,45.287,755.3,34205.27,SETTLED
T0003089,A00115,I0044,BUY,2026-01-12,5.817,44.71,260.08,SETTLED
T0003090,A00115,I0040,DIVIDEND,2026-04-16,0,0,2752.65,SETTLED
T0003091,A00115,I0059,BUY,2025-07-20,66.358,116.23,7712.79,SETTLED
T0003092,A00115,I0030,BUY,2025-12-05,63.59,2039.8,129710.88,SETTLED
T0003093,A00115,I0057,FEE,2025-02-18,0,0,329.88,SETTLED
T0003094,A00116,I0073,BUY,2026-04-12,66.909,128.15,8574.39,SETTLED
T0003095,A00116,I0049,FEE,2026-03-10,0,0,40.52,SETTLED
T0003096,A00116,I0080,BUY,2025-07-27,57.621,115.7,6666.75,SETTLED
T0003097,A00116,I0055,SELL,2026-01-05,37.277,51.54,1921.26,SETTLED
T0003098,A00116,I0078,SELL,2026-05-20,55.647,107.48,5980.94,SETTLED
T0003099,A00116,I0072,BUY,2025-03-05,72.042,735.97,53020.75,PENDING
T0003100,A00116,I0022,BUY,2025-04-21,32.706,248.48,8126.79,REVERSED
T0003101,A00116,I0043,SELL,2026-01-08,62.33,40.5,2524.36,SETTLED
T0003102,A00116,I0062,DIVIDEND,2025-05-19,0,0,1161.03,SETTLED
T0003103,A00116,I0073,BUY,2025-04-27,35.356,187.95,6645.16,SETTLED
T0003104,A00116,I0031,BUY,2026-07-29,36.191,1749.7,63323.39,SETTLED
T0003105,A00116,I0040,BUY,2026-07-28,12.396,467.33,5793.02,SETTLED
T0003106,A00116,I0016,SELL,2025-09-02,2.825,1706.36,4820.47,PENDING
T0003107,A00116,I0062,BUY,2026-05-30,39.311,935.0,36755.79,SETTLED
T0003108,A00116,I0013,SELL,2025-03-04,54.864,2382.64,130721.16,SETTLED
T0003109,A00116,I0049,FEE,2025-04-16,0,0,395.42,SETTLED
T0003110,A00116,I0002,SELL,2026-04-25,7.648,1555.37,11895.47,PENDING
T0003111,A00116,I0039,DIVIDEND,2025-01-17,0,0,1328.12,SETTLED
T0003112,A00116,I0045,BUY,2025-11-07,2.061,90.42,186.36,SETTLED
T0003113,A00117,I0068,SELL,2025-02-24,46.427,1144.24,53123.63,SETTLED
T0003114,A00117,I0071,DIVIDEND,2025-04-29,0,0,427.8,SETTLED
T0003115,A00117,I0072,BUY,2026-07-03,59.962,774.7,46452.56,SETTLED
T0003116,A00117,I0043,BUY,2025-06-18,1.943,38.75,75.29,SETTLED
T0003117,A00117,I0006,DIVIDEND,2025-01-14,0,0,72.91,SETTLED
T0003118,A00117,I0023,DIVIDEND,2025-09-22,0,0,2625.58,SETTLED
T0003119,A00117,I0063,DIVIDEND,2026-02-23,0,0,4214.67,SETTLED
T0003120,A00117,I0037,BUY,2026-06-13,65.013,252.24,16398.88,SETTLED
T0003121,A00117,I0021,BUY,2026-09-14,14.702,326.3,4797.26,SETTLED
T0003122,A00117,I0078,BUY,2026-05-01,31.192,91.63,2858.12,SETTLED
T0003123,A00117,I0002,DIVIDEND,2025-10-06,0,0,878.64,SETTLED
T0003124,A00117,I0018,DIVIDEND,2026-02-24,0,0,2479.34,SETTLED
T0003125,A00117,I0039,SELL,2025-04-15,6.282,89.66,563.24,SETTLED
T0003126,A00117,I0029,BUY,2025-01-18,71.913,155.5,11182.47,SETTLED
T0003127,A00117,I0012,BUY,2026-04-09,46.587,897.74,41823.01,SETTLED
T0003128,A00117,I0027,DIVIDEND,2025-04-19,0,0,3280.17,SETTLED
T0003129,A00117,I0055,BUY,2025-01-31,50.653,57.08,2891.27,SETTLED
T0003130,A00117,I0022,FEE,2025-01-26,0,0,432.44,SETTLED
T0003131,A00117,I0080,BUY,2026-07-31,30.222,104.03,3143.99,SETTLED
T0003132,A00117,I0032,BUY,2025-10-28,28.113,2142.55,60233.51,SETTLED
T0003133,A00117,I0047,BUY,2026-04-29,30.134,70.18,2114.8,SETTLED
T0003134,A00117,I0048,BUY,2025-10-30,60.663,177.86,10789.52,SETTLED
T0003135,A00117,I0058,SELL,2025-03-29,11.112,12.82,142.46,SETTLED
T0003136,A00117,I0067,FEE,2026-02-11,0,0,216.22,SETTLED
T0003137,A00117,I0039,SELL,2025-04-02,60.628,66.52,4032.97,SETTLED
T0003138,A00117,I0005,BUY,2025-12-12,74.18,637.26,47271.95,SETTLED
T0003139,A00117,I0015,DIVIDEND,2026-01-08,0,0,1671.83,SETTLED
T0003140,A00117,I0025,DIVIDEND,2025-09-21,0,0,1226.97,SETTLED
T0003141,A00118,I0071,SELL,2026-01-14,61.168,744.71,45552.42,SETTLED
T0003142,A00118,I0047,SELL,2025-05-06,19.731,85.92,1695.29,SETTLED
T0003143,A00118,I0007,SELL,2025-08-28,72.015,404.84,29154.55,SETTLED
T0003144,A00118,I0074,BUY,2025-03-15,38.232,76.81,2936.6,SETTLED
T0003145,A00118,I0060,BUY,2026-08-02,17.597,81.39,1432.22,SETTLED
T0003146,A00118,I0054,BUY,2025-09-03,10.684,102.59,1096.07,SETTLED
T0003147,A00118,I0073,FEE,2026-03-10,0,0,329.46,SETTLED
T0003148,A00118,I0057,DIVIDEND,2025-02-27,0,0,278.38,SETTLED
T0003149,A00118,I0075,SELL,2025-07-13,11.244,159.54,1793.87,SETTLED
T0003150,A00118,I0004,SELL,2026-04-05,47.029,791.61,37228.63,SETTLED
T0003151,A00118,I0042,BUY,2026-05-27,20.291,223.12,4527.33,SETTLED
T0003152,A00118,I0001,FEE,2025-10-29,0,0,421.34,SETTLED
T0003153,A00118,I0066,BUY,2026-04-15,19.869,833.21,16555.05,SETTLED
T0003154,A00118,I0049,FEE,2026-05-05,0,0,276.58,SETTLED
T0003155,A00118,I0042,BUY,2026-07-08,56.446,225.15,12708.82,PENDING
T0003156,A00118,I0025,SELL,2026-08-03,27.207,674.29,18345.41,SETTLED
T0003157,A00118,I0047,DIVIDEND,2025-09-10,0,0,1786.47,SETTLED
T0003158,A00118,I0064,BUY,2025-10-05,23.31,729.19,16997.42,SETTLED
T0003159,A00118,I0060,FEE,2025-08-27,0,0,387.71,SETTLED
T0003160,A00118,I0063,BUY,2025-08-21,54.784,1014.61,55584.39,SETTLED
T0003161,A00118,I0065,SELL,2026-04-28,66.986,1141.4,76457.82,SETTLED
T0003162,A00118,I0058,SELL,2025-12-05,34.08,14.63,498.59,SETTLED
T0003163,A00118,I0054,BUY,2025-06-23,71.548,108.23,7743.64,SETTLED
T0003164,A00118,I0002,SELL,2026-02-28,14.238,1739.85,24771.98,PENDING
T0003165,A00118,I0026,BUY,2025-09-16,63.758,111.79,7127.51,SETTLED
T0003166,A00118,I0077,BUY,2026-08-09,72.86,78.91,5749.38,SETTLED
T0003167,A00118,I0073,SELL,2026-01-29,74.298,139.69,10378.69,SETTLED
T0003168,A00118,I0026,BUY,2025-06-19,63.099,73.22,4620.11,SETTLED
T0003169,A00118,I0072,BUY,2025-11-08,68.443,665.46,45546.08,SETTLED
T0003170,A00118,I0048,SELL,2026-02-28,48.385,188.99,9144.28,SETTLED
T0003171,A00118,I0055,SELL,2026-09-12,41.886,67.55,2829.4,SETTLED
T0003172,A00118,I0078,SELL,2026-07-03,69.622,92.54,6442.82,SETTLED
T0003173,A00118,I0030,BUY,2026-08-18,32.55,2160.93,70338.27,SETTLED
T0003174,A00118,I0020,SELL,2026-06-28,41.817,587.0,24546.58,SETTLED
T0003175,A00118,I0076,DIVIDEND,2025-10-09,0,0,3393.16,SETTLED
T0003176,A00119,I0016,SELL,2026-06-23,60.036,1114.08,66884.91,SETTLED
T0003177,A00119,I0042,BUY,2025-05-16,32.443,225.71,7322.71,SETTLED
T0003178,A00119,I0042,BUY,2025-02-05,12.032,190.03,2286.44,SETTLED
T0003179,A00119,I0021,SELL,2025-02-01,5.912,190.22,1124.58,SETTLED
T0003180,A00119,I0009,BUY,2025-10-12,34.102,785.61,26790.87,SETTLED
T0003181,A00119,I0024,BUY,2025-02-24,58.748,215.08,12635.52,SETTLED
T0003182,A00119,I0040,BUY,2026-03-06,3.159,409.8,1294.56,SETTLED
T0003183,A00119,I0022,BUY,2025-07-21,61.34,264.8,16242.83,SETTLED
T0003184,A00119,I0065,SELL,2026-02-01,15.41,920.74,14188.6,SETTLED
T0003185,A00119,I0028,SELL,2025-04-09,56.486,562.68,31783.54,SETTLED
T0003186,A00119,I0026,DIVIDEND,2025-08-19,0,0,2128.88,REVERSED
T0003187,A00119,I0023,SELL,2025-08-14,23.513,450.16,10584.61,SETTLED
T0003188,A00119,I0072,SELL,2026-05-27,35.662,757.0,26996.13,SETTLED
T0003189,A00119,I0080,BUY,2025-01-19,49.822,76.87,3829.82,SETTLED
T0003190,A00119,I0036,BUY,2026-07-18,36.714,327.45,12022.0,SETTLED
T0003191,A00119,I0059,BUY,2025-11-29,35.062,192.19,6738.57,SETTLED
T0003192,A00119,I0027,BUY,2025-06-27,5.435,1192.57,6481.62,SETTLED
T0003193,A00119,I0080,BUY,2025-05-11,5.832,118.28,689.81,SETTLED
T0003194,A00119,I0044,FEE,2025-01-07,0,0,187.49,SETTLED
T0003195,A00119,I0007,FEE,2026-04-16,0,0,426.16,SETTLED
T0003196,A00119,I0024,DIVIDEND,2026-06-04,0,0,4294.49,SETTLED
T0003197,A00119,I0030,BUY,2026-09-15,31.373,2092.2,65638.59,SETTLED
T0003198,A00119,I0062,BUY,2025-08-02,31.435,704.62,22149.73,SETTLED
T0003199,A00119,I0042,DIVIDEND,2026-05-28,0,0,2791.5,SETTLED
T0003200,A00119,I0022,SELL,2026-01-09,57.008,296.83,16921.68,SETTLED
T0003201,A00119,I0080,BUY,2026-07-31,52.687,81.98,4319.28,SETTLED
T0003202,A00119,I0016,BUY,2026-06-01,53.651,1305.16,70023.14,SETTLED
T0003203,A00119,I0079,BUY,2025-01-17,33.567,68.81,2309.75,SETTLED
T0003204,A00120,I0025,SELL,2026-02-10,56.769,927.64,52661.2,SETTLED
T0003205,A00120,I0045,BUY,2026-07-21,71.253,81.89,5834.91,SETTLED
T0003206,A00120,I0066,SELL,2025-06-19,68.986,789.3,54450.65,SETTLED
T0003207,A00120,I0060,DIVIDEND,2026-06-10,0,0,1506.64,SETTLED
T0003208,A00120,I0080,BUY,2025-05-29,52.224,99.31,5186.37,SETTLED
T0003209,A00120,I0014,SELL,2026-08-12,2.65,1949.51,5166.2,SETTLED
T0003210,A00120,I0030,BUY,2026-04-29,36.472,1346.22,49099.34,SETTLED
T0003211,A00120,I0070,BUY,2026-09-17,65.252,1081.06,70541.33,PENDING
T0003212,A00120,I0020,DIVIDEND,2025-02-17,0,0,810.36,SETTLED
T0003213,A00120,I0045,SELL,2025-01-19,23.829,80.06,1907.75,SETTLED
T0003214,A00120,I0042,FEE,2026-02-28,0,0,91.64,SETTLED
T0003215,A00120,I0077,DIVIDEND,2025-07-10,0,0,813.16,SETTLED
T0003216,A00120,I0038,BUY,2025-09-13,2.423,206.04,499.23,SETTLED
T0003217,A00120,I0024,BUY,2025-10-11,74.843,291.48,21815.24,SETTLED
T0003218,A00120,I0048,BUY,2025-12-10,70.393,130.77,9205.29,SETTLED
T0003219,A00120,I0014,BUY,2025-04-01,26.653,1871.54,49882.16,SETTLED
T0003220,A00120,I0012,SELL,2025-12-03,60.237,741.06,44639.23,SETTLED
T0003221,A00120,I0022,SELL,2026-09-08,30.81,274.24,8449.33,REVERSED
T0003222,A00120,I0068,DIVIDEND,2026-04-25,0,0,1874.75,SETTLED
T0003223,A00120,I0041,SELL,2025-10-05,40.272,516.9,20816.6,SETTLED
T0003224,A00120,I0057,BUY,2026-06-17,55.516,122.25,6786.83,SETTLED
T0003225,A00120,I0009,SELL,2026-08-08,26.245,933.22,24492.36,SETTLED
T0003226,A00120,I0023,BUY,2025-02-10,4.802,622.15,2987.56,SETTLED
T0003227,A00120,I0013,DIVIDEND,2025-01-11,0,0,2445.14,SETTLED
T0003228,A00120,I0006,SELL,2025-05-23,15.507,1679.32,26041.22,SETTLED
T0003229,A00120,I0035,BUY,2026-04-17,8.213,707.21,5808.32,SETTLED
T0003230,A00120,I0004,SELL,2025-10-02,69.332,749.01,51930.36,SETTLED
T0003231,A00120,I0044,BUY,2025-04-02,51.108,38.02,1943.13,REVERSED
T0003232,A00121,I0064,BUY,2025-04-08,53.219,688.52,36642.35,SETTLED
T0003233,A00121,I0046,SELL,2026-03-27,9.717,75.03,729.07,SETTLED
T0003234,A00121,I0006,SELL,2025-06-20,44.259,1413.39,62555.23,SETTLED
T0003235,A00121,I0055,SELL,2025-09-01,32.641,80.47,2626.62,SETTLED
T0003236,A00121,I0037,SELL,2025-01-10,68.193,274.02,18686.25,SETTLED
T0003237,A00121,I0015,BUY,2026-08-31,36.926,1885.52,69624.71,PENDING
T0003238,A00121,I0056,SELL,2026-05-13,4.639,105.29,488.44,SETTLED
T0003239,A00121,I0034,BUY,2025-10-12,13.722,102.19,1402.25,SETTLED
T0003240,A00121,I0061,BUY,2025-12-02,31.691,1168.71,37037.59,SETTLED
T0003241,A00121,I0012,SELL,2026-04-27,3.017,886.32,2674.03,SETTLED
T0003242,A00121,I0006,DIVIDEND,2026-03-18,0,0,1638.75,SETTLED
T0003243,A00121,I0023,DIVIDEND,2025-03-09,0,0,3084.58,SETTLED
T0003244,A00121,I0040,SELL,2025-02-10,70.157,543.42,38124.72,SETTLED
T0003245,A00121,I0020,BUY,2025-01-23,66.373,708.02,46993.41,SETTLED
T0003246,A00121,I0035,SELL,2026-05-13,45.428,745.57,33869.75,SETTLED
T0003247,A00121,I0064,DIVIDEND,2026-07-12,0,0,3121.33,PENDING
T0003248,A00121,I0065,SELL,2025-05-10,61.521,799.65,49195.27,SETTLED
T0003249,A00121,I0076,BUY,2025-07-21,68.526,366.6,25121.63,SETTLED
T0003250,A00121,I0012,SELL,2026-06-12,41.477,1084.97,45001.3,SETTLED
T0003251,A00121,I0022,SELL,2026-06-24,74.039,310.15,22963.2,SETTLED
T0003252,A00121,I0052,DIVIDEND,2026-02-04,0,0,4233.92,SETTLED
T0003253,A00121,I0019,BUY,2025-01-17,52.5,1640.81,86142.52,SETTLED
T0003254,A00121,I0015,BUY,2025-10-20,33.352,2495.22,83220.58,SETTLED
T0003255,A00121,I0035,SELL,2025-07-21,17.165,523.7,8989.31,SETTLED
T0003256,A00121,I0051,BUY,2025-06-09,56.065,110.45,6192.38,SETTLED
T0003257,A00121,I0039,SELL,2026-07-09,58.052,85.14,4942.55,SETTLED
T0003258,A00121,I0008,BUY,2025-06-06,20.674,171.6,3547.66,SETTLED
T0003259,A00121,I0080,SELL,2025-06-22,59.061,92.21,5446.01,SETTLED
T0003260,A00121,I0039,SELL,2025-03-04,30.574,65.79,2011.46,SETTLED
T0003261,A00121,I0027,SELL,2025-01-05,10.056,914.72,9198.42,SETTLED
T0003262,A00121,I0009,DIVIDEND,2025-01-05,0,0,2071.85,PENDING
T0003263,A00121,I0045,SELL,2026-06-20,13.552,63.18,856.22,SETTLED
T0003264,A00121,I0053,BUY,2025-05-25,73.856,12.36,912.86,SETTLED
T0003265,A00121,I0035,SELL,2025-07-10,36.911,443.51,16370.4,SETTLED
T0003266,A00122,I0035,BUY,2025-01-20,39.723,675.94,26850.36,SETTLED
T0003267,A00122,I0034,BUY,2026-02-15,68.56,103.41,7089.79,PENDING
T0003268,A00122,I0023,BUY,2026-09-15,15.834,596.7,9448.15,SETTLED
T0003269,A00122,I0021,BUY,2025-07-29,30.631,227.37,6964.57,SETTLED
T0003270,A00122,I0021,SELL,2026-05-30,46.701,287.47,13425.14,SETTLED
T0003271,A00122,I0038,SELL,2026-05-09,33.235,204.83,6807.53,SETTLED
T0003272,A00122,I0073,BUY,2025-11-13,73.282,175.11,12832.41,SETTLED
T0003273,A00122,I0034,BUY,2025-09-30,21.006,116.02,2437.12,SETTLED
T0003274,A00122,I0014,SELL,2025-03-08,41.603,1711.3,71195.21,SETTLED
T0003275,A00122,I0075,BUY,2025-04-12,66.137,169.15,11187.07,SETTLED
T0003276,A00122,I0034,BUY,2026-05-31,38.686,101.55,3928.56,SETTLED
T0003277,A00122,I0064,BUY,2025-05-03,63.169,832.49,52587.56,SETTLED
T0003278,A00122,I0064,BUY,2025-08-15,11.289,945.56,10674.43,SETTLED
T0003279,A00122,I0021,SELL,2025-11-08,16.123,195.28,3148.5,SETTLED
T0003280,A00122,I0041,SELL,2026-03-21,15.885,437.65,6952.07,SETTLED
T0003281,A00122,I0069,BUY,2025-10-02,30.475,660.61,20132.09,SETTLED
T0003282,A00122,I0042,FEE,2026-06-02,0,0,59.89,SETTLED
T0003283,A00122,I0075,DIVIDEND,2025-08-29,0,0,4109.51,SETTLED
T0003284,A00123,I0077,FEE,2025-03-22,0,0,406.87,SETTLED
T0003285,A00123,I0032,BUY,2026-04-30,21.7,1901.42,41260.81,SETTLED
T0003286,A00123,I0007,DIVIDEND,2026-06-24,0,0,1241.9,SETTLED
T0003287,A00123,I0025,SELL,2025-05-06,18.545,914.3,16955.69,PENDING
T0003288,A00123,I0069,BUY,2025-12-23,9.818,721.66,7085.26,SETTLED
T0003289,A00123,I0010,BUY,2026-02-09,5.489,2107.69,11569.11,SETTLED
T0003290,A00123,I0006,BUY,2025-09-02,53.784,1729.53,93021.04,SETTLED
T0003291,A00123,I0056,BUY,2026-02-09,27.715,99.3,2752.1,SETTLED
T0003292,A00123,I0009,SELL,2025-12-08,59.285,1015.14,60182.57,SETTLED
T0003293,A00123,I0002,DIVIDEND,2025-03-09,0,0,4100.5,SETTLED
T0003294,A00123,I0002,DIVIDEND,2026-08-08,0,0,2408.79,SETTLED
T0003295,A00123,I0052,BUY,2025-02-03,37.926,172.17,6529.72,SETTLED
T0003296,A00123,I0013,FEE,2026-03-02,0,0,475.45,SETTLED
T0003297,A00123,I0037,BUY,2025-11-27,29.168,236.44,6896.48,SETTLED
T0003298,A00123,I0006,FEE,2025-03-04,0,0,478.33,SETTLED
T0003299,A00123,I0015,SELL,2026-04-04,72.271,2925.77,211448.32,SETTLED
T0003300,A00123,I0079,SELL,2026-01-11,19.706,113.12,2229.14,SETTLED
T0003301,A00123,I0015,DIVIDEND,2025-06-10,0,0,2397.57,SETTLED
T0003302,A00123,I0029,BUY,2025-12-06,19.204,133.29,2559.7,SETTLED
T0003303,A00124,I0030,BUY,2026-08-26,20.143,1687.86,33998.56,SETTLED
T0003304,A00124,I0036,DIVIDEND,2025-12-21,0,0,2290.87,SETTLED
T0003305,A00124,I0031,SELL,2026-08-06,11.766,1828.6,21515.31,SETTLED
T0003306,A00124,I0033,SELL,2025-12-17,7.801,302.42,2359.18,SETTLED
T0003307,A00124,I0004,SELL,2025-05-21,20.326,844.58,17166.93,SETTLED
T0003308,A00124,I0003,DIVIDEND,2025-02-22,0,0,1932.91,SETTLED
T0003309,A00124,I0004,BUY,2025-01-19,44.357,1328.5,58928.27,SETTLED
T0003310,A00124,I0013,SELL,2026-07-23,74.788,2562.16,191618.82,SETTLED
T0003311,A00124,I0045,SELL,2025-04-18,16.812,61.55,1034.78,SETTLED
T0003312,A00124,I0057,BUY,2025-04-20,64.565,149.55,9655.7,SETTLED
T0003313,A00124,I0068,BUY,2026-03-10,49.67,1341.03,66608.96,SETTLED
T0003314,A00124,I0017,FEE,2026-07-03,0,0,130.67,PENDING
T0003315,A00124,I0067,BUY,2025-09-30,36.584,898.33,32864.5,SETTLED
T0003316,A00124,I0079,FEE,2025-06-27,0,0,420.38,SETTLED
T0003317,A00124,I0056,SELL,2025-02-18,19.564,123.5,2416.15,SETTLED
T0003318,A00124,I0028,BUY,2025-07-14,59.225,398.08,23576.29,SETTLED
T0003319,A00125,I0026,BUY,2025-03-19,53.547,83.19,4454.57,SETTLED
T0003320,A00125,I0008,BUY,2025-03-02,20.664,148.13,3060.96,SETTLED
T0003321,A00125,I0054,FEE,2026-06-29,0,0,214.45,SETTLED
T0003322,A00125,I0025,SELL,2026-05-28,69.682,933.92,65077.41,SETTLED
T0003323,A00125,I0032,SELL,2025-04-07,33.165,2220.6,73646.2,SETTLED
T0003324,A00125,I0052,BUY,2025-10-10,46.13,159.48,7356.81,REVERSED
T0003325,A00125,I0080,FEE,2026-07-03,0,0,421.75,SETTLED
T0003326,A00125,I0034,BUY,2025-07-14,20.67,159.41,3295.0,SETTLED
T0003327,A00125,I0050,FEE,2025-01-28,0,0,82.3,SETTLED
T0003328,A00125,I0073,SELL,2025-03-25,6.818,110.61,754.14,SETTLED
T0003329,A00125,I0069,SELL,2025-01-18,70.813,797.2,56452.12,SETTLED
T0003330,A00125,I0025,BUY,2026-04-27,64.076,613.02,39279.87,SETTLED
T0003331,A00125,I0012,FEE,2025-12-07,0,0,169.34,SETTLED
T0003332,A00125,I0045,BUY,2026-01-06,5.581,79.52,443.8,SETTLED
T0003333,A00125,I0071,BUY,2026-02-14,15.299,1054.41,16131.42,SETTLED
T0003334,A00125,I0077,BUY,2025-09-24,61.376,95.11,5837.47,SETTLED
T0003335,A00125,I0046,SELL,2025-12-22,66.83,72.07,4816.44,SETTLED
T0003336,A00125,I0075,BUY,2026-05-18,52.165,202.88,10583.24,SETTLED
T0003337,A00125,I0050,FEE,2025-07-03,0,0,337.54,SETTLED
T0003338,A00125,I0048,BUY,2025-05-02,12.026,153.22,1842.62,SETTLED
T0003339,A00125,I0004,FEE,2025-06-17,0,0,486.67,SETTLED
T0003340,A00125,I0013,BUY,2025-08-16,10.53,2177.38,22927.81,SETTLED
T0003341,A00125,I0014,FEE,2025-01-31,0,0,163.92,SETTLED
T0003342,A00125,I0058,SELL,2026-08-31,46.542,17.16,798.66,SETTLED
T0003343,A00125,I0045,SELL,2025-05-30,9.919,83.71,830.32,SETTLED
T0003344,A00125,I0038,SELL,2025-08-28,74.678,189.56,14155.96,SETTLED
T0003345,A00125,I0047,SELL,2025-05-14,11.901,81.31,967.67,SETTLED
T0003346,A00125,I0061,SELL,2026-05-10,19.031,998.24,18997.51,SETTLED
T0003347,A00125,I0066,SELL,2025-08-08,48.935,1032.75,50537.62,SETTLED
T0003348,A00125,I0055,BUY,2026-02-06,50.156,68.02,3411.61,SETTLED
T0003349,A00125,I0004,BUY,2025-06-05,46.744,990.19,46285.44,SETTLED
T0003350,A00125,I0063,SELL,2026-07-17,16.698,868.41,14500.71,SETTLED
T0003351,A00125,I0021,SELL,2025-11-24,49.144,255.31,12546.95,SETTLED
T0003352,A00125,I0018,BUY,2025-05-29,2.328,1118.34,2603.5,SETTLED
T0003353,A00125,I0016,DIVIDEND,2026-02-02,0,0,1373.24,SETTLED
T0003354,A00125,I0012,BUY,2025-12-13,62.638,724.76,45397.52,SETTLED
T0003355,A00126,I0007,FEE,2026-04-04,0,0,58.27,SETTLED
T0003356,A00126,I0034,BUY,2026-01-10,29.816,125.47,3741.01,SETTLED
T0003357,A00126,I0063,SELL,2026-01-31,8.554,930.33,7958.04,SETTLED
T0003358,A00126,I0077,SELL,2026-06-08,22.019,108.38,2386.42,SETTLED
T0003359,A00126,I0011,DIVIDEND,2025-04-27,0,0,3316.93,SETTLED
T0003360,A00126,I0042,FEE,2025-09-30,0,0,148.39,SETTLED
T0003361,A00126,I0013,DIVIDEND,2025-10-30,0,0,486.56,SETTLED
T0003362,A00126,I0053,SELL,2025-03-01,42.684,17.31,738.86,SETTLED
T0003363,A00126,I0078,DIVIDEND,2025-11-29,0,0,3288.88,SETTLED
T0003364,A00126,I0001,BUY,2025-03-09,11.817,1025.57,12119.16,SETTLED
T0003365,A00126,I0071,BUY,2026-02-14,53.396,889.04,47471.18,SETTLED
T0003366,A00126,I0051,FEE,2025-02-11,0,0,441.66,SETTLED
T0003367,A00126,I0054,BUY,2026-03-21,22.873,106.74,2441.46,SETTLED
T0003368,A00126,I0011,BUY,2026-09-10,66.073,2487.42,164351.3,SETTLED
T0003369,A00126,I0028,BUY,2026-08-29,3.154,646.11,2037.83,SETTLED
T0003370,A00126,I0004,BUY,2025-03-02,49.508,935.19,46299.39,SETTLED
T0003371,A00126,I0005,DIVIDEND,2026-07-31,0,0,2131.39,SETTLED
T0003372,A00126,I0045,SELL,2025-11-13,37.402,66.07,2471.15,SETTLED
T0003373,A00126,I0024,SELL,2025-02-01,36.553,209.15,7645.06,SETTLED
T0003374,A00126,I0026,SELL,2026-02-06,16.288,69.65,1134.46,SETTLED
T0003375,A00126,I0041,SELL,2025-07-20,2.026,543.09,1100.3,SETTLED
T0003376,A00126,I0009,BUY,2025-11-06,15.479,987.61,15287.22,SETTLED
T0003377,A00126,I0073,BUY,2025-01-26,15.676,191.95,3009.01,SETTLED
T0003378,A00126,I0001,SELL,2025-11-27,21.737,1131.63,24598.24,SETTLED
T0003379,A00126,I0011,BUY,2026-06-09,72.668,2606.98,189444.02,SETTLED
T0003380,A00126,I0035,SELL,2025-08-23,41.12,463.33,19052.13,SETTLED
T0003381,A00126,I0023,BUY,2025-10-18,52.175,606.86,31662.92,SETTLED
T0003382,A00126,I0019,BUY,2026-02-14,28.069,1534.45,43070.48,SETTLED
T0003383,A00126,I0049,BUY,2025-11-05,31.306,22.42,701.88,SETTLED
T0003384,A00126,I0068,BUY,2026-01-06,38.624,876.92,33870.16,SETTLED
T0003385,A00126,I0007,BUY,2025-07-13,11.557,454.64,5254.27,SETTLED
T0003386,A00126,I0077,SELL,2025-05-29,42.877,90.74,3890.66,REVERSED
T0003387,A00126,I0052,SELL,2025-04-13,25.953,116.26,3017.3,PENDING
T0003388,A00126,I0055,BUY,2025-07-29,55.128,43.19,2380.98,SETTLED
T0003389,A00126,I0026,BUY,2026-01-21,58.167,72.05,4190.93,PENDING
T0003390,A00126,I0031,BUY,2026-05-18,34.107,1728.24,58945.08,PENDING
T0003391,A00126,I0041,BUY,2025-03-06,41.067,352.29,14467.49,SETTLED
T0003392,A00126,I0063,SELL,2026-04-28,27.439,759.41,20837.45,SETTLED
T0003393,A00126,I0002,SELL,2025-10-30,9.373,2258.81,21171.83,SETTLED
T0003394,A00126,I0071,SELL,2026-04-23,68.09,850.93,57939.82,SETTLED
T0003395,A00126,I0019,BUY,2025-10-27,8.359,1629.28,13619.15,SETTLED
T0003396,A00126,I0007,BUY,2026-07-28,38.51,605.96,23335.52,SETTLED
T0003397,A00127,I0018,BUY,2026-02-02,58.346,934.43,54520.25,SETTLED
T0003398,A00127,I0043,BUY,2026-02-06,37.841,41.78,1581.0,SETTLED
T0003399,A00127,I0035,DIVIDEND,2025-03-22,0,0,639.75,SETTLED
T0003400,A00127,I0037,SELL,2025-08-16,72.108,309.99,22352.76,SETTLED
T0003401,A00127,I0074,BUY,2025-09-10,1.639,121.74,199.53,SETTLED
T0003402,A00127,I0053,BUY,2026-02-24,70.149,13.83,970.16,SETTLED
T0003403,A00127,I0043,BUY,2025-12-18,37.363,33.16,1238.96,SETTLED
T0003404,A00127,I0050,BUY,2026-02-01,41.283,77.56,3201.91,PENDING
T0003405,A00127,I0052,DIVIDEND,2026-04-04,0,0,1980.05,SETTLED
T0003406,A00127,I0053,BUY,2025-10-20,17.26,10.93,188.65,SETTLED
T0003407,A00127,I0062,BUY,2026-01-07,51.295,1019.35,52287.56,REVERSED
T0003408,A00127,I0042,BUY,2026-09-13,17.581,226.03,3973.83,SETTLED
T0003409,A00127,I0008,SELL,2025-07-28,36.687,153.5,5631.45,SETTLED
T0003410,A00127,I0063,BUY,2025-04-14,18.935,826.35,15646.94,SETTLED
T0003411,A00127,I0014,BUY,2026-01-25,14.99,2258.31,33852.07,SETTLED
T0003412,A00127,I0045,SELL,2025-03-12,40.069,52.77,2114.44,SETTLED
T0003413,A00127,I0067,SELL,2026-07-04,31.812,999.9,31808.82,SETTLED
T0003414,A00127,I0047,SELL,2025-03-04,45.415,73.87,3354.81,SETTLED
T0003415,A00127,I0028,SELL,2026-06-10,69.091,489.35,33809.68,SETTLED
T0003416,A00127,I0019,BUY,2025-08-07,5.062,2440.27,12352.65,SETTLED
T0003417,A00127,I0024,BUY,2026-05-24,43.058,270.43,11644.17,SETTLED
T0003418,A00127,I0051,BUY,2026-08-04,70.381,113.61,7995.99,SETTLED
T0003419,A00127,I0035,BUY,2026-08-10,49.858,712.28,35512.86,SETTLED
T0003420,A00127,I0075,BUY,2026-06-20,56.444,175.17,9887.3,SETTLED
T0003421,A00127,I0048,BUY,2026-08-20,26.951,200.73,5409.87,SETTLED
T0003422,A00127,I0007,BUY,2026-06-09,18.031,472.64,8522.17,SETTLED
T0003423,A00127,I0025,BUY,2026-07-26,6.757,667.81,4512.39,REVERSED
T0003424,A00127,I0035,SELL,2026-08-11,43.573,662.2,28854.04,REVERSED
T0003425,A00127,I0050,SELL,2026-09-12,43.81,116.4,5099.48,SETTLED
T0003426,A00128,I0030,SELL,2026-05-02,40.377,1392.98,56244.35,SETTLED
T0003427,A00128,I0034,BUY,2025-09-16,37.618,99.68,3749.76,SETTLED
T0003428,A00128,I0014,SELL,2025-01-07,44.931,2317.73,104137.93,SETTLED
T0003429,A00128,I0013,DIVIDEND,2026-02-27,0,0,771.87,SETTLED
T0003430,A00128,I0067,BUY,2025-03-24,70.096,1060.41,74330.5,SETTLED
T0003431,A00128,I0048,SELL,2026-05-03,11.778,134.48,1583.91,SETTLED
T0003432,A00128,I0015,BUY,2025-09-04,19.975,2091.8,41783.71,SETTLED
T0003433,A00128,I0017,DIVIDEND,2026-04-07,0,0,978.74,SETTLED
T0003434,A00128,I0012,BUY,2026-07-05,15.055,688.56,10366.27,SETTLED
T0003435,A00128,I0033,BUY,2025-05-27,14.478,245.02,3547.4,SETTLED
T0003436,A00128,I0004,BUY,2025-07-31,49.078,1312.92,64435.49,SETTLED
T0003437,A00128,I0029,BUY,2026-01-12,70.371,223.6,15734.96,SETTLED
T0003438,A00128,I0047,SELL,2025-01-25,13.495,75.6,1020.22,SETTLED
T0003439,A00128,I0075,BUY,2025-06-07,33.101,264.19,8744.95,SETTLED
T0003440,A00128,I0025,DIVIDEND,2026-03-10,0,0,4133.85,SETTLED
T0003441,A00128,I0039,SELL,2026-02-10,47.101,68.3,3217.0,SETTLED
T0003442,A00128,I0008,SELL,2026-03-28,12.896,114.62,1478.14,SETTLED
T0003443,A00128,I0017,BUY,2026-07-29,31.186,2381.83,74279.75,SETTLED
T0003444,A00128,I0073,BUY,2026-08-25,7.054,179.38,1265.35,SETTLED
T0003445,A00128,I0034,SELL,2026-09-02,13.153,93.57,1230.73,SETTLED
T0003446,A00128,I0012,BUY,2025-02-15,1.062,809.49,859.68,SETTLED
T0003447,A00128,I0053,BUY,2026-03-04,18.049,15.94,287.7,SETTLED
T0003448,A00128,I0016,SELL,2025-10-27,6.061,1687.02,10225.03,SETTLED
T0003449,A00128,I0010,DIVIDEND,2026-07-07,0,0,1737.56,SETTLED
T0003450,A00128,I0017,BUY,2025-09-24,36.561,2341.78,85617.82,SETTLED
T0003451,A00128,I0055,BUY,2025-09-22,14.0,48.55,679.7,SETTLED
T0003452,A00128,I0048,BUY,2025-04-03,20.101,161.78,3251.94,SETTLED
T0003453,A00128,I0056,BUY,2026-03-05,65.672,96.54,6339.97,REVERSED
T0003454,A00128,I0032,BUY,2026-03-16,61.606,1870.82,115253.74,SETTLED
T0003455,A00128,I0013,SELL,2026-01-20,44.615,2435.61,108664.74,SETTLED
T0003456,A00128,I0046,SELL,2025-09-02,63.328,129.01,8169.95,SETTLED
T0003457,A00128,I0017,BUY,2026-05-09,65.924,2343.3,154479.71,SETTLED
T0003458,A00128,I0038,SELL,2026-03-07,49.843,170.78,8512.19,SETTLED
T0003459,A00128,I0044,BUY,2025-01-13,37.576,42.23,1586.83,SETTLED
T0003460,A00128,I0019,SELL,2025-02-01,16.563,1594.84,26415.33,SETTLED
T0003461,A00128,I0062,BUY,2025-01-19,24.843,1150.86,28590.81,SETTLED
T0003462,A00128,I0030,FEE,2025-12-25,0,0,266.0,SETTLED
T0003463,A00129,I0036,SELL,2025-06-15,41.888,469.97,19686.1,SETTLED
T0003464,A00129,I0013,FEE,2025-11-09,0,0,376.67,PENDING
T0003465,A00129,I0006,SELL,2026-08-28,31.537,1437.83,45344.84,SETTLED
T0003466,A00129,I0061,DIVIDEND,2025-04-29,0,0,2122.76,SETTLED
T0003467,A00129,I0049,BUY,2025-07-07,44.574,25.27,1126.38,SETTLED
T0003468,A00129,I0004,BUY,2025-07-15,16.385,817.55,13395.56,SETTLED
T0003469,A00129,I0012,SELL,2025-05-07,24.853,920.77,22883.9,SETTLED
T0003470,A00129,I0047,SELL,2025-02-12,35.858,89.85,3221.84,SETTLED
T0003471,A00129,I0053,SELL,2025-01-24,3.004,16.4,49.27,SETTLED
T0003472,A00129,I0069,BUY,2025-07-15,59.773,1166.65,69734.17,SETTLED
T0003473,A00129,I0075,BUY,2026-04-23,5.673,261.72,1484.74,SETTLED
T0003474,A00129,I0029,BUY,2025-06-23,53.735,164.43,8835.65,SETTLED
T0003475,A00129,I0013,BUY,2025-07-06,69.257,1693.91,117315.12,SETTLED
T0003476,A00129,I0024,BUY,2026-01-02,22.294,279.81,6238.08,SETTLED
T0003477,A00129,I0033,BUY,2026-06-29,61.082,278.49,17010.73,SETTLED
T0003478,A00129,I0039,BUY,2025-04-12,30.389,56.69,1722.75,SETTLED
T0003479,A00129,I0050,FEE,2025-08-13,0,0,346.86,SETTLED
T0003480,A00129,I0071,BUY,2025-11-05,59.666,986.9,58884.38,SETTLED
T0003481,A00129,I0010,BUY,2025-09-05,5.706,2029.88,11582.5,SETTLED
T0003482,A00129,I0048,BUY,2025-04-28,66.882,143.71,9611.61,SETTLED
T0003483,A00129,I0038,SELL,2025-05-22,66.647,156.51,10430.92,SETTLED
T0003484,A00129,I0065,BUY,2025-04-26,52.513,759.33,39874.7,SETTLED
T0003485,A00129,I0017,BUY,2026-05-07,5.545,1701.17,9432.99,SETTLED
T0003486,A00129,I0039,SELL,2025-07-31,38.876,52.16,2027.77,SETTLED
T0003487,A00129,I0053,BUY,2026-01-11,2.545,16.43,41.81,SETTLED
T0003488,A00129,I0014,SELL,2026-06-30,66.835,1790.95,119698.14,SETTLED
T0003489,A00129,I0057,BUY,2025-04-11,6.882,176.6,1215.36,SETTLED
T0003490,A00129,I0062,BUY,2025-12-01,53.54,1094.09,58577.58,PENDING
T0003491,A00129,I0061,BUY,2025-11-22,21.513,1301.28,27994.44,SETTLED
T0003492,A00129,I0001,SELL,2025-01-07,64.278,723.11,46480.06,SETTLED
T0003493,A00129,I0026,BUY,2025-04-27,2.394,69.37,166.07,SETTLED
T0003494,A00129,I0066,SELL,2026-07-12,28.176,892.6,25149.9,SETTLED
T0003495,A00129,I0034,BUY,2025-08-19,14.913,148.47,2214.13,SETTLED
T0003496,A00129,I0003,BUY,2026-03-01,73.798,115.17,8499.32,SETTLED
T0003497,A00129,I0006,SELL,2026-09-07,28.056,1757.72,49314.59,SETTLED
T0003498,A00129,I0029,BUY,2026-02-13,33.008,153.99,5082.9,SETTLED
T0003499,A00130,I0075,BUY,2025-07-15,46.426,182.37,8466.71,SETTLED
T0003500,A00130,I0059,FEE,2025-09-26,0,0,180.53,SETTLED
T0003501,A00130,I0047,SELL,2025-11-11,36.237,55.99,2028.91,SETTLED
T0003502,A00130,I0048,FEE,2026-03-08,0,0,327.76,SETTLED
T0003503,A00130,I0061,BUY,2025-01-28,36.659,1103.71,40460.9,SETTLED
T0003504,A00130,I0050,BUY,2026-04-08,27.261,109.67,2989.71,SETTLED
T0003505,A00130,I0048,BUY,2026-07-13,66.37,121.87,8088.51,SETTLED
T0003506,A00130,I0029,SELL,2025-02-05,36.701,196.99,7229.73,SETTLED
T0003507,A00130,I0027,BUY,2026-09-11,13.115,1731.38,22707.05,SETTLED
T0003508,A00130,I0072,BUY,2026-01-09,46.548,756.9,35232.18,SETTLED
T0003509,A00130,I0054,DIVIDEND,2025-01-12,0,0,657.51,SETTLED
T0003510,A00130,I0011,SELL,2025-05-04,37.574,2822.56,106054.87,SETTLED
T0003511,A00130,I0075,SELL,2025-08-04,65.198,209.4,13652.46,SETTLED
T0003512,A00130,I0017,SELL,2025-02-28,7.628,2183.23,16653.68,SETTLED
T0003513,A00130,I0014,BUY,2025-09-04,43.008,2628.12,113030.18,SETTLED
T0003514,A00130,I0063,FEE,2026-09-05,0,0,318.4,SETTLED
T0003515,A00130,I0079,SELL,2025-03-23,26.612,118.22,3146.07,SETTLED
T0003516,A00130,I0069,BUY,2025-06-01,20.734,1204.33,24970.58,SETTLED
T0003517,A00130,I0055,FEE,2025-06-18,0,0,314.33,SETTLED
T0003518,A00130,I0007,FEE,2026-03-04,0,0,88.9,SETTLED
T0003519,A00130,I0072,SELL,2026-04-27,58.225,1139.72,66360.2,SETTLED
T0003520,A00130,I0027,BUY,2025-04-13,14.085,1147.68,16165.07,SETTLED
T0003521,A00130,I0008,BUY,2025-08-10,57.149,120.17,6867.6,SETTLED
T0003522,A00130,I0007,SELL,2026-06-26,66.351,364.1,24158.4,SETTLED
T0003523,A00130,I0046,BUY,2025-12-19,62.299,123.15,7672.12,SETTLED
T0003524,A00130,I0043,SELL,2025-05-09,32.381,30.28,980.5,SETTLED
T0003525,A00130,I0066,BUY,2025-08-29,42.042,825.69,34713.66,SETTLED
T0003526,A00130,I0013,SELL,2025-12-18,48.057,1988.58,95565.19,SETTLED
T0003527,A00130,I0009,SELL,2026-06-29,25.26,917.28,23170.49,SETTLED
T0003528,A00130,I0065,BUY,2025-02-04,63.313,827.85,52413.67,SETTLED
T0003529,A00130,I0011,SELL,2026-02-28,38.348,2126.79,81558.14,SETTLED
T0003530,A00130,I0063,BUY,2025-09-22,45.144,631.76,28520.17,SETTLED
T0003531,A00130,I0039,SELL,2025-10-14,66.902,83.92,5614.42,SETTLED
T0003532,A00130,I0026,SELL,2025-05-30,55.625,98.4,5473.5,SETTLED
T0003533,A00130,I0073,BUY,2025-07-28,15.564,117.61,1830.48,SETTLED
T0003534,A00130,I0079,SELL,2025-12-24,25.541,84.76,2164.86,SETTLED
T0003535,A00130,I0012,BUY,2025-10-26,50.993,1010.11,51508.54,SETTLED
T0003536,A00130,I0051,BUY,2025-10-13,57.393,107.37,6162.29,SETTLED
T0003537,A00130,I0036,BUY,2025-09-03,74.607,391.4,29201.18,SETTLED
T0003538,A00130,I0019,SELL,2025-06-12,20.118,2080.37,41852.88,SETTLED
T0003539,A00130,I0012,DIVIDEND,2025-05-27,0,0,2730.13,SETTLED
T0003540,A00130,I0064,BUY,2025-12-06,63.263,996.99,63072.58,SETTLED
T0003541,A00131,I0078,SELL,2025-11-15,50.182,89.17,4474.73,SETTLED
T0003542,A00131,I0069,DIVIDEND,2026-08-03,0,0,3197.62,SETTLED
T0003543,A00131,I0023,BUY,2026-05-22,34.634,403.02,13958.19,SETTLED
T0003544,A00131,I0050,SELL,2026-08-18,73.015,69.6,5081.84,SETTLED
T0003545,A00131,I0016,BUY,2026-06-17,13.144,1546.16,20322.73,SETTLED
T0003546,A00131,I0049,SELL,2025-07-04,56.697,20.8,1179.3,SETTLED
T0003547,A00131,I0003,BUY,2026-03-02,43.434,166.24,7220.47,SETTLED
T0003548,A00131,I0027,BUY,2025-03-31,39.588,1631.29,64579.51,SETTLED
T0003549,A00131,I0054,FEE,2026-01-12,0,0,315.37,SETTLED
T0003550,A00131,I0048,BUY,2026-03-15,28.468,132.06,3759.48,SETTLED
T0003551,A00131,I0020,BUY,2025-01-19,72.858,654.5,47685.56,SETTLED
T0003552,A00131,I0064,FEE,2025-02-17,0,0,496.36,PENDING
T0003553,A00131,I0020,BUY,2026-05-09,21.573,876.45,18907.66,SETTLED
T0003554,A00132,I0041,BUY,2026-07-23,9.015,333.46,3006.14,SETTLED
T0003555,A00132,I0010,FEE,2026-03-04,0,0,319.15,SETTLED
T0003556,A00132,I0047,BUY,2025-07-13,49.108,82.5,4051.41,SETTLED
T0003557,A00132,I0038,SELL,2026-05-11,24.567,192.23,4722.51,SETTLED
T0003558,A00132,I0018,FEE,2025-07-29,0,0,369.47,SETTLED
T0003559,A00132,I0009,BUY,2026-05-29,44.945,983.67,44211.05,REVERSED
T0003560,A00132,I0021,SELL,2025-10-17,32.084,258.37,8289.54,SETTLED
T0003561,A00132,I0052,SELL,2025-10-31,27.931,200.3,5594.58,SETTLED
T0003562,A00132,I0005,DIVIDEND,2026-07-18,0,0,3569.34,SETTLED
T0003563,A00132,I0005,BUY,2025-05-26,40.203,652.53,26233.66,SETTLED
T0003564,A00132,I0004,FEE,2026-08-12,0,0,139.04,SETTLED
T0003565,A00132,I0052,BUY,2025-07-24,29.646,153.74,4557.78,SETTLED
T0003566,A00132,I0072,SELL,2026-05-31,25.428,1005.81,25575.74,SETTLED
T0003567,A00132,I0056,SELL,2025-12-06,13.993,109.62,1533.91,SETTLED
T0003568,A00132,I0049,SELL,2025-07-21,57.226,20.64,1181.14,SETTLED
T0003569,A00132,I0046,SELL,2025-03-25,70.535,118.88,8385.2,SETTLED
T0003570,A00132,I0057,BUY,2025-08-03,74.49,209.08,15574.37,SETTLED
T0003571,A00132,I0023,BUY,2025-10-01,8.094,515.79,4174.8,SETTLED
T0003572,A00132,I0034,SELL,2026-04-26,59.344,123.47,7327.2,SETTLED
T0003573,A00132,I0056,BUY,2026-06-07,11.823,134.16,1586.17,REVERSED
T0003574,A00132,I0069,BUY,2025-06-28,62.366,787.22,49095.76,SETTLED
T0003575,A00132,I0030,DIVIDEND,2025-01-30,0,0,159.84,SETTLED
T0003576,A00132,I0046,SELL,2025-11-03,36.917,116.44,4298.62,SETTLED
T0003577,A00132,I0057,BUY,2026-07-01,14.725,189.49,2790.24,SETTLED
T0003578,A00132,I0034,SELL,2025-08-09,58.999,123.58,7291.1,SETTLED
T0003579,A00132,I0014,DIVIDEND,2026-06-29,0,0,2347.82,SETTLED
T0003580,A00132,I0062,BUY,2026-08-18,11.53,1000.26,11533.0,SETTLED
T0003581,A00132,I0073,SELL,2026-08-18,50.511,182.62,9224.32,SETTLED
T0003582,A00132,I0058,DIVIDEND,2025-09-10,0,0,4235.81,SETTLED
T0003583,A00132,I0072,SELL,2025-05-08,18.27,1024.32,18714.33,SETTLED
T0003584,A00132,I0051,BUY,2025-12-11,18.252,140.37,2562.03,SETTLED
T0003585,A00132,I0076,SELL,2026-05-11,11.344,514.68,5838.53,SETTLED
T0003586,A00132,I0050,FEE,2026-04-17,0,0,438.68,SETTLED
T0003587,A00132,I0058,SELL,2026-02-17,16.088,18.65,300.04,SETTLED
T0003588,A00132,I0024,BUY,2025-10-22,55.426,304.84,16896.06,SETTLED
T0003589,A00132,I0048,BUY,2026-03-13,66.11,203.25,13436.86,SETTLED
T0003590,A00133,I0047,BUY,2025-10-12,4.397,77.14,339.18,SETTLED
T0003591,A00133,I0023,FEE,2026-03-04,0,0,308.85,SETTLED
T0003592,A00133,I0080,DIVIDEND,2026-08-30,0,0,1965.43,SETTLED
T0003593,A00133,I0068,SELL,2025-10-13,20.954,999.46,20942.68,SETTLED
T0003594,A00133,I0004,BUY,2026-03-20,22.308,1355.85,30246.3,SETTLED
T0003595,A00133,I0055,BUY,2025-09-19,38.097,47.16,1796.65,SETTLED
T0003596,A00133,I0019,BUY,2025-10-26,7.951,2206.27,17542.05,SETTLED
T0003597,A00133,I0064,SELL,2025-06-30,17.305,1033.26,17880.56,SETTLED
T0003598,A00133,I0040,BUY,2026-03-24,28.724,415.17,11925.34,SETTLED
T0003599,A00133,I0080,BUY,2025-01-17,33.032,74.71,2467.82,SETTLED
T0003600,A00133,I0032,SELL,2025-03-19,46.162,2845.79,131367.36,SETTLED
T0003601,A00133,I0060,FEE,2025-03-22,0,0,376.22,SETTLED
T0003602,A00133,I0008,BUY,2025-09-15,52.331,180.01,9420.1,SETTLED
T0003603,A00133,I0022,FEE,2026-04-16,0,0,183.21,SETTLED
T0003604,A00133,I0063,BUY,2026-03-16,28.183,807.7,22763.41,SETTLED
T0003605,A00133,I0001,SELL,2026-06-22,31.391,1227.31,38526.49,SETTLED
T0003606,A00133,I0040,SELL,2025-02-27,35.765,611.91,21884.96,SETTLED
T0003607,A00133,I0012,SELL,2025-12-12,37.042,594.18,22009.62,SETTLED
T0003608,A00133,I0035,BUY,2025-02-14,19.46,563.09,10957.73,SETTLED
T0003609,A00134,I0030,DIVIDEND,2025-01-19,0,0,2117.7,SETTLED
T0003610,A00134,I0067,BUY,2025-06-23,38.241,845.08,32316.7,SETTLED
T0003611,A00134,I0026,BUY,2026-04-15,24.804,120.92,2999.3,SETTLED
T0003612,A00134,I0017,BUY,2026-06-08,42.554,1565.78,66630.2,SETTLED
T0003613,A00134,I0076,SELL,2026-04-15,29.831,475.45,14183.15,SETTLED
T0003614,A00134,I0042,BUY,2025-04-07,10.455,305.94,3198.6,SETTLED
T0003615,A00134,I0049,BUY,2026-05-11,1.809,28.88,52.24,REVERSED
T0003616,A00134,I0033,BUY,2025-07-02,33.22,260.55,8655.47,SETTLED
T0003617,A00134,I0075,SELL,2025-01-07,15.302,255.45,3908.9,SETTLED
T0003618,A00134,I0077,BUY,2026-04-29,15.799,104.2,1646.26,REVERSED
T0003619,A00134,I0070,BUY,2025-08-06,8.715,604.45,5267.78,SETTLED
T0003620,A00134,I0044,BUY,2025-01-23,21.133,44.46,939.57,SETTLED
T0003621,A00134,I0013,SELL,2025-11-07,45.444,1881.19,85488.8,SETTLED
T0003622,A00134,I0028,BUY,2026-06-03,19.453,384.78,7485.13,SETTLED
T0003623,A00134,I0063,BUY,2026-06-02,50.01,923.71,46194.74,SETTLED
T0003624,A00134,I0014,BUY,2026-03-08,74.264,1571.23,116685.82,SETTLED
T0003625,A00134,I0021,SELL,2026-02-08,5.1,290.51,1481.6,SETTLED
T0003626,A00134,I0017,DIVIDEND,2026-04-03,0,0,4240.1,SETTLED
T0003627,A00134,I0027,FEE,2025-06-02,0,0,234.58,PENDING
T0003628,A00134,I0005,DIVIDEND,2026-01-26,0,0,839.38,SETTLED
T0003629,A00134,I0046,BUY,2025-01-03,27.97,87.59,2449.89,SETTLED
T0003630,A00134,I0029,FEE,2026-02-14,0,0,149.65,SETTLED
T0003631,A00134,I0036,SELL,2025-03-03,25.833,405.37,10471.92,SETTLED
T0003632,A00135,I0066,BUY,2025-06-11,32.014,1331.95,42641.05,SETTLED
T0003633,A00135,I0061,BUY,2025-06-11,20.425,883.67,18048.96,SETTLED
T0003634,A00135,I0027,DIVIDEND,2025-12-30,0,0,2441.41,SETTLED
T0003635,A00135,I0030,SELL,2026-03-10,11.411,1464.66,16713.24,SETTLED
T0003636,A00135,I0044,BUY,2025-08-14,7.827,38.55,301.73,SETTLED
T0003637,A00135,I0066,BUY,2026-04-04,47.046,804.21,37834.86,SETTLED
T0003638,A00135,I0023,SELL,2026-05-16,54.26,762.48,41372.16,SETTLED
T0003639,A00135,I0059,BUY,2026-03-07,37.852,158.29,5991.59,SETTLED
T0003640,A00135,I0031,SELL,2026-03-27,5.53,1371.4,7583.84,SETTLED
T0003641,A00135,I0076,BUY,2025-08-06,47.93,307.91,14758.13,SETTLED
T0003642,A00135,I0005,FEE,2025-03-18,0,0,477.99,SETTLED
T0003643,A00135,I0064,SELL,2025-11-26,70.56,791.91,55877.17,SETTLED
T0003644,A00135,I0050,SELL,2025-07-04,19.813,101.44,2009.83,PENDING
T0003645,A00135,I0040,BUY,2025-04-05,68.838,465.02,32011.05,SETTLED
T0003646,A00135,I0050,SELL,2026-02-08,22.339,72.0,1608.41,SETTLED
T0003647,A00135,I0049,BUY,2025-07-18,73.101,27.13,1983.23,SETTLED
T0003648,A00135,I0040,BUY,2025-04-19,57.166,509.63,29133.51,PENDING
T0003649,A00135,I0078,FEE,2025-10-04,0,0,177.24,SETTLED
T0003650,A00135,I0039,SELL,2025-04-19,62.374,62.29,3885.28,SETTLED
T0003651,A00135,I0061,FEE,2025-05-31,0,0,200.62,SETTLED
T0003652,A00136,I0048,BUY,2025-04-10,13.8,194.72,2687.14,SETTLED
T0003653,A00136,I0056,DIVIDEND,2026-04-08,0,0,3810.76,SETTLED
T0003654,A00136,I0015,SELL,2025-08-12,4.244,2881.78,12230.27,SETTLED
T0003655,A00136,I0011,SELL,2026-05-21,16.012,2552.02,40862.94,SETTLED
T0003656,A00136,I0074,BUY,2025-09-02,9.602,101.36,973.26,SETTLED
T0003657,A00136,I0050,BUY,2025-05-16,15.311,85.57,1310.16,SETTLED
T0003658,A00136,I0051,BUY,2026-01-07,42.608,128.3,5466.61,SETTLED
T0003659,A00136,I0055,SELL,2026-08-22,10.196,69.28,706.38,SETTLED
T0003660,A00136,I0048,BUY,2026-03-24,69.386,207.42,14392.04,SETTLED
T0003661,A00136,I0007,BUY,2025-04-11,65.864,546.47,35992.7,SETTLED
T0003662,A00136,I0070,BUY,2025-10-24,7.828,809.43,6336.22,SETTLED
T0003663,A00136,I0028,BUY,2026-08-11,1.551,413.21,640.89,SETTLED
T0003664,A00136,I0030,SELL,2026-08-26,6.891,2226.06,15339.78,SETTLED
T0003665,A00136,I0018,SELL,2026-03-10,35.048,1600.52,56095.02,SETTLED
T0003666,A00136,I0054,BUY,2026-09-13,44.674,99.78,4457.57,SETTLED
T0003667,A00136,I0054,BUY,2025-07-04,10.705,105.45,1128.84,SETTLED
T0003668,A00136,I0056,BUY,2025-11-06,8.01,112.0,897.12,SETTLED
T0003669,A00136,I0075,SELL,2026-08-20,45.121,229.11,10337.67,SETTLED
T0003670,A00136,I0079,BUY,2025-10-12,5.768,92.57,533.94,SETTLED
T0003671,A00136,I0064,DIVIDEND,2026-02-11,0,0,4422.5,SETTLED
T0003672,A00136,I0053,BUY,2025-10-09,65.347,9.33,609.69,PENDING
T0003673,A00136,I0070,SELL,2025-07-16,43.802,1032.55,45227.76,SETTLED
T0003674,A00136,I0061,BUY,2025-05-17,12.07,826.27,9973.08,SETTLED
T0003675,A00136,I0028,BUY,2025-12-08,19.889,565.54,11248.03,REVERSED
T0003676,A00136,I0023,BUY,2025-09-15,3.327,590.82,1965.66,SETTLED
T0003677,A00136,I0051,BUY,2025-07-02,39.455,116.38,4591.77,SETTLED
T0003678,A00136,I0072,SELL,2025-05-21,66.459,728.45,48412.06,SETTLED
T0003679,A00136,I0032,BUY,2025-11-17,37.112,2081.43,77246.03,SETTLED
T0003680,A00136,I0066,BUY,2026-08-17,39.077,1220.68,47700.51,SETTLED
T0003681,A00136,I0057,SELL,2025-04-21,35.708,135.78,4848.43,SETTLED
T0003682,A00136,I0032,BUY,2026-08-30,28.9,1697.48,49057.17,SETTLED
T0003683,A00136,I0046,SELL,2026-02-12,66.84,83.26,5565.1,SETTLED
T0003684,A00136,I0031,SELL,2025-12-23,28.133,1832.52,51554.29,SETTLED
T0003685,A00136,I0078,SELL,2026-05-30,43.346,98.06,4250.51,REVERSED
T0003686,A00136,I0066,SELL,2026-03-25,18.055,986.6,17813.06,SETTLED
T0003687,A00136,I0027,BUY,2025-03-09,55.823,1065.08,59455.96,PENDING
T0003688,A00136,I0039,SELL,2025-02-07,51.584,86.14,4443.45,SETTLED
T0003689,A00136,I0060,BUY,2026-04-24,39.882,97.31,3880.92,SETTLED
T0003690,A00136,I0044,BUY,2025-08-24,22.439,48.13,1079.99,SETTLED
T0003691,A00136,I0006,DIVIDEND,2026-05-30,0,0,1959.25,SETTLED
T0003692,A00136,I0042,DIVIDEND,2025-10-30,0,0,254.45,SETTLED
T0003693,A00136,I0023,BUY,2025-02-04,51.629,639.27,33004.87,SETTLED
T0003694,A00137,I0045,BUY,2026-02-11,53.16,78.2,4157.11,SETTLED
T0003695,A00137,I0074,BUY,2025-01-09,47.527,77.99,3706.63,SETTLED
T0003696,A00137,I0046,FEE,2025-07-31,0,0,215.63,SETTLED
T0003697,A00137,I0030,BUY,2026-02-11,54.65,1636.59,89439.64,SETTLED
T0003698,A00137,I0031,BUY,2025-09-29,48.266,1829.04,88280.44,SETTLED
T0003699,A00137,I0039,BUY,2026-04-30,64.236,62.12,3990.34,SETTLED
T0003700,A00137,I0041,SELL,2026-01-24,53.213,525.48,27962.37,PENDING
T0003701,A00137,I0050,SELL,2026-07-10,47.053,73.31,3449.46,SETTLED
T0003702,A00137,I0033,BUY,2026-05-04,62.143,313.89,19506.07,REVERSED
T0003703,A00137,I0034,FEE,2025-04-26,0,0,345.7,SETTLED
T0003704,A00137,I0049,BUY,2026-01-11,74.978,28.4,2129.38,SETTLED
T0003705,A00137,I0053,SELL,2026-05-12,72.005,14.11,1015.99,SETTLED
T0003706,A00137,I0010,SELL,2025-01-07,1.225,1517.79,1859.29,SETTLED
T0003707,A00137,I0071,BUY,2026-06-18,62.568,740.53,46333.48,SETTLED
T0003708,A00137,I0005,BUY,2025-05-24,10.106,656.8,6637.62,SETTLED
T0003709,A00137,I0003,BUY,2026-04-04,69.024,110.03,7594.71,SETTLED
T0003710,A00137,I0058,DIVIDEND,2025-04-23,0,0,3707.03,PENDING
T0003711,A00137,I0041,SELL,2025-07-12,52.348,494.59,25890.8,SETTLED
T0003712,A00137,I0002,BUY,2025-07-10,11.211,1874.96,21020.18,SETTLED
T0003713,A00137,I0047,SELL,2025-11-09,56.694,58.74,3330.21,SETTLED
T0003714,A00138,I0009,BUY,2025-05-03,12.718,727.71,9255.02,SETTLED
T0003715,A00138,I0009,BUY,2025-11-09,28.111,956.78,26896.04,SETTLED
T0003716,A00138,I0006,SELL,2025-09-18,25.783,1082.06,27898.75,SETTLED
T0003717,A00138,I0028,BUY,2025-10-24,25.059,418.25,10480.93,SETTLED
T0003718,A00138,I0009,SELL,2026-01-05,68.678,1080.86,74231.3,SETTLED
T0003719,A00138,I0065,BUY,2025-04-10,54.283,1260.99,68450.32,SETTLED
T0003720,A00138,I0006,SELL,2026-08-14,71.778,1185.46,85089.95,SETTLED
T0003721,A00138,I0016,SELL,2025-12-25,4.465,1384.97,6183.89,SETTLED
T0003722,A00138,I0063,BUY,2025-01-27,28.355,886.52,25137.27,SETTLED
T0003723,A00138,I0078,SELL,2025-08-11,34.796,80.9,2815.0,SETTLED
T0003724,A00138,I0061,BUY,2025-02-08,55.392,1188.36,65825.64,SETTLED
T0003725,A00138,I0016,SELL,2025-08-26,8.937,1435.9,12832.64,SETTLED
T0003726,A00138,I0015,BUY,2025-06-11,73.935,2384.64,176308.36,SETTLED
T0003727,A00138,I0045,SELL,2025-10-16,24.223,60.36,1462.1,SETTLED
T0003728,A00138,I0063,SELL,2026-02-27,56.81,961.37,54615.43,SETTLED
T0003729,A00138,I0034,SELL,2025-01-15,6.569,161.14,1058.53,SETTLED
T0003730,A00138,I0055,BUY,2026-01-28,5.839,66.93,390.8,SETTLED
T0003731,A00138,I0049,DIVIDEND,2026-03-11,0,0,2939.67,SETTLED
T0003732,A00138,I0039,BUY,2026-07-29,6.1,62.06,378.57,SETTLED
T0003733,A00138,I0053,SELL,2025-07-02,64.797,9.75,631.77,PENDING
T0003734,A00138,I0006,BUY,2025-10-03,10.32,1591.45,16423.76,SETTLED
T0003735,A00138,I0037,BUY,2025-01-07,50.388,204.2,10289.23,SETTLED
T0003736,A00138,I0034,BUY,2026-09-01,37.628,157.63,5931.3,SETTLED
T0003737,A00138,I0072,SELL,2025-07-15,41.023,1089.95,44713.02,SETTLED
T0003738,A00138,I0035,FEE,2026-05-14,0,0,185.54,SETTLED
T0003739,A00138,I0006,BUY,2026-09-17,37.034,1179.38,43677.16,SETTLED
T0003740,A00138,I0070,BUY,2026-09-09,61.429,882.26,54196.35,SETTLED
T0003741,A00138,I0026,SELL,2025-10-31,2.73,85.86,234.4,SETTLED
T0003742,A00138,I0056,SELL,2026-08-18,50.834,131.5,6684.67,SETTLED
T0003743,A00138,I0022,SELL,2025-06-27,73.506,240.9,17707.6,SETTLED
T0003744,A00138,I0058,BUY,2025-06-07,23.695,18.82,445.94,REVERSED
T0003745,A00138,I0040,BUY,2025-01-12,17.997,522.36,9400.91,SETTLED
T0003746,A00138,I0036,DIVIDEND,2026-02-15,0,0,1956.73,SETTLED
T0003747,A00138,I0031,BUY,2025-05-25,4.324,1472.3,6366.23,SETTLED
T0003748,A00138,I0059,BUY,2025-01-18,5.214,197.03,1027.31,SETTLED
T0003749,A00138,I0072,BUY,2026-03-27,11.15,648.58,7231.67,SETTLED
T0003750,A00138,I0080,FEE,2026-03-02,0,0,132.49,SETTLED
T0003751,A00139,I0068,DIVIDEND,2025-03-30,0,0,678.05,SETTLED
T0003752,A00139,I0070,SELL,2026-07-08,40.333,993.52,40071.64,SETTLED
T0003753,A00139,I0022,FEE,2025-08-17,0,0,208.59,SETTLED
T0003754,A00139,I0028,BUY,2026-07-16,52.443,633.42,33218.45,PENDING
T0003755,A00139,I0016,BUY,2025-05-21,19.207,1380.95,26523.91,SETTLED
T0003756,A00139,I0079,DIVIDEND,2026-01-13,0,0,4347.18,SETTLED
T0003757,A00139,I0055,SELL,2026-04-16,71.423,45.84,3274.03,SETTLED
T0003758,A00139,I0035,SELL,2026-07-21,71.918,672.56,48369.17,SETTLED
T0003759,A00139,I0015,BUY,2026-07-17,68.271,2259.89,154284.95,SETTLED
T0003760,A00139,I0048,DIVIDEND,2025-04-06,0,0,2848.13,SETTLED
T0003761,A00139,I0032,SELL,2025-03-18,39.898,2761.16,110164.76,SETTLED
T0003762,A00139,I0059,SELL,2025-08-29,68.649,182.64,12538.05,SETTLED
T0003763,A00139,I0040,BUY,2025-08-25,74.66,602.58,44988.62,SETTLED
T0003764,A00139,I0053,BUY,2025-08-15,39.416,15.19,598.73,SETTLED
T0003765,A00139,I0005,DIVIDEND,2025-06-28,0,0,3137.2,PENDING
T0003766,A00139,I0053,BUY,2026-08-13,22.132,11.16,246.99,SETTLED
T0003767,A00139,I0054,SELL,2025-09-22,64.391,85.69,5517.66,SETTLED
T0003768,A00139,I0080,BUY,2025-12-06,12.004,108.22,1299.07,SETTLED
T0003769,A00139,I0023,BUY,2026-02-16,1.529,608.26,930.03,SETTLED
T0003770,A00139,I0005,BUY,2025-01-10,72.693,594.89,43244.34,SETTLED
T0003771,A00139,I0019,BUY,2026-03-04,55.803,1446.61,80725.18,SETTLED
T0003772,A00139,I0045,SELL,2026-01-10,8.444,59.01,498.28,SETTLED
T0003773,A00139,I0069,DIVIDEND,2025-01-11,0,0,4265.97,SETTLED
T0003774,A00139,I0045,BUY,2025-04-09,61.025,74.52,4547.58,SETTLED
T0003775,A00139,I0041,BUY,2026-02-02,24.975,407.23,10170.57,SETTLED
T0003776,A00139,I0021,SELL,2025-06-11,37.198,333.12,12391.4,SETTLED
T0003777,A00139,I0013,BUY,2026-04-19,53.609,2525.4,135384.17,SETTLED
T0003778,A00139,I0055,FEE,2025-11-10,0,0,151.48,SETTLED
T0003779,A00139,I0017,FEE,2025-02-09,0,0,345.85,SETTLED
T0003780,A00139,I0070,BUY,2025-11-08,61.469,814.81,50085.56,SETTLED
T0003781,A00139,I0029,SELL,2025-04-01,1.003,155.3,155.77,SETTLED
T0003782,A00140,I0023,BUY,2026-03-20,25.914,653.66,16938.95,SETTLED
T0003783,A00140,I0005,BUY,2025-06-15,41.252,575.6,23744.65,SETTLED
T0003784,A00140,I0038,DIVIDEND,2025-11-08,0,0,1885.36,SETTLED
T0003785,A00140,I0052,SELL,2026-02-18,42.079,195.52,8227.29,SETTLED
T0003786,A00140,I0043,SELL,2026-07-05,32.303,34.41,1111.55,SETTLED
T0003787,A00140,I0022,SELL,2026-05-11,39.99,313.84,12550.46,SETTLED
T0003788,A00140,I0054,BUY,2026-09-04,28.868,102.7,2964.74,SETTLED
T0003789,A00140,I0028,DIVIDEND,2026-01-12,0,0,2140.1,SETTLED
T0003790,A00140,I0036,BUY,2025-08-19,41.155,410.89,16910.18,SETTLED
T0003791,A00140,I0065,SELL,2025-01-11,18.488,984.8,18206.98,SETTLED
T0003792,A00140,I0022,BUY,2026-07-11,22.65,247.78,5612.22,SETTLED
T0003793,A00140,I0080,FEE,2026-05-13,0,0,313.62,SETTLED
T0003794,A00140,I0052,BUY,2025-03-09,43.996,178.79,7866.04,SETTLED
T0003795,A00140,I0080,FEE,2025-10-14,0,0,425.94,SETTLED
T0003796,A00140,I0009,BUY,2025-01-30,4.298,596.32,2562.98,SETTLED
T0003797,A00140,I0009,BUY,2026-08-19,11.471,789.79,9059.68,SETTLED
T0003798,A00140,I0046,SELL,2026-05-31,11.775,97.48,1147.83,SETTLED
T0003799,A00140,I0008,BUY,2025-11-06,70.125,184.54,12940.87,SETTLED
T0003800,A00140,I0009,BUY,2026-01-12,20.843,948.49,19769.38,SETTLED
T0003801,A00140,I0041,BUY,2025-01-02,38.997,514.97,20082.29,SETTLED
T0003802,A00140,I0079,BUY,2026-01-07,70.267,91.0,6394.3,SETTLED
T0003803,A00140,I0032,BUY,2026-09-06,6.51,1716.27,11172.92,SETTLED
T0003804,A00140,I0048,FEE,2026-06-21,0,0,407.08,SETTLED
T0003805,A00140,I0051,BUY,2025-12-06,57.487,124.03,7130.11,SETTLED
T0003806,A00140,I0075,SELL,2026-07-02,16.829,223.02,3753.2,SETTLED
T0003807,A00140,I0014,SELL,2025-02-04,13.079,1661.68,21733.11,SETTLED
T0003808,A00140,I0021,FEE,2026-06-18,0,0,411.22,SETTLED
T0003809,A00140,I0077,FEE,2025-04-27,0,0,46.24,SETTLED
T0003810,A00140,I0054,SELL,2025-02-13,74.064,77.05,5706.63,SETTLED
T0003811,A00140,I0074,SELL,2026-02-13,42.366,106.86,4527.23,SETTLED
T0003812,A00140,I0056,BUY,2025-06-01,74.624,114.79,8566.09,SETTLED
T0003813,A00140,I0064,SELL,2025-10-27,74.216,1090.27,80915.48,SETTLED
T0003814,A00141,I0007,SELL,2025-11-23,7.612,549.51,4182.87,SETTLED
T0003815,A00141,I0013,FEE,2026-03-22,0,0,219.71,SETTLED
T0003816,A00141,I0032,BUY,2026-05-16,12.742,1797.51,22903.87,SETTLED
T0003817,A00141,I0036,SELL,2026-09-09,51.787,544.91,28219.25,SETTLED
T0003818,A00141,I0028,BUY,2025-07-22,69.223,432.04,29907.1,SETTLED
T0003819,A00141,I0022,SELL,2026-03-13,74.641,282.02,21050.25,SETTLED
T0003820,A00141,I0014,SELL,2025-08-23,33.473,1929.53,64587.16,SETTLED
T0003821,A00141,I0065,BUY,2025-09-19,31.689,981.62,31106.56,SETTLED
T0003822,A00141,I0005,SELL,2026-08-14,36.219,356.57,12914.61,SETTLED
T0003823,A00141,I0054,BUY,2025-06-14,14.188,96.83,1373.82,SETTLED
T0003824,A00141,I0057,DIVIDEND,2026-06-10,0,0,4371.15,SETTLED
T0003825,A00141,I0015,BUY,2026-02-03,36.622,2618.07,95878.96,SETTLED
T0003826,A00141,I0065,SELL,2026-04-04,27.692,698.8,19351.17,SETTLED
T0003827,A00141,I0002,BUY,2026-09-16,13.85,2812.09,38947.45,SETTLED
T0003828,A00141,I0010,BUY,2025-10-10,6.762,1367.02,9243.79,SETTLED
T0003829,A00141,I0048,BUY,2025-03-10,66.664,195.29,13018.81,SETTLED
T0003830,A00141,I0033,BUY,2026-03-03,59.525,343.94,20473.03,SETTLED
T0003831,A00141,I0077,BUY,2025-09-28,22.383,119.48,2674.32,SETTLED
T0003832,A00141,I0018,FEE,2025-02-28,0,0,93.08,SETTLED
T0003833,A00141,I0051,BUY,2025-09-19,1.551,117.56,182.34,SETTLED
T0003834,A00141,I0002,BUY,2025-03-28,8.238,2178.6,17947.31,SETTLED
T0003835,A00141,I0044,SELL,2025-05-13,74.291,37.14,2759.17,SETTLED
T0003836,A00141,I0048,SELL,2025-05-28,73.456,184.8,13574.67,SETTLED
T0003837,A00142,I0060,BUY,2025-04-29,51.729,115.5,5974.7,SETTLED
T0003838,A00142,I0036,BUY,2025-03-11,17.318,523.01,9057.49,SETTLED
T0003839,A00142,I0061,DIVIDEND,2026-07-12,0,0,2486.65,SETTLED
T0003840,A00142,I0004,BUY,2025-10-30,2.936,1205.28,3538.7,SETTLED
T0003841,A00142,I0038,FEE,2026-02-21,0,0,249.09,SETTLED
T0003842,A00142,I0012,SELL,2025-03-04,26.094,944.73,24651.78,SETTLED
T0003843,A00142,I0059,SELL,2025-06-08,25.555,180.62,4615.74,SETTLED
T0003844,A00142,I0034,BUY,2026-04-05,12.807,116.76,1495.35,SETTLED
T0003845,A00142,I0055,SELL,2025-04-06,40.019,73.68,2948.6,SETTLED
T0003846,A00142,I0013,BUY,2026-08-24,58.584,2316.94,135735.61,SETTLED
T0003847,A00142,I0018,SELL,2025-12-05,58.222,1096.75,63854.98,SETTLED
T0003848,A00142,I0038,BUY,2025-12-07,62.299,154.88,9648.87,SETTLED
T0003849,A00142,I0068,BUY,2025-06-29,5.775,1349.65,7794.23,SETTLED
T0003850,A00142,I0045,SELL,2025-05-28,65.616,78.3,5137.73,SETTLED
T0003851,A00142,I0077,BUY,2025-08-31,59.692,94.27,5627.16,SETTLED
T0003852,A00142,I0032,SELL,2026-06-06,11.141,2056.2,22908.12,SETTLED
T0003853,A00142,I0036,SELL,2025-09-11,12.368,399.4,4939.78,SETTLED
T0003854,A00142,I0005,BUY,2025-08-18,7.45,452.81,3373.43,SETTLED
T0003855,A00142,I0020,BUY,2025-08-30,44.32,599.63,26575.6,SETTLED
T0003856,A00142,I0015,BUY,2025-10-23,68.387,2276.86,155707.62,SETTLED
T0003857,A00142,I0054,BUY,2025-03-23,72.405,107.78,7803.81,SETTLED
T0003858,A00142,I0048,BUY,2025-05-24,30.799,203.65,6272.22,SETTLED
T0003859,A00142,I0079,SELL,2026-03-20,45.272,111.66,5055.07,SETTLED
T0003860,A00142,I0022,DIVIDEND,2025-07-23,0,0,1400.59,SETTLED
T0003861,A00142,I0029,DIVIDEND,2026-02-02,0,0,441.87,SETTLED
T0003862,A00142,I0063,BUY,2025-12-02,45.863,638.47,29282.15,SETTLED
T0003863,A00142,I0024,BUY,2025-04-14,52.704,174.13,9177.35,SETTLED
T0003864,A00142,I0009,DIVIDEND,2026-03-09,0,0,2101.5,SETTLED
T0003865,A00142,I0069,SELL,2026-09-04,17.789,963.54,17140.41,SETTLED
T0003866,A00142,I0027,DIVIDEND,2026-06-24,0,0,3166.31,SETTLED
T0003867,A00143,I0011,BUY,2025-01-28,54.0,1723.56,93072.24,SETTLED
T0003868,A00143,I0014,DIVIDEND,2025-06-17,0,0,1394.42,SETTLED
T0003869,A00143,I0024,SELL,2026-07-09,48.11,201.31,9685.02,SETTLED
T0003870,A00143,I0049,BUY,2025-12-04,67.223,24.45,1643.6,SETTLED
T0003871,A00143,I0048,BUY,2025-03-27,22.614,198.61,4491.37,SETTLED
T0003872,A00143,I0056,BUY,2026-09-10,15.131,79.52,1203.22,SETTLED
T0003873,A00143,I0035,BUY,2025-07-30,46.645,601.79,28070.49,SETTLED
T0003874,A00143,I0015,BUY,2026-05-23,55.544,2440.11,135533.47,SETTLED
T0003875,A00143,I0023,FEE,2025-01-27,0,0,350.81,PENDING
T0003876,A00143,I0016,SELL,2026-02-04,67.847,1743.06,118261.39,SETTLED
T0003877,A00143,I0027,BUY,2026-03-22,20.374,1071.19,21824.43,SETTLED
T0003878,A00143,I0061,FEE,2026-08-21,0,0,479.93,SETTLED
T0003879,A00143,I0069,BUY,2026-01-05,21.581,975.1,21043.63,SETTLED
T0003880,A00143,I0010,SELL,2025-07-21,55.875,2033.17,113603.37,SETTLED
T0003881,A00143,I0035,SELL,2025-11-14,12.827,436.77,5602.45,SETTLED
T0003882,A00143,I0046,BUY,2026-06-27,17.678,92.73,1639.28,SETTLED
T0003883,A00143,I0028,BUY,2026-02-11,50.706,372.59,18892.55,SETTLED
T0003884,A00143,I0065,SELL,2026-04-25,3.504,1266.27,4437.01,REVERSED
T0003885,A00143,I0075,BUY,2025-09-29,64.914,222.9,14469.33,SETTLED
T0003886,A00143,I0055,SELL,2025-05-27,28.218,65.09,1836.71,PENDING
T0003887,A00143,I0009,DIVIDEND,2025-10-08,0,0,3345.99,SETTLED
T0003888,A00143,I0037,BUY,2025-02-14,67.836,196.49,13329.1,SETTLED
T0003889,A00143,I0055,DIVIDEND,2026-08-29,0,0,3499.83,SETTLED
T0003890,A00143,I0066,BUY,2025-12-29,74.543,1216.51,90682.3,SETTLED
T0003891,A00143,I0015,BUY,2025-05-25,7.919,1750.58,13862.84,SETTLED
T0003892,A00143,I0067,BUY,2026-06-19,42.704,576.79,24631.24,SETTLED
T0003893,A00143,I0023,BUY,2026-02-19,69.525,756.44,52591.49,SETTLED
T0003894,A00144,I0061,BUY,2026-02-14,50.137,1282.35,64293.18,SETTLED
T0003895,A00144,I0005,BUY,2025-02-22,4.743,388.56,1842.94,SETTLED
T0003896,A00144,I0039,BUY,2025-08-19,65.153,76.92,5011.57,SETTLED
T0003897,A00144,I0026,SELL,2026-08-18,49.877,103.52,5163.27,SETTLED
T0003898,A00144,I0057,BUY,2025-10-17,36.266,169.34,6141.28,PENDING
T0003899,A00144,I0035,BUY,2025-05-29,38.398,427.97,16433.19,SETTLED
T0003900,A00144,I0072,BUY,2025-08-09,37.628,743.66,27982.44,SETTLED
T0003901,A00144,I0017,BUY,2026-01-28,22.191,1608.55,35695.33,SETTLED
T0003902,A00144,I0007,BUY,2025-11-23,52.466,610.28,32018.95,SETTLED
T0003903,A00144,I0072,FEE,2026-05-06,0,0,126.53,SETTLED
T0003904,A00144,I0074,SELL,2026-08-07,14.056,103.91,1460.56,SETTLED
T0003905,A00144,I0065,DIVIDEND,2026-06-11,0,0,3997.53,SETTLED
T0003906,A00144,I0008,DIVIDEND,2026-05-07,0,0,3709.34,SETTLED
T0003907,A00144,I0034,BUY,2026-06-21,60.995,98.25,5992.76,SETTLED
T0003908,A00144,I0029,SELL,2025-06-22,55.97,162.59,9100.16,SETTLED
T0003909,A00144,I0064,SELL,2025-11-23,47.525,641.87,30504.87,SETTLED
T0003910,A00144,I0030,SELL,2025-10-28,19.285,1301.1,25091.71,SETTLED
T0003911,A00144,I0049,SELL,2025-05-08,54.987,27.57,1515.99,SETTLED
T0003912,A00144,I0069,BUY,2026-03-12,36.089,821.07,29631.6,SETTLED
T0003913,A00144,I0032,SELL,2025-06-02,9.958,2733.56,27220.79,SETTLED
T0003914,A00144,I0074,SELL,2026-07-28,9.131,140.69,1284.64,SETTLED
T0003915,A00144,I0058,SELL,2026-08-06,59.547,21.31,1268.95,SETTLED
T0003916,A00144,I0064,BUY,2025-07-24,54.475,1030.94,56160.46,SETTLED
T0003917,A00144,I0038,SELL,2026-07-11,51.077,215.75,11019.86,SETTLED
T0003918,A00144,I0078,BUY,2025-08-21,50.418,88.87,4480.65,SETTLED
T0003919,A00144,I0069,BUY,2025-09-20,4.889,915.48,4475.78,SETTLED
T0003920,A00144,I0019,BUY,2025-09-29,26.054,1858.3,48416.15,SETTLED
T0003921,A00144,I0066,BUY,2025-12-27,12.786,715.48,9148.13,SETTLED
T0003922,A00144,I0033,BUY,2025-08-02,34.046,267.53,9108.33,SETTLED
T0003923,A00144,I0035,FEE,2026-04-24,0,0,284.03,SETTLED
T0003924,A00144,I0045,SELL,2026-06-15,71.239,62.87,4478.8,SETTLED
T0003925,A00144,I0014,SELL,2026-03-01,39.53,2549.63,100786.87,SETTLED
T0003926,A00145,I0032,FEE,2026-02-19,0,0,32.02,SETTLED
T0003927,A00145,I0009,BUY,2025-03-04,22.211,699.24,15530.82,SETTLED
T0003928,A00145,I0043,DIVIDEND,2026-01-09,0,0,1776.18,SETTLED
T0003929,A00145,I0056,BUY,2025-02-17,61.398,113.96,6996.92,SETTLED
T0003930,A00145,I0008,BUY,2025-07-16,58.769,155.34,9129.18,SETTLED
T0003931,A00145,I0063,SELL,2025-06-14,48.731,1061.28,51717.24,SETTLED
T0003932,A00145,I0044,BUY,2025-03-13,58.597,58.43,3423.82,SETTLED
T0003933,A00145,I0014,FEE,2026-06-21,0,0,434.86,SETTLED
T0003934,A00145,I0012,BUY,2025-01-04,34.836,626.25,21816.04,SETTLED
T0003935,A00145,I0075,BUY,2026-03-03,7.575,179.45,1359.33,SETTLED
T0003936,A00145,I0074,BUY,2025-11-03,55.677,122.41,6815.42,SETTLED
T0003937,A00145,I0070,BUY,2025-09-09,26.741,878.31,23486.89,SETTLED
T0003938,A00145,I0072,BUY,2025-04-22,53.729,957.08,51422.95,SETTLED
T0003939,A00145,I0036,BUY,2025-12-05,68.312,374.73,25598.56,SETTLED
T0003940,A00145,I0030,BUY,2026-05-22,65.741,2048.32,134658.61,SETTLED
T0003941,A00145,I0039,DIVIDEND,2026-06-16,0,0,3861.52,SETTLED
T0003942,A00145,I0061,BUY,2025-08-25,3.129,1249.84,3910.75,SETTLED
T0003943,A00145,I0015,BUY,2025-06-10,62.72,2868.21,179894.13,SETTLED
T0003944,A00145,I0046,FEE,2026-05-17,0,0,298.59,SETTLED
T0003945,A00145,I0080,BUY,2026-04-01,25.662,82.74,2123.27,SETTLED
T0003946,A00145,I0054,SELL,2025-08-26,19.697,101.86,2006.34,SETTLED
T0003947,A00145,I0076,SELL,2025-08-10,43.704,328.48,14355.89,SETTLED
T0003948,A00145,I0053,SELL,2025-06-09,51.294,16.88,865.84,SETTLED
T0003949,A00145,I0023,SELL,2025-07-29,66.368,569.74,37812.5,SETTLED
T0003950,A00145,I0077,BUY,2025-03-20,72.543,120.89,8769.72,SETTLED
T0003951,A00145,I0026,SELL,2025-01-24,33.377,94.3,3147.45,SETTLED
T0003952,A00145,I0015,BUY,2026-04-04,7.021,2960.86,20788.2,SETTLED
T0003953,A00145,I0052,SELL,2026-03-24,52.155,151.22,7886.88,SETTLED
T0003954,A00145,I0077,DIVIDEND,2025-06-21,0,0,2037.92,SETTLED
T0003955,A00145,I0073,BUY,2025-01-16,68.918,108.74,7494.14,SETTLED
T0003956,A00145,I0038,DIVIDEND,2026-06-06,0,0,2869.24,SETTLED
T0003957,A00145,I0030,BUY,2026-09-10,3.947,1558.2,6150.22,SETTLED
T0003958,A00145,I0040,DIVIDEND,2025-11-15,0,0,1496.53,REVERSED
T0003959,A00145,I0062,DIVIDEND,2026-02-14,0,0,1128.91,SETTLED
T0003960,A00145,I0064,BUY,2026-01-14,66.59,1208.83,80495.99,PENDING
T0003961,A00145,I0069,BUY,2026-01-19,70.618,1054.3,74452.56,SETTLED
T0003962,A00145,I0039,SELL,2025-05-12,72.691,52.83,3840.27,SETTLED
T0003963,A00145,I0042,BUY,2026-02-06,30.394,268.02,8146.2,SETTLED
T0003964,A00145,I0009,DIVIDEND,2025-10-03,0,0,745.47,SETTLED
T0003965,A00145,I0062,BUY,2025-08-06,47.198,725.42,34238.37,SETTLED
T0003966,A00145,I0032,BUY,2025-10-31,29.284,1803.67,52818.67,SETTLED
T0003967,A00146,I0038,BUY,2026-06-01,42.443,196.06,8321.37,SETTLED
T0003968,A00146,I0080,SELL,2026-09-11,24.692,115.56,2853.41,SETTLED
T0003969,A00146,I0019,BUY,2026-08-11,3.425,1477.82,5061.53,SETTLED
T0003970,A00146,I0049,BUY,2025-12-09,33.301,27.88,928.43,SETTLED
T0003971,A00146,I0004,DIVIDEND,2025-02-21,0,0,765.72,PENDING
T0003972,A00146,I0049,BUY,2025-04-10,6.912,16.84,116.4,SETTLED
T0003973,A00146,I0024,BUY,2026-06-24,18.952,290.28,5501.39,SETTLED
T0003974,A00146,I0069,BUY,2026-02-08,26.719,991.85,26501.24,SETTLED
T0003975,A00146,I0013,BUY,2025-11-03,28.359,2244.08,63639.86,SETTLED
T0003976,A00146,I0064,BUY,2026-01-23,13.579,1054.66,14321.23,SETTLED
T0003977,A00146,I0008,SELL,2025-08-26,39.165,146.87,5752.16,SETTLED
T0003978,A00146,I0005,DIVIDEND,2025-07-20,0,0,3334.07,SETTLED
T0003979,A00146,I0075,DIVIDEND,2025-02-01,0,0,3478.59,SETTLED
T0003980,A00146,I0026,BUY,2025-09-14,25.817,120.06,3099.59,SETTLED
T0003981,A00147,I0080,BUY,2026-02-10,5.409,66.16,357.86,SETTLED
T0003982,A00147,I0075,SELL,2025-07-10,54.759,255.18,13973.4,SETTLED
T0003983,A00147,I0044,DIVIDEND,2025-07-22,0,0,1022.42,SETTLED
T0003984,A00147,I0030,FEE,2026-01-29,0,0,160.51,SETTLED
T0003985,A00147,I0026,BUY,2026-08-03,63.026,81.87,5159.94,SETTLED
T0003986,A00147,I0038,DIVIDEND,2026-09-08,0,0,1285.41,SETTLED
T0003987,A00147,I0080,FEE,2025-01-08,0,0,14.02,SETTLED
T0003988,A00147,I0035,SELL,2025-04-10,28.747,542.66,15599.85,SETTLED
T0003989,A00147,I0036,SELL,2025-12-23,1.093,408.45,446.44,SETTLED
T0003990,A00147,I0069,BUY,2025-01-16,52.117,1163.21,60623.02,SETTLED
T0003991,A00147,I0046,BUY,2025-12-09,9.406,127.85,1202.56,SETTLED
T0003992,A00147,I0028,DIVIDEND,2026-09-06,0,0,2330.41,SETTLED
T0003993,A00147,I0075,SELL,2025-06-21,46.052,199.37,9181.39,SETTLED
T0003994,A00147,I0003,SELL,2025-03-31,16.785,116.79,1960.32,SETTLED
T0003995,A00147,I0022,BUY,2026-06-17,40.369,206.68,8343.46,SETTLED
T0003996,A00147,I0041,SELL,2025-09-24,49.134,485.05,23832.45,SETTLED
T0003997,A00147,I0035,BUY,2026-08-11,54.653,569.37,31117.78,SETTLED
T0003998,A00147,I0069,SELL,2026-02-04,44.605,1121.93,50043.69,SETTLED
T0003999,A00147,I0055,BUY,2026-05-25,38.021,54.1,2056.94,SETTLED
T0004000,A00148,I0050,BUY,2025-07-05,43.404,115.75,5024.01,SETTLED
T0004001,A00148,I0070,SELL,2026-08-11,4.575,666.7,3050.15,SETTLED
T0004002,A00148,I0003,BUY,2026-08-07,12.37,158.08,1955.45,SETTLED
T0004003,A00148,I0010,BUY,2026-02-15,45.815,1529.76,70085.95,SETTLED
T0004004,A00148,I0064,SELL,2026-02-03,22.028,1043.62,22988.86,SETTLED
T0004005,A00148,I0013,SELL,2025-10-01,7.348,2628.54,19314.51,SETTLED
T0004006,A00148,I0049,DIVIDEND,2025-03-02,0,0,3473.24,SETTLED
T0004007,A00148,I0013,DIVIDEND,2025-11-18,0,0,3186.76,SETTLED
T0004008,A00148,I0024,BUY,2026-04-01,30.538,307.94,9403.87,SETTLED
T0004009,A00148,I0015,BUY,2026-04-14,40.476,1687.16,68289.49,SETTLED
T0004010,A00148,I0046,BUY,2025-05-05,23.326,104.84,2445.5,SETTLED
T0004011,A00148,I0047,BUY,2025-11-18,29.973,52.91,1585.87,SETTLED
T0004012,A00148,I0025,BUY,2025-01-29,69.875,726.77,50783.05,SETTLED
T0004013,A00148,I0006,BUY,2025-12-13,46.318,1141.52,52872.92,SETTLED
T0004014,A00148,I0011,BUY,2025-12-19,32.605,2091.29,68186.51,SETTLED
T0004015,A00148,I0076,BUY,2026-08-23,3.687,444.17,1637.65,SETTLED
T0004016,A00148,I0012,DIVIDEND,2026-01-25,0,0,2369.63,SETTLED
T0004017,A00148,I0078,SELL,2025-01-08,42.173,84.23,3552.23,SETTLED
T0004018,A00148,I0072,SELL,2026-03-22,7.943,984.47,7819.65,SETTLED
T0004019,A00148,I0011,BUY,2026-04-10,15.212,2569.46,39086.63,SETTLED
T0004020,A00148,I0013,SELL,2026-06-04,12.133,2597.09,31510.49,SETTLED
T0004021,A00148,I0050,SELL,2026-07-03,10.414,111.67,1162.93,SETTLED
T0004022,A00148,I0068,SELL,2026-01-22,7.843,1120.96,8791.69,SETTLED
T0004023,A00148,I0075,BUY,2026-08-18,64.744,155.71,10081.29,SETTLED
T0004024,A00148,I0010,BUY,2026-01-15,62.011,1653.84,102556.27,SETTLED
T0004025,A00149,I0066,SELL,2025-01-20,39.01,1102.46,43006.96,SETTLED
T0004026,A00149,I0063,BUY,2025-10-17,28.384,1053.49,29902.26,SETTLED
T0004027,A00149,I0070,BUY,2026-06-24,53.374,777.51,41498.82,SETTLED
T0004028,A00149,I0030,BUY,2026-09-07,33.992,1939.94,65942.44,SETTLED
T0004029,A00149,I0055,SELL,2025-04-16,30.377,53.93,1638.23,SETTLED
T0004030,A00149,I0008,BUY,2026-08-07,11.546,179.3,2070.2,SETTLED
T0004031,A00149,I0059,BUY,2026-07-24,69.052,188.09,12987.99,SETTLED
T0004032,A00149,I0024,BUY,2025-03-20,71.386,213.4,15233.77,SETTLED
T0004033,A00149,I0034,BUY,2025-01-21,20.087,98.61,1980.78,SETTLED
T0004034,A00149,I0079,FEE,2025-04-07,0,0,100.8,PENDING
T0004035,A00149,I0025,BUY,2025-09-29,14.304,660.62,9449.51,SETTLED
T0004036,A00149,I0074,BUY,2026-01-07,2.066,97.72,201.89,SETTLED
T0004037,A00149,I0020,BUY,2025-06-26,57.136,872.19,49833.45,SETTLED
T0004038,A00150,I0044,DIVIDEND,2026-06-25,0,0,3395.69,SETTLED
T0004039,A00150,I0004,SELL,2026-09-08,2.563,937.44,2402.66,SETTLED
T0004040,A00150,I0032,SELL,2025-12-25,60.84,1679.2,102162.53,SETTLED
T0004041,A00150,I0004,DIVIDEND,2025-10-26,0,0,4191.47,SETTLED
T0004042,A00150,I0015,DIVIDEND,2026-05-14,0,0,506.12,SETTLED
T0004043,A00150,I0035,SELL,2026-05-15,53.428,770.11,41145.44,SETTLED
T0004044,A00150,I0072,SELL,2025-12-31,12.769,1144.38,14612.59,SETTLED
T0004045,A00150,I0074,BUY,2026-07-11,73.079,89.0,6504.03,SETTLED
T0004046,A00150,I0057,BUY,2025-04-16,19.771,216.13,4273.11,SETTLED
T0004047,A00150,I0025,SELL,2026-03-21,38.363,617.71,23697.21,SETTLED
T0004048,A00150,I0022,SELL,2026-08-10,65.925,206.43,13608.9,SETTLED
T0004049,A00150,I0057,BUY,2026-02-26,50.014,138.81,6942.44,SETTLED
T0004050,A00150,I0069,BUY,2025-08-18,58.327,846.16,49353.97,SETTLED
T0004051,A00150,I0026,BUY,2026-07-28,62.847,68.81,4324.5,SETTLED
T0004052,A00150,I0022,SELL,2025-05-16,53.124,319.23,16958.77,SETTLED
T0004053,A00150,I0066,BUY,2025-03-21,25.385,979.5,24864.61,SETTLED
T0004054,A00150,I0008,BUY,2025-01-19,68.223,181.86,12407.03,SETTLED
T0004055,A00150,I0063,SELL,2025-02-20,27.35,664.26,18167.51,SETTLED
T0004056,A00150,I0063,BUY,2025-09-22,8.665,1058.38,9170.86,SETTLED
T0004057,A00150,I0009,DIVIDEND,2025-03-10,0,0,876.46,SETTLED
T0004058,A00150,I0037,SELL,2025-06-03,56.629,219.5,12430.07,SETTLED
T0004059,A00150,I0076,FEE,2025-11-12,0,0,255.76,SETTLED
T0004060,A00150,I0071,BUY,2026-06-23,67.235,1065.71,71653.01,SETTLED
T0004061,A00150,I0026,BUY,2025-09-27,39.468,79.09,3121.52,SETTLED
T0004062,A00150,I0031,SELL,2025-03-30,53.11,1498.31,79575.24,SETTLED
T0004063,A00150,I0023,BUY,2026-08-27,50.293,669.63,33677.7,SETTLED
T0004064,A00150,I0023,BUY,2026-05-28,72.431,608.03,44040.22,SETTLED
T0004065,A00150,I0037,BUY,2026-03-21,56.04,264.82,14840.51,PENDING
T0004066,A00150,I0028,BUY,2025-12-21,37.473,500.63,18760.11,SETTLED
T0004067,A00150,I0006,SELL,2026-09-08,74.509,1504.09,112068.24,SETTLED
T0004068,A00150,I0020,SELL,2025-09-02,10.368,742.65,7699.8,SETTLED
T0004069,A00151,I0053,BUY,2025-02-10,57.363,12.6,722.77,SETTLED
T0004070,A00151,I0025,DIVIDEND,2025-11-20,0,0,410.14,SETTLED
T0004071,A00151,I0049,SELL,2026-04-30,48.326,17.57,849.09,SETTLED
T0004072,A00151,I0029,BUY,2025-10-07,52.487,178.76,9382.58,SETTLED
T0004073,A00151,I0048,BUY,2026-07-31,13.85,134.46,1862.27,SETTLED
T0004074,A00151,I0006,SELL,2026-02-14,12.293,1742.84,21424.73,SETTLED
T0004075,A00151,I0049,BUY,2026-01-25,24.89,17.01,423.38,SETTLED
T0004076,A00151,I0014,BUY,2025-06-09,29.614,2597.24,76914.67,SETTLED
T0004077,A00151,I0010,FEE,2025-07-12,0,0,472.66,SETTLED
T0004078,A00151,I0042,BUY,2026-03-22,13.36,241.91,3231.92,SETTLED
T0004079,A00151,I0038,SELL,2026-09-09,14.33,149.5,2142.34,SETTLED
T0004080,A00151,I0005,BUY,2026-09-17,74.595,567.79,42354.3,SETTLED
T0004081,A00151,I0045,SELL,2026-03-01,38.65,52.13,2014.82,SETTLED
T0004082,A00151,I0018,SELL,2025-04-21,42.72,1347.84,57579.72,SETTLED
T0004083,A00151,I0004,FEE,2025-08-28,0,0,193.46,SETTLED
T0004084,A00151,I0027,BUY,2025-07-09,15.01,1535.86,23053.26,SETTLED
T0004085,A00151,I0073,SELL,2025-07-28,35.733,181.22,6475.53,SETTLED
T0004086,A00151,I0053,BUY,2025-01-07,2.762,9.5,26.24,SETTLED
T0004087,A00151,I0010,SELL,2026-05-30,28.575,2152.36,61503.69,SETTLED
T0004088,A00151,I0009,DIVIDEND,2026-05-19,0,0,3240.52,SETTLED
T0004089,A00151,I0013,SELL,2026-05-23,19.219,2063.72,39662.63,PENDING
T0004090,A00151,I0058,BUY,2025-02-07,19.711,20.24,398.95,SETTLED
T0004091,A00151,I0068,BUY,2026-01-07,3.77,1102.28,4155.6,SETTLED
T0004092,A00151,I0066,SELL,2026-01-12,3.324,945.03,3141.28,SETTLED
T0004093,A00151,I0007,BUY,2025-04-17,40.048,375.32,15030.82,SETTLED
T0004094,A00151,I0025,SELL,2025-03-16,66.702,660.65,44066.68,SETTLED
T0004095,A00151,I0007,BUY,2025-12-09,6.249,321.22,2007.3,SETTLED
T0004096,A00151,I0067,BUY,2025-04-25,51.384,1005.21,51651.71,SETTLED
T0004097,A00151,I0078,SELL,2025-04-07,67.014,111.04,7441.23,PENDING
T0004098,A00151,I0070,SELL,2026-07-07,43.891,629.72,27639.04,SETTLED
T0004099,A00151,I0048,BUY,2026-08-26,40.113,199.43,7999.74,SETTLED
T0004100,A00151,I0061,BUY,2026-09-07,35.004,1033.16,36164.73,SETTLED
T0004101,A00151,I0012,BUY,2025-03-06,64.241,818.24,52564.56,SETTLED
T0004102,A00151,I0012,SELL,2026-06-10,8.045,883.08,7104.38,SETTLED
T0004103,A00151,I0033,BUY,2025-08-08,49.2,190.27,9361.28,SETTLED
T0004104,A00152,I0003,BUY,2025-05-21,29.475,122.21,3602.14,REVERSED
T0004105,A00152,I0061,BUY,2026-02-27,33.208,1016.38,33751.95,SETTLED
T0004106,A00152,I0027,BUY,2025-11-05,14.164,1746.73,24740.68,SETTLED
T0004107,A00152,I0036,BUY,2025-11-26,41.632,362.79,15103.67,SETTLED
T0004108,A00152,I0068,BUY,2025-05-09,43.664,1076.93,47023.07,SETTLED
T0004109,A00152,I0004,BUY,2025-05-30,3.722,899.58,3348.24,SETTLED
T0004110,A00152,I0066,BUY,2025-11-11,16.887,996.53,16828.4,SETTLED
T0004111,A00152,I0033,SELL,2025-12-17,16.567,202.26,3350.84,SETTLED
T0004112,A00152,I0052,SELL,2026-02-10,61.477,109.2,6713.29,SETTLED
T0004113,A00152,I0066,DIVIDEND,2025-05-23,0,0,2666.52,SETTLED
T0004114,A00152,I0032,SELL,2025-12-01,1.343,2430.73,3264.47,SETTLED
T0004115,A00152,I0001,SELL,2025-08-03,21.775,667.07,14525.45,SETTLED
T0004116,A00152,I0073,BUY,2026-05-27,60.383,125.14,7556.33,SETTLED
T0004117,A00152,I0021,SELL,2026-08-12,19.065,219.05,4176.19,SETTLED
T0004118,A00152,I0072,FEE,2026-08-30,0,0,75.37,SETTLED
T0004119,A00152,I0049,BUY,2026-08-01,8.491,26.25,222.89,SETTLED
T0004120,A00152,I0076,DIVIDEND,2025-06-19,0,0,4203.94,SETTLED
T0004121,A00152,I0024,BUY,2025-01-17,1.884,202.03,380.62,SETTLED
T0004122,A00152,I0049,SELL,2025-06-02,13.31,25.63,341.14,SETTLED
T0004123,A00152,I0007,FEE,2026-07-15,0,0,47.71,SETTLED
T0004124,A00152,I0024,FEE,2025-07-23,0,0,32.31,SETTLED
T0004125,A00152,I0002,BUY,2025-03-04,44.297,2679.31,118685.4,SETTLED
T0004126,A00152,I0050,BUY,2025-03-06,61.367,91.77,5631.65,SETTLED
T0004127,A00152,I0028,BUY,2025-05-13,25.579,382.38,9780.9,SETTLED
T0004128,A00152,I0059,BUY,2025-05-14,8.411,161.27,1356.44,SETTLED
T0004129,A00152,I0031,SELL,2026-08-09,15.652,1138.37,17817.77,SETTLED
T0004130,A00152,I0001,SELL,2025-04-17,32.989,758.54,25023.48,SETTLED
T0004131,A00152,I0008,FEE,2025-05-18,0,0,346.74,SETTLED
T0004132,A00152,I0067,BUY,2025-05-20,8.438,614.56,5185.66,SETTLED
T0004133,A00152,I0071,SELL,2026-08-31,9.193,885.18,8137.46,SETTLED
T0004134,A00153,I0008,SELL,2025-11-07,12.843,170.62,2191.27,SETTLED
T0004135,A00153,I0080,DIVIDEND,2026-07-06,0,0,4301.09,SETTLED
T0004136,A00153,I0031,BUY,2025-06-14,53.648,1258.17,67498.3,SETTLED
T0004137,A00153,I0013,DIVIDEND,2026-06-30,0,0,1758.25,SETTLED
T0004138,A00153,I0063,BUY,2026-07-27,57.954,1074.23,62255.93,SETTLED
T0004139,A00153,I0041,SELL,2025-06-17,14.624,405.89,5935.74,SETTLED
T0004140,A00153,I0070,SELL,2026-07-17,3.971,870.5,3456.76,SETTLED
T0004141,A00153,I0045,BUY,2026-05-10,7.005,50.9,356.55,SETTLED
T0004142,A00153,I0068,BUY,2026-05-08,57.417,1348.95,77452.66,SETTLED
T0004143,A00153,I0043,SELL,2026-09-11,46.374,41.03,1902.73,SETTLED
T0004144,A00153,I0076,SELL,2025-09-30,26.241,554.86,14560.08,SETTLED
T0004145,A00153,I0007,BUY,2026-09-17,32.527,397.35,12924.6,SETTLED
T0004146,A00153,I0072,BUY,2025-01-25,48.264,1002.0,48360.53,SETTLED
T0004147,A00153,I0016,SELL,2025-03-04,40.537,1061.87,43045.02,PENDING
T0004148,A00153,I0002,FEE,2025-11-29,0,0,364.23,SETTLED
T0004149,A00153,I0073,SELL,2026-04-27,31.169,161.14,5022.57,SETTLED
T0004150,A00153,I0022,FEE,2025-02-25,0,0,422.16,SETTLED
T0004151,A00153,I0016,BUY,2025-10-07,62.063,1466.63,91023.46,SETTLED
T0004152,A00153,I0025,BUY,2025-03-17,28.782,728.88,20978.62,SETTLED
T0004153,A00153,I0078,SELL,2025-01-19,12.912,133.75,1726.98,SETTLED
T0004154,A00153,I0013,BUY,2026-01-04,37.698,1931.36,72808.41,SETTLED
T0004155,A00153,I0013,BUY,2025-09-14,14.508,1900.95,27578.98,SETTLED
T0004156,A00153,I0064,BUY,2026-03-04,24.387,706.7,17234.29,SETTLED
T0004157,A00153,I0022,SELL,2025-09-13,33.077,190.82,6311.75,SETTLED
T0004158,A00153,I0053,FEE,2025-10-21,0,0,174.18,SETTLED
T0004159,A00153,I0033,BUY,2025-04-11,43.878,253.9,11140.62,SETTLED
T0004160,A00153,I0075,SELL,2025-10-25,3.151,155.3,489.35,SETTLED
T0004161,A00153,I0030,BUY,2026-04-16,62.638,2136.06,133798.53,SETTLED
T0004162,A00153,I0020,SELL,2025-02-13,43.775,716.36,31358.66,SETTLED
T0004163,A00153,I0051,SELL,2025-02-17,49.691,150.26,7466.57,SETTLED
T0004164,A00154,I0055,DIVIDEND,2026-05-19,0,0,3077.19,SETTLED
T0004165,A00154,I0059,SELL,2025-10-30,62.034,194.21,12047.62,PENDING
T0004166,A00154,I0034,BUY,2025-07-31,53.396,133.0,7101.67,SETTLED
T0004167,A00154,I0047,SELL,2026-04-12,4.432,88.5,392.23,SETTLED
T0004168,A00154,I0016,SELL,2025-08-09,50.998,1316.68,67148.05,SETTLED
T0004169,A00154,I0075,SELL,2025-02-09,39.718,245.69,9758.32,SETTLED
T0004170,A00154,I0053,DIVIDEND,2025-09-07,0,0,4375.98,SETTLED
T0004171,A00154,I0034,SELL,2026-06-24,3.188,118.29,377.11,SETTLED
T0004172,A00154,I0024,FEE,2025-06-25,0,0,428.23,SETTLED
T0004173,A00154,I0002,SELL,2025-11-25,46.405,2898.62,134510.46,SETTLED
T0004174,A00154,I0053,SELL,2025-12-20,19.203,9.19,176.48,SETTLED
T0004175,A00154,I0066,SELL,2026-01-04,32.586,1286.24,41913.42,SETTLED
T0004176,A00154,I0072,FEE,2026-06-07,0,0,449.94,SETTLED
T0004177,A00154,I0038,SELL,2026-07-16,1.654,189.48,313.4,REVERSED
T0004178,A00154,I0052,DIVIDEND,2025-10-26,0,0,2670.57,SETTLED
T0004179,A00154,I0053,BUY,2026-09-04,16.281,12.1,197.0,SETTLED
T0004180,A00154,I0068,SELL,2025-09-27,7.126,1024.64,7301.58,SETTLED
T0004181,A00154,I0072,BUY,2026-04-12,41.134,615.15,25303.58,SETTLED
T0004182,A00154,I0075,SELL,2026-09-14,3.283,214.26,703.42,SETTLED
T0004183,A00154,I0037,BUY,2026-07-21,55.043,194.13,10685.5,SETTLED
T0004184,A00154,I0010,BUY,2025-06-20,50.093,1573.23,78807.81,SETTLED
T0004185,A00154,I0001,BUY,2025-08-08,52.697,812.54,42818.42,SETTLED
T0004186,A00154,I0025,BUY,2026-02-08,43.712,822.83,35967.54,SETTLED
T0004187,A00154,I0039,BUY,2026-04-22,23.973,80.72,1935.1,SETTLED
T0004188,A00154,I0004,BUY,2025-01-13,42.122,1231.46,51871.56,SETTLED
T0004189,A00154,I0042,BUY,2026-09-16,1.76,279.25,491.48,SETTLED
T0004190,A00154,I0050,SELL,2025-09-18,53.062,67.59,3586.46,SETTLED
T0004191,A00154,I0042,SELL,2026-07-15,18.788,282.79,5313.06,SETTLED
T0004192,A00154,I0055,BUY,2025-03-19,36.437,58.25,2122.46,SETTLED
T0004193,A00154,I0007,BUY,2025-08-09,19.353,595.58,11526.26,SETTLED
T0004194,A00154,I0046,SELL,2026-01-09,52.417,92.66,4856.96,SETTLED
T0004195,A00154,I0045,SELL,2025-06-15,35.587,89.06,3169.38,SETTLED
T0004196,A00154,I0074,FEE,2025-10-14,0,0,444.16,SETTLED
T0004197,A00154,I0021,SELL,2026-05-05,11.054,199.57,2206.05,SETTLED
T0004198,A00155,I0007,BUY,2025-11-20,40.809,536.33,21887.09,SETTLED
T0004199,A00155,I0025,SELL,2025-01-30,10.162,936.42,9515.9,SETTLED
T0004200,A00155,I0022,BUY,2026-04-10,11.191,253.34,2835.13,SETTLED
T0004201,A00155,I0057,SELL,2025-11-10,50.132,154.32,7736.37,SETTLED
T0004202,A00155,I0038,FEE,2025-04-27,0,0,429.56,SETTLED
T0004203,A00155,I0063,SELL,2026-04-08,31.951,991.71,31686.13,SETTLED
T0004204,A00155,I0006,SELL,2025-02-27,51.929,1074.33,55788.88,SETTLED
T0004205,A00155,I0059,SELL,2025-12-26,43.718,122.5,5355.46,SETTLED
T0004206,A00155,I0043,SELL,2026-08-20,40.823,41.75,1704.36,SETTLED
T0004207,A00155,I0030,BUY,2025-06-29,59.548,1411.93,84077.61,SETTLED
T0004208,A00155,I0025,DIVIDEND,2025-05-22,0,0,3577.0,SETTLED
T0004209,A00155,I0074,BUY,2025-09-30,19.409,119.51,2319.57,SETTLED
T0004210,A00155,I0077,BUY,2026-06-01,42.183,83.74,3532.4,SETTLED
T0004211,A00155,I0029,BUY,2025-05-04,44.113,208.75,9208.59,SETTLED
T0004212,A00155,I0010,SELL,2026-03-09,36.468,1824.21,66525.29,SETTLED
T0004213,A00155,I0049,DIVIDEND,2025-06-10,0,0,3263.56,SETTLED
T0004214,A00155,I0010,FEE,2025-04-26,0,0,234.67,SETTLED
T0004215,A00155,I0002,BUY,2025-07-05,57.792,2064.22,119295.4,SETTLED
T0004216,A00155,I0050,SELL,2025-09-06,2.883,72.2,208.15,SETTLED
T0004217,A00155,I0005,SELL,2025-07-05,49.1,385.75,18940.33,SETTLED
T0004218,A00155,I0031,BUY,2025-10-24,45.803,1639.18,75079.36,SETTLED
T0004219,A00155,I0023,SELL,2026-07-13,2.926,516.3,1510.69,PENDING
T0004220,A00155,I0079,FEE,2025-12-08,0,0,473.74,SETTLED
T0004221,A00155,I0064,SELL,2025-09-03,17.3,1101.73,19059.93,SETTLED
T0004222,A00155,I0080,BUY,2026-03-06,38.902,78.29,3045.64,PENDING
T0004223,A00155,I0026,BUY,2025-09-27,54.871,107.03,5872.84,SETTLED
T0004224,A00155,I0053,BUY,2026-01-22,69.962,14.12,987.86,SETTLED
T0004225,A00155,I0032,SELL,2025-04-24,66.773,2788.29,186182.49,SETTLED
T0004226,A00155,I0079,FEE,2026-02-06,0,0,43.68,SETTLED
T0004227,A00155,I0021,SELL,2025-12-11,73.371,218.73,16048.44,SETTLED
T0004228,A00155,I0031,SELL,2026-05-21,8.782,1066.13,9362.75,SETTLED
T0004229,A00155,I0009,SELL,2026-09-08,13.987,967.07,13526.41,SETTLED
T0004230,A00155,I0072,SELL,2025-06-03,1.584,1151.51,1823.99,SETTLED
T0004231,A00155,I0042,BUY,2026-04-28,71.539,294.37,21058.94,PENDING
T0004232,A00155,I0004,BUY,2025-09-20,45.404,1251.56,56825.83,SETTLED
T0004233,A00156,I0031,BUY,2026-01-23,11.177,1617.49,18078.69,SETTLED
T0004234,A00156,I0069,SELL,2025-02-24,67.076,985.16,66080.59,SETTLED
T0004235,A00156,I0006,BUY,2025-04-22,3.963,1256.67,4980.18,REVERSED
T0004236,A00156,I0064,BUY,2026-08-27,49.634,1048.16,52024.37,SETTLED
T0004237,A00156,I0073,SELL,2025-10-10,4.456,130.78,582.76,SETTLED
T0004238,A00156,I0022,SELL,2025-02-14,51.006,322.71,16460.15,SETTLED
T0004239,A00156,I0029,FEE,2026-05-20,0,0,59.44,SETTLED
T0004240,A00156,I0034,FEE,2026-09-11,0,0,18.18,SETTLED
T0004241,A00156,I0069,BUY,2026-03-06,40.273,1007.4,40571.02,SETTLED
T0004242,A00156,I0052,BUY,2025-11-07,36.609,124.39,4553.79,SETTLED
T0004243,A00156,I0075,DIVIDEND,2025-04-19,0,0,2939.55,SETTLED
T0004244,A00156,I0028,BUY,2025-10-10,37.085,443.85,16460.18,SETTLED
T0004245,A00156,I0060,BUY,2026-08-09,68.837,99.73,6865.11,SETTLED
T0004246,A00156,I0007,BUY,2025-01-07,40.607,520.25,21125.79,SETTLED
T0004247,A00156,I0050,DIVIDEND,2025-04-24,0,0,1056.38,SETTLED
T0004248,A00156,I0035,BUY,2025-04-17,64.783,800.52,51860.09,SETTLED
T0004249,A00156,I0080,BUY,2025-11-19,30.755,70.42,2165.77,SETTLED
T0004250,A00156,I0023,BUY,2026-05-27,64.384,504.55,32484.95,SETTLED
T0004251,A00156,I0059,FEE,2026-06-26,0,0,223.77,SETTLED
T0004252,A00156,I0047,SELL,2025-06-16,31.578,52.6,1661.0,REVERSED
T0004253,A00156,I0036,SELL,2026-06-19,41.429,376.94,15616.25,SETTLED
T0004254,A00156,I0058,SELL,2025-07-07,7.742,23.28,180.23,SETTLED
T0004255,A00156,I0002,BUY,2026-07-19,59.522,2868.04,170711.48,SETTLED
T0004256,A00156,I0074,SELL,2026-03-18,11.819,93.09,1100.23,SETTLED
T0004257,A00156,I0018,SELL,2025-04-26,4.04,1364.38,5512.1,SETTLED
T0004258,A00156,I0068,FEE,2026-08-09,0,0,372.79,SETTLED
T0004259,A00156,I0009,BUY,2025-07-13,73.912,874.36,64625.7,SETTLED
T0004260,A00156,I0049,SELL,2025-12-26,67.435,18.23,1229.34,SETTLED
T0004261,A00156,I0060,BUY,2025-01-29,12.706,97.91,1244.04,SETTLED
T0004262,A00156,I0029,BUY,2025-01-05,73.818,163.49,12068.5,SETTLED
T0004263,A00156,I0029,BUY,2026-08-26,63.095,132.0,8328.54,SETTLED
T0004264,A00156,I0023,BUY,2026-03-22,47.49,490.34,23286.25,SETTLED
T0004265,A00156,I0075,DIVIDEND,2025-10-26,0,0,2994.1,SETTLED
T0004266,A00157,I0067,SELL,2025-04-19,31.999,722.62,23123.12,SETTLED
T0004267,A00157,I0021,BUY,2025-03-08,20.037,331.56,6643.47,SETTLED
T0004268,A00157,I0016,BUY,2026-06-02,13.236,1665.28,22041.65,SETTLED
T0004269,A00157,I0002,BUY,2025-09-03,35.275,2727.71,96219.97,SETTLED
T0004270,A00157,I0071,BUY,2025-09-10,71.607,572.23,40975.67,SETTLED
T0004271,A00157,I0041,BUY,2026-08-02,57.047,447.36,25520.55,SETTLED
T0004272,A00157,I0056,BUY,2025-12-08,42.734,83.04,3548.63,SETTLED
T0004273,A00157,I0053,SELL,2026-01-12,35.182,16.15,568.19,SETTLED
T0004274,A00157,I0059,FEE,2025-12-17,0,0,159.9,SETTLED
T0004275,A00157,I0011,BUY,2026-02-23,41.595,2283.61,94986.76,SETTLED
T0004276,A00157,I0058,FEE,2025-08-24,0,0,316.82,REVERSED
T0004277,A00157,I0003,SELL,2026-04-17,12.795,162.67,2081.36,SETTLED
T0004278,A00157,I0053,BUY,2025-10-11,24.031,12.04,289.33,SETTLED
T0004279,A00157,I0070,BUY,2025-01-22,35.099,892.0,31308.31,SETTLED
T0004280,A00157,I0036,SELL,2025-04-26,49.938,375.38,18745.73,SETTLED
T0004281,A00157,I0017,SELL,2025-04-25,29.176,1770.92,51668.36,SETTLED
T0004282,A00157,I0072,BUY,2025-08-13,3.446,661.54,2279.67,SETTLED
T0004283,A00157,I0043,SELL,2026-08-10,2.358,44.74,105.5,SETTLED
T0004284,A00157,I0034,SELL,2025-09-16,56.782,86.56,4915.05,SETTLED
T0004285,A00157,I0063,SELL,2026-07-20,4.613,624.55,2881.05,PENDING
T0004286,A00157,I0064,DIVIDEND,2026-04-19,0,0,2701.88,SETTLED
T0004287,A00157,I0049,DIVIDEND,2026-08-09,0,0,3074.93,SETTLED
T0004288,A00157,I0051,SELL,2025-03-05,26.009,90.25,2347.31,SETTLED
T0004289,A00157,I0051,BUY,2025-09-26,55.387,159.9,8856.38,SETTLED
T0004290,A00157,I0005,SELL,2025-10-13,44.212,627.01,27721.37,SETTLED
T0004291,A00157,I0079,BUY,2025-07-12,16.766,76.82,1287.96,SETTLED
T0004292,A00157,I0037,SELL,2025-11-27,53.455,280.96,15018.72,SETTLED
T0004293,A00157,I0039,BUY,2025-09-24,12.449,79.87,994.3,SETTLED
T0004294,A00157,I0059,BUY,2026-04-05,32.682,200.84,6563.85,SETTLED
T0004295,A00157,I0027,BUY,2025-01-31,36.74,1456.29,53504.09,SETTLED
T0004296,A00157,I0070,SELL,2025-08-02,7.326,661.51,4846.22,SETTLED
T0004297,A00157,I0049,BUY,2025-12-18,15.3,20.29,310.44,SETTLED
T0004298,A00157,I0052,BUY,2026-01-24,27.776,181.42,5039.12,SETTLED
T0004299,A00157,I0030,BUY,2026-01-11,40.734,2114.46,86130.41,SETTLED
T0004300,A00157,I0030,DIVIDEND,2025-01-18,0,0,2771.27,SETTLED
T0004301,A00157,I0012,SELL,2025-10-09,73.288,1017.85,74596.19,SETTLED
T0004302,A00157,I0025,BUY,2025-05-30,67.716,548.79,37161.86,SETTLED
T0004303,A00157,I0041,BUY,2025-09-28,20.213,478.32,9668.28,SETTLED
T0004304,A00157,I0051,BUY,2025-07-19,50.454,111.42,5621.58,SETTLED
T0004305,A00157,I0067,SELL,2026-01-27,65.112,628.1,40896.85,SETTLED
T0004306,A00157,I0020,BUY,2025-12-26,54.574,842.55,45981.32,REVERSED
T0004307,A00158,I0072,FEE,2026-05-13,0,0,105.88,SETTLED
T0004308,A00158,I0025,BUY,2025-11-03,54.295,950.16,51588.94,SETTLED
T0004309,A00158,I0012,BUY,2026-03-07,36.462,863.37,31480.2,SETTLED
T0004310,A00158,I0069,BUY,2025-05-19,19.553,897.78,17554.29,SETTLED
T0004311,A00158,I0045,BUY,2026-04-06,38.235,53.38,2040.98,SETTLED
T0004312,A00158,I0024,SELL,2025-02-09,12.661,225.75,2858.22,SETTLED
T0004313,A00158,I0001,BUY,2026-08-16,34.195,1127.67,38560.68,SETTLED
T0004314,A00158,I0071,FEE,2025-08-05,0,0,400.8,SETTLED
T0004315,A00158,I0054,SELL,2026-08-10,15.274,101.22,1546.03,SETTLED
T0004316,A00158,I0008,DIVIDEND,2025-05-01,0,0,2791.65,SETTLED
T0004317,A00158,I0049,BUY,2026-04-06,22.859,17.34,396.38,SETTLED
T0004318,A00158,I0077,BUY,2025-09-28,27.806,110.19,3063.94,SETTLED
T0004319,A00158,I0068,BUY,2026-05-28,52.411,972.05,50946.11,SETTLED
T0004320,A00158,I0002,SELL,2025-07-30,46.679,2262.36,105604.7,SETTLED
T0004321,A00159,I0014,BUY,2025-01-15,24.395,2428.51,59243.5,SETTLED
T0004322,A00159,I0042,BUY,2025-06-06,40.111,271.61,10894.55,SETTLED
T0004323,A00159,I0053,BUY,2025-08-13,4.476,11.15,49.91,SETTLED
T0004324,A00159,I0003,BUY,2026-06-17,28.969,165.39,4791.18,SETTLED
T0004325,A00159,I0021,BUY,2025-04-06,1.608,212.95,342.42,SETTLED
T0004326,A00159,I0073,SELL,2026-04-05,14.596,159.44,2327.19,SETTLED
T0004327,A00159,I0065,BUY,2025-04-26,23.887,1199.48,28651.98,SETTLED
T0004328,A00159,I0076,FEE,2026-05-30,0,0,444.39,SETTLED
T0004329,A00159,I0061,BUY,2026-02-13,46.243,743.49,34381.21,SETTLED
T0004330,A00159,I0003,SELL,2026-04-29,64.951,173.16,11246.92,SETTLED
T0004331,A00159,I0036,BUY,2026-02-07,18.288,470.96,8612.92,SETTLED
T0004332,A00159,I0007,DIVIDEND,2025-02-27,0,0,3141.41,SETTLED
T0004333,A00159,I0007,FEE,2025-07-27,0,0,382.17,SETTLED
T0004334,A00159,I0070,BUY,2025-10-19,26.681,674.79,18004.07,SETTLED
T0004335,A00159,I0019,DIVIDEND,2025-01-15,0,0,1775.32,SETTLED
T0004336,A00159,I0006,BUY,2025-06-06,36.111,1053.78,38053.05,SETTLED
T0004337,A00159,I0079,SELL,2026-05-19,25.564,87.79,2244.26,SETTLED
T0004338,A00159,I0033,DIVIDEND,2025-05-05,0,0,4114.65,SETTLED
T0004339,A00159,I0079,BUY,2025-11-28,64.578,87.38,5642.83,SETTLED
T0004340,A00159,I0054,BUY,2025-10-03,64.716,89.25,5775.9,PENDING
T0004341,A00159,I0013,SELL,2025-10-08,47.376,1472.01,69737.95,SETTLED
T0004342,A00159,I0030,SELL,2025-11-24,57.514,1559.18,89674.68,SETTLED
T0004343,A00159,I0017,FEE,2025-11-22,0,0,370.76,SETTLED
T0004344,A00159,I0029,BUY,2026-01-10,13.228,212.04,2804.87,SETTLED
T0004345,A00159,I0071,BUY,2025-01-12,32.926,1022.93,33680.99,SETTLED
T0004346,A00159,I0020,SELL,2026-03-17,63.102,941.19,59390.97,SETTLED
T0004347,A00159,I0062,SELL,2025-07-14,1.655,664.13,1099.14,SETTLED
T0004348,A00159,I0003,SELL,2025-12-15,67.723,139.93,9476.48,SETTLED
T0004349,A00159,I0063,BUY,2026-08-10,71.162,607.9,43259.38,SETTLED
T0004350,A00159,I0076,SELL,2026-04-01,19.842,348.96,6924.06,SETTLED
T0004351,A00159,I0074,BUY,2025-02-14,58.376,81.73,4771.07,SETTLED
T0004352,A00159,I0020,BUY,2026-08-07,48.765,861.37,42004.71,SETTLED
T0004353,A00159,I0074,FEE,2026-08-01,0,0,381.37,SETTLED
T0004354,A00159,I0067,BUY,2025-05-18,71.232,945.92,67379.77,SETTLED
T0004355,A00159,I0007,SELL,2026-07-13,51.876,459.81,23853.1,SETTLED
T0004356,A00159,I0049,FEE,2025-06-13,0,0,280.26,SETTLED
T0004357,A00159,I0052,SELL,2025-11-03,52.576,132.05,6942.66,SETTLED
T0004358,A00159,I0070,SELL,2026-03-19,42.579,572.79,24388.83,SETTLED
T0004359,A00159,I0073,SELL,2026-02-24,42.769,161.69,6915.32,SETTLED
T0004360,A00159,I0051,SELL,2025-03-21,43.376,140.36,6088.26,SETTLED
T0004361,A00160,I0006,SELL,2026-02-12,43.206,1756.05,75871.9,SETTLED
T0004362,A00160,I0078,BUY,2026-03-23,28.449,80.38,2286.73,SETTLED
T0004363,A00160,I0074,FEE,2026-08-02,0,0,341.35,SETTLED
T0004364,A00160,I0012,DIVIDEND,2025-11-24,0,0,3942.78,SETTLED
T0004365,A00160,I0012,BUY,2026-03-31,47.208,899.24,42451.32,SETTLED
T0004366,A00160,I0016,SELL,2026-04-30,71.421,1689.12,120638.64,SETTLED
T0004367,A00160,I0013,SELL,2025-05-09,55.934,1835.34,102657.91,SETTLED
T0004368,A00160,I0034,BUY,2026-06-10,12.204,131.51,1604.95,SETTLED
T0004369,A00160,I0077,BUY,2026-01-23,20.769,120.23,2497.06,SETTLED
T0004370,A00160,I0069,SELL,2025-06-10,28.185,878.44,24758.83,SETTLED
T0004371,A00160,I0021,BUY,2025-01-28,15.826,265.41,4200.38,SETTLED
T0004372,A00160,I0042,DIVIDEND,2025-08-04,0,0,3853.14,SETTLED
T0004373,A00160,I0006,FEE,2026-02-19,0,0,389.35,SETTLED
T0004374,A00160,I0014,BUY,2025-04-25,60.729,1973.79,119866.29,PENDING
T0004375,A00160,I0043,SELL,2025-02-05,63.748,43.5,2773.04,SETTLED
T0004376,A00160,I0006,BUY,2026-08-08,27.022,1068.6,28875.71,REVERSED
T0004377,A00160,I0022,FEE,2025-12-21,0,0,16.73,SETTLED
T0004378,A00160,I0030,SELL,2025-08-25,17.079,2235.13,38173.79,SETTLED
T0004379,A00160,I0032,SELL,2025-07-28,43.187,2664.09,115054.05,SETTLED
T0004380,A00160,I0045,SELL,2026-03-08,43.786,71.38,3125.44,SETTLED
T0004381,A00160,I0028,BUY,2026-07-21,5.193,386.58,2007.51,SETTLED
T0004382,A00160,I0051,BUY,2026-03-24,36.698,109.38,4014.03,SETTLED
T0004383,A00160,I0079,BUY,2026-07-07,27.559,101.8,2805.51,SETTLED
T0004384,A00160,I0066,DIVIDEND,2025-01-22,0,0,196.02,SETTLED
T0004385,A00161,I0001,SELL,2026-02-20,2.56,827.96,2119.58,SETTLED
T0004386,A00161,I0062,DIVIDEND,2025-06-02,0,0,4432.45,SETTLED
T0004387,A00161,I0049,SELL,2025-01-06,6.176,23.75,146.68,SETTLED
T0004388,A00161,I0079,BUY,2026-09-03,16.858,100.9,1700.97,SETTLED
T0004389,A00161,I0003,BUY,2025-11-07,30.686,162.37,4982.49,SETTLED
T0004390,A00161,I0066,BUY,2026-01-24,67.476,1250.87,84403.7,SETTLED
T0004391,A00161,I0046,SELL,2025-07-19,52.984,124.04,6572.14,SETTLED
T0004392,A00161,I0053,BUY,2026-04-15,46.469,11.6,539.04,SETTLED
T0004393,A00161,I0048,SELL,2025-05-06,44.602,113.21,5049.39,SETTLED
T0004394,A00161,I0064,BUY,2025-07-29,7.281,794.18,5782.42,SETTLED
T0004395,A00161,I0040,BUY,2025-09-08,73.437,484.6,35587.57,SETTLED
T0004396,A00161,I0065,BUY,2025-01-26,41.931,864.81,36262.35,SETTLED
T0004397,A00161,I0029,BUY,2026-04-09,68.969,201.55,13900.7,SETTLED
T0004398,A00161,I0023,BUY,2026-06-05,9.951,520.5,5179.5,SETTLED
T0004399,A00161,I0064,SELL,2026-01-21,60.352,1124.67,67876.08,PENDING
T0004400,A00161,I0067,BUY,2026-08-31,28.244,632.36,17860.38,SETTLED
T0004401,A00161,I0057,BUY,2025-11-01,19.279,116.86,2252.94,SETTLED
T0004402,A00161,I0023,BUY,2026-09-06,12.21,549.01,6703.41,SETTLED
T0004403,A00161,I0033,SELL,2026-05-08,62.98,262.59,16537.92,SETTLED
T0004404,A00161,I0051,BUY,2026-05-10,64.577,99.81,6445.43,SETTLED
T0004405,A00161,I0075,BUY,2026-07-01,24.35,263.92,6426.45,SETTLED
T0004406,A00161,I0006,SELL,2025-03-04,11.403,1070.21,12203.6,SETTLED
T0004407,A00161,I0053,BUY,2026-04-06,1.429,12.66,18.09,SETTLED
T0004408,A00161,I0039,BUY,2026-04-12,67.657,54.24,3669.72,SETTLED
T0004409,A00161,I0012,BUY,2025-08-06,38.167,603.47,23032.64,PENDING
T0004410,A00161,I0019,BUY,2025-02-27,22.912,2681.6,61440.82,SETTLED
T0004411,A00161,I0005,BUY,2026-03-12,59.078,571.65,33771.94,SETTLED
T0004412,A00161,I0047,BUY,2026-02-23,61.861,71.42,4418.11,SETTLED
T0004413,A00161,I0028,BUY,2026-09-07,40.729,638.58,26008.72,SETTLED
T0004414,A00162,I0014,SELL,2026-07-13,46.705,1915.0,89440.07,SETTLED
T0004415,A00162,I0037,SELL,2026-09-09,59.794,212.03,12678.12,SETTLED
T0004416,A00162,I0073,BUY,2026-07-04,54.17,168.2,9111.39,SETTLED
T0004417,A00162,I0078,DIVIDEND,2025-07-09,0,0,98.71,SETTLED
T0004418,A00162,I0073,BUY,2025-10-13,3.79,146.73,556.11,SETTLED
T0004419,A00162,I0040,BUY,2025-08-17,41.948,427.62,17937.8,SETTLED
T0004420,A00162,I0072,BUY,2025-02-01,11.827,840.35,9938.82,SETTLED
T0004421,A00162,I0009,SELL,2026-08-11,48.841,960.46,46909.83,SETTLED
T0004422,A00162,I0009,SELL,2025-04-29,65.783,859.97,56571.41,SETTLED
T0004423,A00162,I0058,BUY,2026-01-02,63.528,18.18,1154.94,SETTLED
T0004424,A00162,I0012,DIVIDEND,2025-09-11,0,0,4148.31,SETTLED
T0004425,A00162,I0076,BUY,2026-06-28,67.74,335.87,22751.83,SETTLED
T0004426,A00162,I0063,SELL,2025-10-26,12.784,904.78,11566.71,SETTLED
T0004427,A00162,I0005,DIVIDEND,2025-04-15,0,0,3322.18,PENDING
T0004428,A00162,I0039,BUY,2025-01-05,24.093,86.91,2093.92,SETTLED
T0004429,A00162,I0030,SELL,2025-05-24,65.529,1887.9,123712.2,SETTLED
T0004430,A00162,I0072,DIVIDEND,2026-03-01,0,0,2748.76,SETTLED
T0004431,A00162,I0038,BUY,2025-01-15,30.702,182.51,5603.42,SETTLED
T0004432,A00162,I0057,BUY,2025-08-14,14.799,220.68,3265.84,SETTLED
T0004433,A00162,I0031,BUY,2026-06-21,56.988,1333.04,75967.28,SETTLED
T0004434,A00162,I0024,BUY,2025-12-28,66.912,187.76,12563.4,SETTLED
T0004435,A00162,I0007,BUY,2026-05-29,19.22,419.97,8071.82,SETTLED
T0004436,A00162,I0045,BUY,2025-03-21,5.863,84.39,494.78,SETTLED
T0004437,A00162,I0011,SELL,2025-06-15,61.35,1515.27,92961.81,SETTLED
T0004438,A00163,I0049,SELL,2026-08-26,72.677,21.17,1538.57,SETTLED
T0004439,A00163,I0052,BUY,2026-03-25,15.385,186.57,2870.38,SETTLED
T0004440,A00163,I0006,BUY,2026-01-22,5.51,915.05,5041.93,SETTLED
T0004441,A00163,I0071,SELL,2026-01-04,24.76,868.02,21492.18,PENDING
T0004442,A00163,I0057,BUY,2025-09-19,42.233,210.0,8868.93,SETTLED
T0004443,A00163,I0064,BUY,2025-01-24,48.591,1074.2,52196.45,SETTLED
T0004444,A00163,I0027,BUY,2025-11-04,63.892,1316.25,84097.85,SETTLED
T0004445,A00163,I0026,DIVIDEND,2025-06-13,0,0,989.65,SETTLED
T0004446,A00163,I0028,DIVIDEND,2025-10-13,0,0,1560.9,SETTLED
T0004447,A00163,I0042,BUY,2026-01-14,69.187,223.44,15459.14,SETTLED
T0004448,A00163,I0053,BUY,2026-09-05,59.546,14.18,844.36,SETTLED
T0004449,A00163,I0065,DIVIDEND,2025-04-28,0,0,3798.7,PENDING
T0004450,A00163,I0064,BUY,2025-03-05,11.357,955.83,10855.36,SETTLED
T0004451,A00163,I0058,BUY,2026-02-13,70.873,18.48,1309.73,SETTLED
T0004452,A00163,I0078,SELL,2025-01-09,41.133,73.99,3043.43,SETTLED
T0004453,A00163,I0064,BUY,2026-01-03,26.098,1151.96,30063.85,SETTLED
T0004454,A00163,I0014,SELL,2026-08-17,26.442,2209.63,58427.04,SETTLED
T0004455,A00163,I0019,DIVIDEND,2026-02-16,0,0,1032.83,PENDING
T0004456,A00163,I0037,FEE,2025-05-15,0,0,80.55,SETTLED
T0004457,A00163,I0057,FEE,2025-07-14,0,0,388.08,SETTLED
T0004458,A00163,I0052,BUY,2025-06-06,39.764,153.86,6118.09,SETTLED
T0004459,A00163,I0049,BUY,2025-03-29,60.406,15.66,945.96,SETTLED
T0004460,A00163,I0041,DIVIDEND,2025-08-13,0,0,975.0,SETTLED
T0004461,A00164,I0047,BUY,2025-01-07,34.537,75.92,2622.05,SETTLED
T0004462,A00164,I0024,DIVIDEND,2025-01-09,0,0,2034.29,SETTLED
T0004463,A00164,I0041,BUY,2025-10-20,16.787,513.86,8626.17,SETTLED
T0004464,A00164,I0058,BUY,2025-04-15,35.708,22.42,800.57,SETTLED
T0004465,A00164,I0011,BUY,2025-08-31,74.212,1837.97,136399.43,SETTLED
T0004466,A00164,I0048,BUY,2026-06-13,32.667,185.77,6068.55,SETTLED
T0004467,A00164,I0055,SELL,2025-04-23,61.811,75.71,4679.71,SETTLED
T0004468,A00164,I0052,SELL,2026-03-02,9.117,189.19,1724.85,SETTLED
T0004469,A00164,I0054,DIVIDEND,2025-02-22,0,0,344.38,SETTLED
T0004470,A00164,I0020,SELL,2025-12-07,3.376,861.14,2907.21,SETTLED
T0004471,A00164,I0056,SELL,2026-06-01,25.757,88.25,2273.06,SETTLED
T0004472,A00164,I0015,FEE,2025-09-29,0,0,17.97,SETTLED
T0004473,A00164,I0080,SELL,2025-06-04,60.257,84.68,5102.56,SETTLED
T0004474,A00164,I0047,DIVIDEND,2025-06-14,0,0,144.39,SETTLED
T0004475,A00164,I0038,BUY,2025-11-27,48.111,154.36,7426.41,SETTLED
T0004476,A00164,I0064,BUY,2025-06-10,12.381,912.07,11292.34,SETTLED
T0004477,A00164,I0018,BUY,2025-06-16,58.682,1254.19,73598.38,SETTLED
T0004478,A00164,I0067,FEE,2026-07-10,0,0,157.37,SETTLED
T0004479,A00164,I0065,SELL,2025-11-15,46.653,928.32,43308.91,SETTLED
T0004480,A00164,I0058,SELL,2025-12-29,39.547,16.49,652.13,SETTLED
T0004481,A00165,I0038,SELL,2026-05-21,50.341,151.9,7646.8,SETTLED
T0004482,A00165,I0044,BUY,2025-03-03,46.93,58.55,2747.75,REVERSED
T0004483,A00165,I0059,BUY,2026-09-13,40.165,113.4,4554.71,SETTLED
T0004484,A00165,I0050,BUY,2026-08-03,60.621,96.67,5860.23,SETTLED
T0004485,A00165,I0001,FEE,2025-10-23,0,0,96.3,SETTLED
T0004486,A00165,I0066,SELL,2025-05-05,14.079,893.77,12583.39,SETTLED
T0004487,A00165,I0044,DIVIDEND,2025-04-04,0,0,2581.86,SETTLED
T0004488,A00165,I0073,SELL,2026-07-01,8.562,132.75,1136.61,SETTLED
T0004489,A00165,I0040,BUY,2025-05-20,37.886,348.75,13212.74,SETTLED
T0004490,A00165,I0012,DIVIDEND,2026-02-11,0,0,1222.09,SETTLED
T0004491,A00165,I0059,SELL,2025-12-21,71.975,212.23,15275.25,SETTLED
T0004492,A00165,I0029,BUY,2025-03-20,34.738,171.66,5963.13,SETTLED
T0004493,A00166,I0010,BUY,2025-02-09,5.389,2293.29,12358.54,SETTLED
T0004494,A00166,I0014,BUY,2026-01-29,50.079,2322.14,116290.45,SETTLED
T0004495,A00166,I0023,FEE,2026-09-15,0,0,364.68,SETTLED
T0004496,A00166,I0003,SELL,2025-05-03,46.356,133.67,6196.41,PENDING
T0004497,A00166,I0064,SELL,2025-02-05,15.845,891.14,14120.11,SETTLED
T0004498,A00166,I0078,BUY,2026-07-03,40.134,107.27,4305.17,SETTLED
T0004499,A00166,I0044,BUY,2025-06-17,47.946,55.03,2638.47,SETTLED
T0004500,A00166,I0006,BUY,2025-09-16,6.677,1319.89,8812.91,SETTLED
T0004501,A00166,I0075,DIVIDEND,2025-06-14,0,0,2789.25,SETTLED
T0004502,A00166,I0053,SELL,2026-07-11,34.942,13.88,484.99,SETTLED
T0004503,A00166,I0026,SELL,2026-09-15,52.724,92.2,4861.15,SETTLED
T0004504,A00166,I0069,BUY,2026-06-09,53.06,1239.64,65775.3,SETTLED
T0004505,A00166,I0061,BUY,2025-04-16,73.644,1378.99,101554.34,SETTLED
T0004506,A00166,I0077,BUY,2026-07-05,10.473,88.86,930.63,SETTLED
T0004507,A00166,I0038,BUY,2026-05-28,47.13,157.22,7409.78,SETTLED
T0004508,A00166,I0013,SELL,2025-08-23,47.534,2063.57,98089.74,SETTLED
T0004509,A00166,I0080,SELL,2026-06-11,4.469,92.92,415.26,SETTLED
T0004510,A00166,I0051,SELL,2025-01-19,16.835,157.22,2646.8,SETTLED
T0004511,A00166,I0048,SELL,2025-11-06,18.761,156.34,2933.09,SETTLED
T0004512,A00166,I0016,BUY,2026-06-07,16.805,1147.53,19284.24,SETTLED
T0004513,A00166,I0003,SELL,2026-01-11,61.389,127.44,7823.41,SETTLED
T0004514,A00166,I0038,BUY,2025-07-27,26.089,209.01,5452.86,SETTLED
T0004515,A00166,I0027,BUY,2025-03-24,30.199,1692.78,51120.26,SETTLED
T0004516,A00166,I0080,BUY,2026-02-26,5.674,73.38,416.36,SETTLED
T0004517,A00167,I0066,SELL,2025-07-19,74.441,1303.06,97001.09,SETTLED
T0004518,A00167,I0020,BUY,2025-06-21,27.26,649.33,17700.74,SETTLED
T0004519,A00167,I0007,BUY,2026-03-02,71.423,448.19,32011.07,SETTLED
T0004520,A00167,I0045,SELL,2026-05-16,59.843,79.14,4735.98,SETTLED
T0004521,A00167,I0036,FEE,2025-07-11,0,0,491.71,SETTLED
T0004522,A00167,I0032,SELL,2025-11-27,17.055,2458.03,41921.7,SETTLED
T0004523,A00167,I0052,SELL,2026-06-10,45.432,197.36,8966.46,PENDING
T0004524,A00167,I0070,BUY,2025-12-05,47.072,736.96,34690.18,PENDING
T0004525,A00167,I0040,SELL,2026-05-08,24.943,618.25,15421.01,SETTLED
T0004526,A00167,I0009,BUY,2025-10-06,74.516,749.2,55827.39,SETTLED
T0004527,A00167,I0037,BUY,2025-07-02,64.807,203.97,13218.68,SETTLED
T0004528,A00167,I0078,BUY,2025-04-03,8.489,118.06,1002.21,SETTLED
T0004529,A00167,I0061,BUY,2026-07-14,55.596,1403.96,78054.56,SETTLED
T0004530,A00167,I0058,DIVIDEND,2025-09-13,0,0,1252.53,SETTLED
T0004531,A00167,I0006,SELL,2025-05-14,27.34,1743.16,47657.99,SETTLED
T0004532,A00167,I0053,BUY,2026-08-07,57.774,11.17,645.34,SETTLED
T0004533,A00167,I0065,BUY,2025-05-09,71.996,771.98,55579.47,SETTLED
T0004534,A00167,I0070,BUY,2026-03-06,38.713,757.36,29319.68,SETTLED
T0004535,A00167,I0020,BUY,2026-03-05,39.049,900.27,35154.64,SETTLED
T0004536,A00167,I0007,BUY,2025-07-17,39.857,357.75,14258.84,SETTLED
T0004537,A00167,I0061,BUY,2025-05-27,35.83,998.75,35785.21,SETTLED
T0004538,A00167,I0066,BUY,2025-08-29,22.176,1058.92,23482.61,SETTLED
T0004539,A00167,I0080,BUY,2026-08-24,26.151,68.98,1803.9,SETTLED
T0004540,A00167,I0075,DIVIDEND,2026-01-20,0,0,2430.18,REVERSED
T0004541,A00167,I0055,BUY,2025-02-06,23.083,44.68,1031.35,SETTLED
T0004542,A00167,I0017,SELL,2025-11-22,2.229,2043.07,4554.0,SETTLED
T0004543,A00167,I0039,SELL,2026-08-25,72.154,49.85,3596.88,SETTLED
T0004544,A00167,I0009,DIVIDEND,2026-02-08,0,0,4325.1,SETTLED
T0004545,A00167,I0053,BUY,2026-08-05,55.211,10.22,564.26,SETTLED
T0004546,A00167,I0071,SELL,2026-07-27,21.068,929.79,19588.82,SETTLED
T0004547,A00167,I0030,SELL,2026-07-27,72.448,1590.85,115253.9,SETTLED
T0004548,A00167,I0005,DIVIDEND,2025-07-04,0,0,1769.52,SETTLED
T0004549,A00167,I0073,SELL,2025-09-18,48.897,113.81,5564.97,SETTLED
T0004550,A00167,I0037,BUY,2025-11-08,52.712,193.61,10205.57,SETTLED
T0000026,A00001,I0037,SELL,2025-10-18,59.148,282.12,16686.83,SETTLED
T0004551,A00001,I9999,BUY,2026-09-15,10,100,1000,SETTLED
T0004552,A00002,I0001,FEE,2026-08-22,0,0,-75,SETTLED
T0004553,A00003,I0002,BUY,2027-01-05,2,210,420,PENDING
